Sample,X(ms) [12.08.2026 16:46:29 040 UTC],"I1[%I17.0]","I2[%I17.1]","I3[%I17.2]","I4[%I17.3]","Q1[%Q4.0]","Q2[%Q4.1]","Q3[%Q4.2]","Q4[%Q4.3]"
234741,1786553426916.783759,0,0,1,0,0,1,0,0
234742,1786553426917.793446,0,0,1,0,0,1,0,0
234743,1786553426918.800034,0,0,1,0,0,1,0,0
234744,1786553426919.809122,0,0,1,0,0,1,0,0
234745,1786553426920.817812,0,0,1,0,0,1,0,0
234746,1786553426921.837000,0,0,1,0,0,1,0,0
234747,1786553426922.845889,0,0,1,0,0,1,0,0
234748,1786553426923.850775,0,0,1,0,0,1,0,0
234749,1786553426924.874964,0,0,1,0,0,1,0,0
234750,1786553426925.895851,0,0,1,0,0,1,0,0
234751,1786553426926.886036,0,0,1,0,0,1,0,0
234752,1786553426927.892525,0,0,1,0,0,1,0,0
234753,1786553426928.899814,0,0,1,0,0,1,0,0
234754,1786553426929.919302,0,0,1,0,0,1,0,0
234755,1786553426930.921189,0,0,1,0,0,1,0,0
234756,1786553426931.927876,0,0,1,0,0,1,0,0
234757,1786553426932.935563,0,0,1,0,0,1,0,0
234758,1786553426933.943751,0,0,1,0,0,1,0,0
234759,1786553426934.964842,0,0,1,0,0,1,0,0
234760,1786553426936.029735,0,0,1,0,0,1,0,0
234761,1786553426936.996818,0,0,1,0,0,1,0,0
234762,1786553426937.995403,0,0,1,0,0,1,0,0
234763,1786553426939.043195,0,0,1,0,0,1,0,0
234764,1786553426940.049184,0,0,1,0,0,1,0,0
234765,1786553426941.021269,0,0,1,0,0,1,0,0
234766,1786553426942.025655,0,0,1,0,0,1,0,0
234767,1786553426943.032642,0,0,1,0,0,1,0,0
234768,1786553426944.042329,0,0,1,0,0,1,0,0
234769,1786553426945.051518,0,0,1,0,0,1,0,0
234770,1786553426946.066806,0,0,1,0,0,1,0,0
234771,1786553426947.070694,0,0,1,0,0,1,0,0
234772,1786553426948.075581,0,0,1,0,0,1,0,0
234773,1786553426949.084769,0,0,1,0,0,1,0,0
234774,1786553426950.091156,0,0,1,0,0,1,0,0
234775,1786553426951.099744,0,0,1,0,0,1,0,0
234776,1786553426952.106831,0,0,1,0,0,1,0,0
234777,1786553426953.117218,0,0,1,0,0,1,0,0
234778,1786553426954.138607,0,0,1,0,0,1,0,0
234779,1786553426955.165097,0,0,1,0,0,1,0,0
234780,1786553426956.163585,0,0,1,0,0,1,0,0
234781,1786553426957.157271,0,0,1,0,0,1,0,0
234782,1786553426958.166058,0,0,1,0,0,1,0,0
234783,1786553426959.171246,0,0,1,0,0,1,0,0
234784,1786553426960.181035,0,0,1,0,0,1,0,0
234785,1786553426961.200124,0,0,1,0,0,1,0,0
234786,1786553426962.240614,0,0,1,0,0,1,0,0
234787,1786553426963.233698,0,0,1,0,0,1,0,0
234788,1786553426964.227183,0,0,1,0,0,1,0,0
234789,1786553426965.231070,0,0,1,0,0,1,0,0
234790,1786553426966.239357,0,0,1,0,0,1,0,0
234791,1786553426967.246044,0,0,1,0,0,1,0,0
234792,1786553426968.254031,0,0,1,0,0,1,0,0
234793,1786553426969.272619,0,0,1,0,0,1,0,0
234794,1786553426970.289807,0,0,1,0,0,1,0,0
234795,1786553426971.289396,0,0,1,0,0,1,0,0
234796,1786553426972.295284,0,0,1,0,0,1,0,0
234797,1786553426973.304172,0,0,1,0,0,1,0,0
234798,1786553426974.312360,0,0,1,0,0,1,0,0
234799,1786553426975.319049,0,0,1,0,0,1,0,0
234800,1786553426976.327136,0,0,1,0,0,1,0,0
234801,1786553426977.334623,0,0,1,0,0,1,0,0
234802,1786553426978.345810,0,0,1,0,0,1,0,0
234803,1786553426979.352097,0,0,1,0,0,1,0,0
234804,1786553426980.361285,0,0,1,0,0,1,0,0
234805,1786553426981.369074,0,0,1,0,0,1,0,0
234806,1786553426982.378362,0,0,1,0,0,1,0,0
234807,1786553426983.386349,0,0,1,0,0,1,0,0
234808,1786553426984.394437,0,0,1,0,0,1,0,0
234809,1786553426985.619846,0,0,1,0,0,1,0,0
234810,1786553426986.510524,0,0,1,0,0,1,0,0
234811,1786553426987.492510,0,0,1,0,0,1,0,0
234812,1786553426988.499798,0,0,1,0,0,1,0,0
234813,1786553426989.507586,0,0,1,0,0,1,0,0
234814,1786553426990.529074,0,0,1,0,0,1,0,0
234815,1786553426991.522861,0,0,1,0,0,1,0,0
234816,1786553426992.531647,0,0,1,0,0,1,0,0
234817,1786553426993.538836,0,0,1,0,0,1,0,0
234818,1786553426994.554624,0,0,1,0,0,1,0,0
234819,1786553426995.556910,0,0,1,0,0,1,0,0
234820,1786553426996.568298,0,0,1,0,0,1,0,0
234821,1786553426997.575284,0,0,1,0,0,1,0,0
234822,1786553426998.582471,0,0,1,0,0,1,0,0
234823,1786553426999.591159,0,0,1,0,0,1,0,0
234824,1786553427000.612647,0,0,1,0,0,1,0,0
234825,1786553427001.611733,0,0,1,0,0,1,0,0
234826,1786553427002.618523,0,0,1,0,0,1,0,0
234827,1786553427003.630111,0,0,1,0,0,1,0,0
234828,1786553427004.637599,0,0,1,0,0,1,0,0
234829,1786553427005.648086,0,0,1,0,0,1,0,0
234830,1786553427006.654674,0,0,1,0,0,1,0,0
234831,1786553427007.667162,0,0,1,0,0,1,0,0
234832,1786553427008.673351,0,0,1,0,0,1,0,0
234833,1786553427009.684939,0,0,1,0,0,1,0,0
234834,1786553427010.699228,0,0,1,0,0,1,0,0
234835,1786553427011.709316,0,0,1,0,0,1,0,0
234836,1786553427012.714203,0,0,1,0,0,1,0,0
234837,1786553427013.725990,0,0,1,0,0,1,0,0
234838,1786553427014.731178,0,0,1,0,0,1,0,0
234839,1786553427015.742667,0,0,1,0,0,1,0,0
234840,1786553427016.767955,0,0,1,0,0,1,0,0
234841,1786553427017.762243,0,0,1,0,0,1,0,0
234842,1786553427018.768930,0,0,1,0,0,1,0,0
234843,1786553427019.777117,0,0,1,0,0,1,0,0
234844,1786553427020.787506,0,0,1,0,0,1,0,0
234845,1786553427021.797094,0,0,1,0,0,1,0,0
234846,1786553427022.805082,0,0,1,0,0,1,0,0
234847,1786553427023.814672,0,0,1,0,0,1,0,0
234848,1786553427024.841260,0,0,1,0,0,1,0,0
234849,1786553427025.843248,0,0,1,0,0,1,0,0
234850,1786553427026.858936,0,0,1,0,0,1,0,0
234851,1786553427027.865523,0,0,1,0,0,1,0,0
234852,1786553427028.874411,0,0,1,0,0,1,0,0
234853,1786553427029.880198,0,0,1,0,0,1,0,0
234854,1786553427030.899986,0,0,1,0,0,1,0,0
234855,1786553427031.903173,0,0,1,0,0,1,0,0
234856,1786553427032.909361,0,0,1,0,0,1,0,0
234857,1786553427033.914448,0,0,1,0,0,1,0,0
234858,1786553427034.928937,0,0,1,0,0,1,0,0
234859,1786553427035.929723,0,0,1,0,0,1,0,0
234860,1786553427036.936412,0,0,1,0,0,1,0,0
234861,1786553427037.944699,0,0,1,0,0,1,0,0
234862,1786553427038.953486,0,0,1,0,0,1,0,0
234863,1786553427039.962074,0,0,1,0,0,1,0,0
234864,1786553427040.969862,0,0,1,0,0,1,0,0
234865,1786553427041.988050,0,0,1,0,0,1,0,0
234866,1786553427042.997438,0,0,1,0,0,1,0,0
234867,1786553427043.999425,0,0,1,0,0,1,0,0
234868,1786553427045.003412,0,0,1,0,0,1,0,0
234869,1786553427046.012099,0,0,1,0,0,1,0,0
234870,1786553427047.482227,0,0,1,0,0,1,0,0
234871,1786553427048.040476,0,0,1,0,0,1,0,0
234872,1786553427049.046663,0,0,1,0,0,1,0,0
234873,1786553427050.051051,0,0,1,0,0,1,0,0
234874,1786553427051.057039,0,0,1,0,0,1,0,0
234875,1786553427052.065327,0,0,1,0,0,1,0,0
234876,1786553427053.078416,0,0,1,0,0,1,0,0
234877,1786553427054.080303,0,0,1,0,0,1,0,0
234878,1786553427055.086191,0,0,1,0,0,1,0,0
234879,1786553427056.091578,0,0,1,0,0,1,0,0
234880,1786553427057.099164,0,0,1,0,0,1,0,0
234881,1786553427058.106552,0,0,1,0,0,1,0,0
234882,1786553427059.122439,0,0,1,0,0,1,0,0
234883,1786553427060.126724,0,0,1,0,0,1,0,0
234884,1786553427061.133411,0,0,1,0,0,1,0,0
234885,1786553427062.141199,0,0,1,0,0,1,0,0
234886,1786553427063.162688,0,0,1,0,0,1,0,0
234887,1786553427064.164075,0,0,1,0,0,1,0,0
234888,1786553427065.170063,0,0,1,0,0,1,0,0
234889,1786553427066.177551,0,0,1,0,0,1,0,0
234890,1786553427067.185338,0,0,1,0,0,1,0,0
234891,1786553427068.193726,0,0,1,0,0,1,0,0
234892,1786553427069.200813,0,0,1,0,0,1,0,0
234893,1786553427070.210000,0,0,1,0,0,1,0,0
234894,1786553427071.217989,0,0,1,0,0,1,0,0
234895,1786553427072.225975,0,0,1,0,0,1,0,0
234896,1786553427073.237263,0,0,1,0,0,1,0,0
234897,1786553427074.241849,0,0,1,0,0,1,0,0
234898,1786553427075.252238,0,0,1,0,0,1,0,0
234899,1786553427076.266927,0,0,1,0,0,1,0,0
234900,1786553427077.270314,0,0,1,0,0,1,0,0
234901,1786553427078.437815,0,0,1,0,0,1,0,0
234902,1786553427079.377597,0,0,1,0,0,1,0,0
234903,1786553427080.382482,0,0,1,0,0,1,0,0
234904,1786553427081.391671,0,0,1,0,0,1,0,0
234905,1786553427082.398459,0,0,1,0,0,1,0,0
234906,1786553427083.405745,0,0,1,0,0,1,0,0
234907,1786553427084.414732,0,0,1,0,0,1,0,0
234908,1786553427085.421922,0,0,1,0,0,1,0,0
234909,1786553427086.453911,0,0,1,0,0,1,0,0
234910,1786553427087.440198,0,0,1,0,0,1,0,0
234911,1786553427088.449085,0,0,1,0,0,1,0,0
234912,1786553427089.455173,0,0,1,0,0,1,0,0
234913,1786553427090.477162,0,0,1,0,0,1,0,0
234914,1786553427091.471545,0,0,1,0,0,1,0,0
234915,1786553427092.499835,0,0,1,0,0,1,0,0
234916,1786553427093.506623,0,0,1,0,0,1,0,0
234917,1786553427094.510512,0,0,1,0,0,1,0,0
234918,1786553427095.519498,0,0,1,0,0,1,0,0
234919,1786553427096.526388,0,0,1,0,0,1,0,0
234920,1786553427097.532476,0,0,1,0,0,1,0,0
234921,1786553427098.537762,0,0,1,0,0,1,0,0
234922,1786553427099.545451,0,0,1,0,0,1,0,0
234923,1786553427100.552438,0,0,1,0,0,1,0,0
234924,1786553427101.567127,0,0,1,0,0,1,0,0
234925,1786553427102.576314,0,0,1,0,0,1,0,0
234926,1786553427103.584603,0,0,1,0,0,1,0,0
234927,1786553427104.590991,0,0,1,0,0,1,0,0
234928,1786553427105.599680,0,0,1,0,0,1,0,0
234929,1786553427106.606067,0,0,1,0,0,1,0,0
234930,1786553427107.614953,0,0,1,0,0,1,0,0
234931,1786553427108.635041,0,0,1,0,0,1,0,0
234932,1786553427110.070167,0,0,1,0,0,1,0,0
234933,1786553427111.061954,0,0,1,0,0,1,0,0
234934,1786553427112.067342,0,0,1,0,0,1,0,0
234935,1786553427113.074330,0,0,1,0,0,1,0,0
234936,1786553427114.081417,0,0,1,0,0,1,0,0
234937,1786553427115.089605,0,0,1,0,0,1,0,0
234938,1786553427116.096894,0,0,1,0,0,1,0,0
234939,1786553427117.104780,0,0,1,0,0,1,0,0
234940,1786553427118.113166,0,0,1,0,0,1,0,0
234941,1786553427119.119555,0,0,1,0,0,1,0,0
234942,1786553427120.128044,0,0,1,0,0,1,0,0
234943,1786553427121.136531,0,0,1,0,0,1,0,0
234944,1786553427122.148619,0,0,1,0,0,1,0,0
234945,1786553427123.153206,0,0,1,0,0,1,0,0
234946,1786553427124.173395,0,0,1,0,0,1,0,0
234947,1786553427125.189983,0,0,1,0,0,1,0,0
234948,1786553427126.193770,0,0,1,0,0,1,0,0
234949,1786553427127.191356,0,0,1,0,0,1,0,0
234950,1786553427128.200043,0,0,1,0,0,1,0,0
234951,1786553427129.205629,0,0,1,0,0,1,0,0
234952,1786553427130.213517,0,0,1,0,0,1,0,0
234953,1786553427131.221406,0,0,1,0,0,1,0,0
234954,1786553427132.228395,0,0,1,0,0,1,0,0
234955,1786553427133.236782,0,0,1,0,0,1,0,0
234956,1786553427134.244070,0,0,1,0,0,1,0,0
234957,1786553427135.251759,0,0,1,0,0,1,0,0
234958,1786553427136.260146,0,0,1,0,0,1,0,0
234959,1786553427137.268633,0,0,1,0,0,1,0,0
234960,1786553427138.275621,0,0,1,0,0,1,0,0
234961,1786553427139.282809,0,0,1,0,0,1,0,0
234962,1786553427140.607523,0,0,1,0,0,1,0,0
234963,1786553427141.617511,0,0,1,0,0,1,0,0
234964,1786553427142.611896,0,0,1,0,0,1,0,0
234965,1786553427143.619083,0,0,1,0,0,1,0,0
234966,1786553427144.628071,0,0,1,0,0,1,0,0
234967,1786553427145.634260,0,0,1,0,0,1,0,0
234968,1786553427146.642148,0,0,1,0,0,1,0,0
234969,1786553427147.648135,0,0,1,0,0,1,0,0
234970,1786553427148.655824,0,0,1,0,0,1,0,0
234971,1786553427149.663313,0,0,1,0,0,1,0,0
234972,1786553427150.671700,0,0,1,0,0,1,0,0
234973,1786553427151.679389,0,0,1,0,0,1,0,0
234974,1786553427152.688177,0,0,1,0,0,1,0,0
234975,1786553427153.696663,0,0,1,0,0,1,0,0
234976,1786553427154.712652,0,0,1,0,0,1,0,0
234977,1786553427155.715538,0,0,1,0,0,1,0,0
234978,1786553427156.721125,0,0,1,0,0,1,0,0
234979,1786553427157.739914,0,0,1,0,0,1,0,0
234980,1786553427158.743000,0,0,1,0,0,1,0,0
234981,1786553427159.756588,0,0,1,0,0,1,0,0
234982,1786553427160.764775,0,0,1,0,0,1,0,0
234983,1786553427161.774162,0,0,1,0,0,1,0,0
234984,1786553427162.786451,0,0,1,0,0,1,0,0
234985,1786553427163.795339,0,0,1,0,0,1,0,0
234986,1786553427164.811526,0,0,1,0,0,1,0,0
234987,1786553427165.812913,0,0,1,0,0,1,0,0
234988,1786553427166.831699,0,0,1,0,0,1,0,0
234989,1786553427167.839587,0,0,1,0,0,1,0,0
234990,1786553427168.846675,0,0,1,0,0,1,0,0
234991,1786553427169.856064,0,0,1,0,0,1,0,0
234992,1786553427170.914857,0,0,1,0,0,1,0,0
234993,1786553427171.880240,0,0,1,0,0,1,0,0
234994,1786553427172.885428,0,0,1,0,0,1,0,0
234995,1786553427173.900917,0,0,1,0,0,1,0,0
234996,1786553427174.916206,0,0,1,0,0,1,0,0
234997,1786553427175.912790,0,0,1,0,0,1,0,0
234998,1786553427176.918577,0,0,1,0,0,1,0,0
234999,1786553427177.927165,0,0,1,0,0,1,0,0
235000,1786553427178.935252,0,0,1,0,0,1,0,0
235001,1786553427179.944239,0,0,1,0,0,1,0,0
235002,1786553427180.954427,0,0,1,0,0,1,0,0
235003,1786553427181.960915,0,0,1,0,0,1,0,0
235004,1786553427182.972603,0,0,1,0,0,1,0,0
235005,1786553427183.976990,0,0,1,0,0,1,0,0
235006,1786553427184.986977,0,0,1,0,0,1,0,0
235007,1786553427185.999966,0,0,1,0,0,1,0,0
235008,1786553427187.008253,0,0,1,0,0,1,0,0
235009,1786553427188.012541,0,0,1,0,0,1,0,0
235010,1786553427189.022828,0,0,1,0,0,1,0,0
235011,1786553427190.034316,0,0,1,0,0,1,0,0
235012,1786553427191.041405,0,0,1,0,0,1,0,0
235013,1786553427192.046892,0,0,1,0,0,1,0,0
235014,1786553427193.058280,0,0,1,0,0,1,0,0
235015,1786553427194.140074,0,0,1,0,0,1,0,0
235016,1786553427195.146960,0,0,1,0,0,1,0,0
235017,1786553427196.154147,0,0,1,0,0,1,0,0
235018,1786553427197.163134,0,0,1,0,0,1,0,0
235019,1786553427198.172221,0,0,1,0,0,1,0,0
235020,1786553427199.180608,0,0,1,0,0,1,0,0
235021,1786553427200.188297,0,0,1,0,0,1,0,0
235022,1786553427201.326998,0,0,1,0,0,1,0,0
235023,1786553427202.324084,0,0,1,0,0,1,0,0
235024,1786553427203.328672,0,0,1,0,0,1,0,0
235025,1786553427204.336459,0,0,1,0,0,1,0,0
235026,1786553427205.344447,0,0,1,0,0,1,0,0
235027,1786553427206.360436,0,0,1,0,0,1,0,0
235028,1786553427207.363925,0,0,1,0,0,1,0,0
235029,1786553427208.369712,0,0,1,0,0,1,0,0
235030,1786553427209.377499,0,0,1,0,0,1,0,0
235031,1786553427210.385787,0,0,1,0,0,1,0,0
235032,1786553427211.393875,0,0,1,0,0,1,0,0
235033,1786553427212.402662,0,0,1,0,0,1,0,0
235034,1786553427213.410148,0,0,1,0,0,1,0,0
235035,1786553427214.418936,0,0,1,0,0,1,0,0
235036,1786553427215.425725,0,0,1,0,0,1,0,0
235037,1786553427216.438813,0,0,1,0,0,1,0,0
235038,1786553427217.443399,0,0,1,0,0,1,0,0
235039,1786553427218.451287,0,0,1,0,0,1,0,0
235040,1786553427219.459874,0,0,1,0,0,1,0,0
235041,1786553427220.467061,0,0,1,0,0,1,0,0
235042,1786553427221.474349,0,0,1,0,0,1,0,0
235043,1786553427222.493839,0,0,1,0,0,1,0,0
235044,1786553427223.497425,0,0,1,0,0,1,0,0
235045,1786553427224.504913,0,0,1,0,0,1,0,0
235046,1786553427225.512701,0,0,1,0,0,1,0,0
235047,1786553427226.521588,0,0,1,0,0,1,0,0
235048,1786553427227.529374,0,0,1,0,0,1,0,0
235049,1786553427228.537861,0,0,1,0,0,1,0,0
235050,1786553427229.545748,0,0,1,0,0,1,0,0
235051,1786553427230.554636,0,0,1,0,0,1,0,0
235052,1786553427231.564323,0,0,1,0,0,1,0,0
235053,1786553427233.023951,0,0,1,0,0,1,0,0
235054,1786553427233.628003,0,0,1,0,0,1,0,0
235055,1786553427234.649391,0,0,1,0,0,1,0,0
235056,1786553427235.641477,0,0,1,0,0,1,0,0
235057,1786553427236.637664,0,0,1,0,0,1,0,0
235058,1786553427237.646951,0,0,1,0,0,1,0,0
235059,1786553427238.660539,0,0,1,0,0,1,0,0
235060,1786553427239.670028,0,0,1,0,0,1,0,0
235061,1786553427240.673715,0,0,1,0,0,1,0,0
235062,1786553427241.685303,0,0,1,0,0,1,0,0
235063,1786553427242.691390,0,0,1,0,0,1,0,0
235064,1786553427243.699276,0,0,1,0,0,1,0,0
235065,1786553427244.707765,0,0,1,0,0,1,0,0
235066,1786553427245.715953,0,0,1,0,0,1,0,0
235067,1786553427246.722141,0,0,1,0,0,1,0,0
235068,1786553427247.735730,0,0,1,0,0,1,0,0
235069,1786553427248.741318,0,0,1,0,0,1,0,0
235070,1786553427249.750405,0,0,1,0,0,1,0,0
235071,1786553427250.757592,0,0,1,0,0,1,0,0
235072,1786553427251.765780,0,0,1,0,0,1,0,0
235073,1786553427252.772967,0,0,1,0,0,1,0,0
235074,1786553427253.786655,0,0,1,0,0,1,0,0
235075,1786553427254.816144,0,0,1,0,0,1,0,0
235076,1786553427255.871737,0,0,1,0,0,1,0,0
235077,1786553427256.852322,0,0,1,0,0,1,0,0
235078,1786553427257.845310,0,0,1,0,0,1,0,0
235079,1786553427258.849296,0,0,1,0,0,1,0,0
235080,1786553427259.858182,0,0,1,0,0,1,0,0
235081,1786553427260.865270,0,0,1,0,0,1,0,0
235082,1786553427261.874558,0,0,1,0,0,1,0,0
235083,1786553427262.882246,0,0,1,0,0,1,0,0
235084,1786553427263.911935,0,0,1,0,0,1,0,0
235085,1786553427264.932725,0,0,1,0,0,1,0,0
235086,1786553427265.916709,0,0,1,0,0,1,0,0
235087,1786553427266.922497,0,0,1,0,0,1,0,0
235088,1786553427267.927684,0,0,1,0,0,1,0,0
235089,1786553427268.935672,0,0,1,0,0,1,0,0
235090,1786553427269.944258,0,0,1,0,0,1,0,0
235091,1786553427271.007250,0,0,1,0,0,1,0,0
235092,1786553427271.981136,0,0,1,0,0,1,0,0
235093,1786553427272.982824,0,0,1,0,0,1,0,0
235094,1786553427273.989011,0,0,1,0,0,1,0,0
235095,1786553427274.995798,0,0,1,0,0,1,0,0
235096,1786553427276.004985,0,0,1,0,0,1,0,0
235097,1786553427277.014174,0,0,1,0,0,1,0,0
235098,1786553427278.027961,0,0,1,0,0,1,0,0
235099,1786553427279.079553,0,0,1,0,0,1,0,0
235100,1786553427280.046138,0,0,1,0,0,1,0,0
235101,1786553427281.056226,0,0,1,0,0,1,0,0
235102,1786553427282.065413,0,0,1,0,0,1,0,0
235103,1786553427283.074300,0,0,1,0,0,1,0,0
235104,1786553427284.083487,0,0,1,0,0,1,0,0
235105,1786553427285.092273,0,0,1,0,0,1,0,0
235106,1786553427286.124363,0,0,1,0,0,1,0,0
235107,1786553427287.121050,0,0,1,0,0,1,0,0
235108,1786553427288.165440,0,0,1,0,0,1,0,0
235109,1786553427289.176529,0,0,1,0,0,1,0,0
235110,1786553427290.351032,0,0,1,0,0,1,0,0
235111,1786553427291.349716,0,0,1,0,0,1,0,0
235112,1786553427292.359203,0,0,1,0,0,1,0,0
235113,1786553427293.373191,0,0,1,0,0,1,0,0
235114,1786553427294.419579,0,0,1,0,0,1,0,0
235115,1786553427295.434366,0,0,1,0,0,1,0,0
235116,1786553427296.441754,0,0,1,0,0,1,0,0
235117,1786553427297.447440,0,0,1,0,0,1,0,0
235118,1786553427298.469831,0,0,1,0,0,1,0,0
235119,1786553427299.473619,0,0,1,0,0,1,0,0
235120,1786553427300.491207,0,0,1,0,0,1,0,0
235121,1786553427301.502094,0,0,1,0,0,1,0,0
235122,1786553427302.517282,0,0,1,0,0,1,0,0
235123,1786553427303.516270,0,0,1,0,0,1,0,0
235124,1786553427304.528859,0,0,1,0,0,1,0,0
235125,1786553427305.535448,0,0,1,0,0,1,0,0
235126,1786553427306.553736,0,0,1,0,0,1,0,0
235127,1786553427307.564624,0,0,1,0,0,1,0,0
235128,1786553427308.581713,0,0,1,0,0,1,0,0
235129,1786553427309.594102,0,0,1,0,0,1,0,0
235130,1786553427310.615090,0,0,1,0,0,1,0,0
235131,1786553427311.623479,0,0,1,0,0,1,0,0
235132,1786553427312.648966,0,0,1,0,0,1,0,0
235133,1786553427313.653952,0,0,1,0,0,1,0,0
235134,1786553427314.673042,0,0,1,0,0,1,0,0
235135,1786553427315.681629,0,0,1,0,0,1,0,0
235136,1786553427316.728821,0,0,1,0,0,1,0,0
235137,1786553427317.668102,0,0,1,0,0,1,0,0
235138,1786553427318.678489,0,0,1,0,0,1,0,0
235139,1786553427319.682576,0,0,1,0,0,1,0,0
235140,1786553427320.702366,0,0,1,0,0,1,0,0
235141,1786553427321.701652,0,0,1,0,0,1,0,0
235142,1786553427322.709641,0,0,1,0,0,1,0,0
235143,1786553427323.712829,0,0,1,0,0,1,0,0
235144,1786553427324.741117,0,0,1,0,0,1,0,0
235145,1786553427325.749005,0,0,1,0,0,1,0,0
235146,1786553427326.741191,0,0,1,0,0,1,0,0
235147,1786553427327.745479,0,0,1,0,0,1,0,0
235148,1786553427328.761669,0,0,1,0,0,1,0,0
235149,1786553427329.767257,0,0,1,0,0,1,0,0
235150,1786553427330.775444,0,0,1,0,0,1,0,0
235151,1786553427331.786033,0,0,1,0,0,1,0,0
235152,1786553427332.792921,0,0,1,0,0,1,0,0
235153,1786553427333.809509,0,0,1,0,0,1,0,0
235154,1786553427334.815097,0,0,1,0,0,1,0,0
235155,1786553427335.833885,0,0,1,0,0,1,0,0
235156,1786553427336.844274,0,0,1,0,0,1,0,0
235157,1786553427337.842661,0,0,1,0,0,1,0,0
235158,1786553427338.864850,0,0,1,0,0,1,0,0
235159,1786553427339.863236,0,0,1,0,0,1,0,0
235160,1786553427340.868623,0,0,1,0,0,1,0,0
235161,1786553427341.868211,0,0,1,0,0,1,0,0
235162,1786553427342.877799,0,0,1,0,0,1,0,0
235163,1786553427343.884986,0,0,1,0,0,1,0,0
235164,1786553427344.899976,0,0,1,0,0,1,0,0
235165,1786553427345.896861,0,0,1,0,0,1,0,0
235166,1786553427346.908448,0,0,1,0,0,1,0,0
235167,1786553427347.916235,0,0,1,0,0,1,0,0
235168,1786553427348.923722,0,0,1,0,0,1,0,0
235169,1786553427349.931711,0,0,1,0,0,1,0,0
235170,1786553427350.940298,0,0,1,0,0,1,0,0
235171,1786553427351.949484,0,0,1,0,0,1,0,0
235172,1786553427352.998375,0,0,1,0,0,1,0,0
235173,1786553427353.978461,0,0,1,0,0,1,0,0
235174,1786553427355.221269,0,0,1,0,0,1,0,0
235175,1786553427356.002137,0,0,1,0,0,1,0,0
235176,1786553427356.998925,0,0,1,0,0,1,0,0
235177,1786553427358.008313,0,0,1,0,0,1,0,0
235178,1786553427359.013700,0,0,1,0,0,1,0,0
235179,1786553427360.023687,0,0,1,0,0,1,0,0
235180,1786553427361.029173,0,0,1,0,0,1,0,0
235181,1786553427362.039862,0,0,1,0,0,1,0,0
235182,1786553427363.046549,0,0,1,0,0,1,0,0
235183,1786553427364.055737,0,0,1,0,0,1,0,0
235184,1786553427365.061324,0,0,1,0,0,1,0,0
235185,1786553427366.072911,0,0,1,0,0,1,0,0
235186,1786553427367.089501,0,0,1,0,0,1,0,0
235187,1786553427368.107189,0,0,1,0,0,1,0,0
235188,1786553427369.615820,0,0,1,0,0,1,0,0
235189,1786553427370.394490,0,0,1,0,0,1,0,0
235190,1786553427371.408678,0,0,1,0,0,1,0,0
235191,1786553427372.404864,0,0,1,0,0,1,0,0
235192,1786553427373.419352,0,0,1,0,0,1,0,0
235193,1786553427374.419839,0,0,1,0,0,1,0,0
235194,1786553427375.427525,0,0,1,0,0,1,0,0
235195,1786553427376.435111,0,0,1,0,0,1,0,0
235196,1786553427377.443300,0,0,1,0,0,1,0,0
235197,1786553427378.451487,0,0,1,0,0,1,0,0
235198,1786553427379.459076,0,0,1,0,0,1,0,0
235199,1786553427380.468563,0,0,1,0,0,1,0,0
235200,1786553427381.474852,0,0,1,0,0,1,0,0
235201,1786553427382.482139,0,0,1,0,0,1,0,0
235202,1786553427383.490024,0,0,1,0,0,1,0,0
235203,1786553427384.506410,0,0,1,0,0,1,0,0
235204,1786553427385.513797,0,0,1,0,0,1,0,0
235205,1786553427386.551287,0,0,1,0,0,1,0,0
235206,1786553427387.526068,0,0,1,0,0,1,0,0
235207,1786553427388.532355,0,0,1,0,0,1,0,0
235208,1786553427389.540644,0,0,1,0,0,1,0,0
235209,1786553427390.567332,0,0,1,0,0,1,0,0
235210,1786553427391.556418,0,0,1,0,0,1,0,0
235211,1786553427392.567006,0,0,1,0,0,1,0,0
235212,1786553427393.574494,0,0,1,0,0,1,0,0
235213,1786553427394.586582,0,0,1,0,0,1,0,0
235214,1786553427395.592269,0,0,1,0,0,1,0,0
235215,1786553427396.600258,0,0,1,0,0,1,0,0
235216,1786553427397.605846,0,0,1,0,0,1,0,0
235217,1786553427398.615034,0,0,1,0,0,1,0,0
235218,1786553427399.628422,0,0,1,0,0,1,0,0
235219,1786553427400.646710,0,0,1,0,0,1,0,0
235220,1786553427401.641196,0,0,1,0,0,1,0,0
235221,1786553427402.651083,0,0,1,0,0,1,0,0
235222,1786553427403.655070,0,0,1,0,0,1,0,0
235223,1786553427404.663555,0,0,1,0,0,1,0,0
235224,1786553427405.670642,0,0,1,0,0,1,0,0
235225,1786553427406.678029,0,0,1,0,0,1,0,0
235226,1786553427407.685418,0,0,1,0,0,1,0,0
235227,1786553427408.694505,0,0,1,0,0,1,0,0
235228,1786553427409.704193,0,0,1,0,0,1,0,0
235229,1786553427410.710482,0,0,1,0,0,1,0,0
235230,1786553427411.716668,0,0,1,0,0,1,0,0
235231,1786553427412.727555,0,0,1,0,0,1,0,0
235232,1786553427413.732141,0,0,1,0,0,1,0,0
235233,1786553427414.746928,0,0,1,0,0,1,0,0
235234,1786553427415.771016,0,0,1,0,0,1,0,0
235235,1786553427416.777704,0,0,1,0,0,1,0,0
235236,1786553427417.843498,0,0,1,0,0,1,0,0
235237,1786553427418.789881,0,0,1,0,0,1,0,0
235238,1786553427419.794066,0,0,1,0,0,1,0,0
235239,1786553427420.801451,0,0,1,0,0,1,0,0
235240,1786553427421.809738,0,0,1,0,0,1,0,0
235241,1786553427422.817825,0,0,1,0,0,1,0,0
235242,1786553427423.837214,0,0,1,0,0,1,0,0
235243,1786553427424.853803,0,0,1,0,0,1,0,0
235244,1786553427425.851188,0,0,1,0,0,1,0,0
235245,1786553427426.859075,0,0,1,0,0,1,0,0
235246,1786553427427.867564,0,0,1,0,0,1,0,0
235247,1786553427428.876551,0,0,1,0,0,1,0,0
235248,1786553427429.889240,0,0,1,0,0,1,0,0
235249,1786553427430.895729,0,0,1,0,0,1,0,0
235250,1786553427431.901015,0,0,1,0,0,1,0,0
235251,1786553427432.912004,0,0,1,0,0,1,0,0
235252,1786553427433.916891,0,0,1,0,0,1,0,0
235253,1786553427434.931480,0,0,1,0,0,1,0,0
235254,1786553427435.931168,0,0,1,0,0,1,0,0
235255,1786553427436.941355,0,0,1,0,0,1,0,0
235256,1786553427437.948843,0,0,1,0,0,1,0,0
235257,1786553427438.959031,0,0,1,0,0,1,0,0
235258,1786553427439.973819,0,0,1,0,0,1,0,0
235259,1786553427440.978007,0,0,1,0,0,1,0,0
235260,1786553427441.984996,0,0,1,0,0,1,0,0
235261,1786553427442.992183,0,0,1,0,0,1,0,0
235262,1786553427444.005471,0,0,1,0,0,1,0,0
235263,1786553427445.278983,0,0,1,0,0,1,0,0
235264,1786553427446.278572,0,0,1,0,0,1,0,0
235265,1786553427447.275157,0,0,1,0,0,1,0,0
235266,1786553427448.288246,0,0,1,0,0,1,0,0
235267,1786553427449.304833,0,0,1,0,0,1,0,0
235268,1786553427450.305122,0,0,1,0,0,1,0,0
235269,1786553427451.309108,0,0,1,0,0,1,0,0
235270,1786553427452.316496,0,0,1,0,0,1,0,0
235271,1786553427453.325183,0,0,1,0,0,1,0,0
235272,1786553427454.332668,0,0,1,0,0,1,0,0
235273,1786553427455.343557,0,0,1,0,0,1,0,0
235274,1786553427456.362845,0,0,1,0,0,1,0,0
235275,1786553427457.360731,0,0,1,0,0,1,0,0
235276,1786553427458.366619,0,0,1,0,0,1,0,0
235277,1786553427459.388908,0,0,1,0,0,1,0,0
235278,1786553427460.390795,0,0,1,0,0,1,0,0
235279,1786553427461.397483,0,0,1,0,0,1,0,0
235280,1786553427462.404669,0,0,1,0,0,1,0,0
235281,1786553427463.412857,0,0,1,0,0,1,0,0
235282,1786553427464.431146,0,0,1,0,0,1,0,0
235283,1786553427465.437732,0,0,1,0,0,1,0,0
235284,1786553427466.439819,0,0,1,0,0,1,0,0
235285,1786553427467.450006,0,0,1,0,0,1,0,0
235286,1786553427468.458092,0,0,1,0,0,1,0,0
235287,1786553427469.466879,0,0,1,0,0,1,0,0
235288,1786553427470.473666,0,0,1,0,0,1,0,0
235289,1786553427471.481955,0,0,1,0,0,1,0,0
235290,1786553427472.490242,0,0,1,0,0,1,0,0
235291,1786553427473.498728,0,0,1,0,0,1,0,0
235292,1786553427474.510215,0,0,1,0,0,1,0,0
235293,1786553427475.515504,0,0,1,0,0,1,0,0
235294,1786553427476.524091,0,0,1,0,0,1,0,0
235295,1786553427477.532878,0,0,1,0,0,1,0,0
235296,1786553427478.539964,0,0,1,0,0,1,0,0
235297,1786553427479.558454,0,0,1,0,0,1,0,0
235298,1786553427480.569841,0,0,1,0,0,1,0,0
235299,1786553427481.601531,0,0,1,0,0,1,0,0
235300,1786553427482.597018,0,0,1,0,0,1,0,0
235301,1786553427483.599205,0,0,1,0,0,1,0,0
235302,1786553427484.607492,0,0,1,0,0,1,0,0
235303,1786553427485.616479,0,0,1,0,0,1,0,0
235304,1786553427486.625166,0,0,1,0,0,1,0,0
235305,1786553427487.631355,0,0,1,0,0,1,0,0
235306,1786553427488.639642,0,0,1,0,0,1,0,0
235307,1786553427489.672731,0,0,1,0,0,1,0,0
235308,1786553427490.666618,0,0,1,0,0,1,0,0
235309,1786553427491.667505,0,0,1,0,0,1,0,0
235310,1786553427492.674993,0,0,1,0,0,1,0,0
235311,1786553427493.681879,0,0,1,0,0,1,0,0
235312,1786553427494.693566,0,0,1,0,0,1,0,0
235313,1786553427495.698256,0,0,1,0,0,1,0,0
235314,1786553427496.708243,0,0,1,0,0,1,0,0
235315,1786553427497.719630,0,0,1,0,0,1,0,0
235316,1786553427498.724718,0,0,1,0,0,1,0,0
235317,1786553427499.732005,0,0,1,0,0,1,0,0
235318,1786553427500.741294,0,0,1,0,0,1,0,0
235319,1786553427501.748582,0,0,1,0,0,1,0,0
235320,1786553427502.755769,0,0,1,0,0,1,0,0
235321,1786553427503.766956,0,0,1,0,0,1,0,0
235322,1786553427504.772145,0,0,1,0,0,1,0,0
235323,1786553427506.479093,0,0,1,0,0,1,0,0
235324,1786553427507.342069,0,0,1,0,0,1,0,0
235325,1786553427508.316153,0,0,1,0,0,1,0,0
235326,1786553427509.327540,0,0,1,0,0,1,0,0
235327,1786553427510.329326,0,0,1,0,0,1,0,0
235328,1786553427511.336913,0,0,1,0,0,1,0,0
235329,1786553427512.344000,0,0,1,0,0,1,0,0
235330,1786553427513.354388,0,0,1,0,0,1,0,0
235331,1786553427514.362775,0,0,1,0,0,1,0,0
235332,1786553427515.369463,0,0,1,0,0,1,0,0
235333,1786553427516.375652,0,0,1,0,0,1,0,0
235334,1786553427517.382939,0,0,1,0,0,1,0,0
235335,1786553427518.391027,0,0,1,0,0,1,0,0
235336,1786553427519.399316,0,0,1,0,0,1,0,0
235337,1786553427520.411305,0,0,1,0,0,1,0,0
235338,1786553427521.417592,0,0,1,0,0,1,0,0
235339,1786553427522.423580,0,0,1,0,0,1,0,0
235340,1786553427523.430968,0,0,1,0,0,1,0,0
235341,1786553427524.439255,0,0,1,0,0,1,0,0
235342,1786553427525.449443,0,0,1,0,0,1,0,0
235343,1786553427526.455829,0,0,1,0,0,1,0,0
235344,1786553427527.462916,0,0,1,0,0,1,0,0
235345,1786553427528.470003,0,0,1,0,0,1,0,0
235346,1786553427529.482891,0,0,1,0,0,1,0,0
235347,1786553427530.487080,0,0,1,0,0,1,0,0
235348,1786553427531.496566,0,0,1,0,0,1,0,0
235349,1786553427532.504655,0,0,1,0,0,1,0,0
235350,1786553427533.512542,0,0,1,0,0,1,0,0
235351,1786553427534.520529,0,0,1,0,0,1,0,0
235352,1786553427535.528817,0,0,1,0,0,1,0,0
235353,1786553427536.600810,0,0,1,0,0,1,0,0
235354,1786553427537.568695,0,0,1,0,0,1,0,0
235355,1786553427538.567480,0,0,1,0,0,1,0,0
235356,1786553427539.577469,0,0,1,0,0,1,0,0
235357,1786553427540.579856,0,0,1,0,0,1,0,0
235358,1786553427541.588145,0,0,1,0,0,1,0,0
235359,1786553427542.594932,0,0,1,0,0,1,0,0
235360,1786553427543.610621,0,0,1,0,0,1,0,0
235361,1786553427544.614907,0,0,1,0,0,1,0,0
235362,1786553427545.632494,0,0,1,0,0,1,0,0
235363,1786553427546.637182,0,0,1,0,0,1,0,0
235364,1786553427547.641970,0,0,1,0,0,1,0,0
235365,1786553427548.648457,0,0,1,0,0,1,0,0
235366,1786553427549.656045,0,0,1,0,0,1,0,0
235367,1786553427550.663731,0,0,1,0,0,1,0,0
235368,1786553427551.713525,0,0,1,0,0,1,0,0
235369,1786553427552.700509,0,0,1,0,0,1,0,0
235370,1786553427553.697397,0,0,1,0,0,1,0,0
235371,1786553427554.706883,0,0,1,0,0,1,0,0
235372,1786553427555.713772,0,0,1,0,0,1,0,0
235373,1786553427556.720459,0,0,1,0,0,1,0,0
235374,1786553427557.729446,0,0,1,0,0,1,0,0
235375,1786553427558.736832,0,0,1,0,0,1,0,0
235376,1786553427559.744421,0,0,1,0,0,1,0,0
235377,1786553427560.752709,0,0,1,0,0,1,0,0
235378,1786553427561.759996,0,0,1,0,0,1,0,0
235379,1786553427562.771084,0,0,1,0,0,1,0,0
235380,1786553427563.776971,0,0,1,0,0,1,0,0
235381,1786553427564.796359,0,0,1,0,0,1,0,0
235382,1786553427565.795246,0,0,1,0,0,1,0,0
235383,1786553427566.803835,0,0,1,0,0,1,0,0
235384,1786553427568.331271,0,0,1,0,0,1,0,0
235385,1786553427569.046234,0,0,1,0,0,1,0,0
235386,1786553427570.040218,0,0,1,0,0,1,0,0
235387,1786553427571.057107,0,0,1,0,0,1,0,0
235388,1786553427572.058494,0,0,1,0,0,1,0,0
235389,1786553427573.064582,0,0,1,0,0,1,0,0
235390,1786553427574.073568,0,0,1,0,0,1,0,0
235391,1786553427575.081756,0,0,1,0,0,1,0,0
235392,1786553427576.088744,0,0,1,0,0,1,0,0
235393,1786553427577.095431,0,0,1,0,0,1,0,0
235394,1786553427578.113520,0,0,1,0,0,1,0,0
235395,1786553427579.114106,0,0,1,0,0,1,0,0
235396,1786553427580.121894,0,0,1,0,0,1,0,0
235397,1786553427581.129882,0,0,1,0,0,1,0,0
235398,1786553427582.150372,0,0,1,0,0,1,0,0
235399,1786553427583.156061,0,0,1,0,0,1,0,0
235400,1786553427584.159548,0,0,1,0,0,1,0,0
235401,1786553427585.168637,0,0,1,0,0,1,0,0
235402,1786553427586.174025,0,0,1,0,0,1,0,0
235403,1786553427587.184012,0,0,1,0,0,1,0,0
235404,1786553427588.188700,0,0,1,0,0,1,0,0
235405,1786553427589.199688,0,0,1,0,0,1,0,0
235406,1786553427590.205776,0,0,1,0,0,1,0,0
235407,1786553427591.216861,0,0,1,0,0,1,0,0
235408,1786553427592.222949,0,0,1,0,0,1,0,0
235409,1786553427593.232838,0,0,1,0,0,1,0,0
235410,1786553427594.260926,0,0,1,0,0,1,0,0
235411,1786553427595.262214,0,0,1,0,0,1,0,0
235412,1786553427596.267703,0,0,1,0,0,1,0,0
235413,1786553427597.286991,0,0,1,0,0,1,0,0
235414,1786553427598.298278,0,0,1,0,0,1,0,0
235415,1786553427599.297565,0,0,1,0,0,1,0,0
235416,1786553427600.302753,0,0,1,0,0,1,0,0
235417,1786553427601.313041,0,0,1,0,0,1,0,0
235418,1786553427602.320929,0,0,1,0,0,1,0,0
235419,1786553427603.329417,0,0,1,0,0,1,0,0
235420,1786553427604.338604,0,0,1,0,0,1,0,0
235421,1786553427605.348091,0,0,1,0,0,1,0,0
235422,1786553427606.356776,0,0,1,0,0,1,0,0
235423,1786553427607.367164,0,0,1,0,0,1,0,0
235424,1786553427608.375253,0,0,1,0,0,1,0,0
235425,1786553427609.383840,0,0,1,0,0,1,0,0
235426,1786553427610.391328,0,0,1,0,0,1,0,0
235427,1786553427611.407217,0,0,1,0,0,1,0,0
235428,1786553427612.411404,0,0,1,0,0,1,0,0
235429,1786553427613.447292,0,0,1,0,0,1,0,0
235430,1786553427614.440479,0,0,1,0,0,1,0,0
235431,1786553427615.444466,0,0,1,0,0,1,0,0
235432,1786553427616.451854,0,0,1,0,0,1,0,0
235433,1786553427617.462743,0,0,1,0,0,1,0,0
235434,1786553427618.467029,0,0,1,0,0,1,0,0
235435,1786553427619.476718,0,0,1,0,0,1,0,0
235436,1786553427620.485206,0,0,1,0,0,1,0,0
235437,1786553427621.493594,0,0,1,0,0,1,0,0
235438,1786553427622.502280,0,0,1,0,0,1,0,0
235439,1786553427623.513268,0,0,1,0,0,1,0,0
235440,1786553427624.520553,0,0,1,0,0,1,0,0
235441,1786553427625.531841,0,0,1,0,0,1,0,0
235442,1786553427626.540029,0,0,1,0,0,1,0,0
235443,1786553427628.165271,0,0,1,0,0,1,0,0
235444,1786553427628.614009,0,0,1,0,0,1,0,0
235445,1786553427629.581293,0,0,1,0,0,1,0,0
235446,1786553427630.589580,0,0,1,0,0,1,0,0
235447,1786553427631.595068,0,0,1,0,0,1,0,0
235448,1786553427632.602156,0,0,1,0,0,1,0,0
235449,1786553427633.612845,0,0,1,0,0,1,0,0
235450,1786553427634.623731,0,0,1,0,0,1,0,0
235451,1786553427635.630518,0,0,1,0,0,1,0,0
235452,1786553427636.644505,0,0,1,0,0,1,0,0
235453,1786553427637.651193,0,0,1,0,0,1,0,0
235454,1786553427638.657081,0,0,1,0,0,1,0,0
235455,1786553427639.667768,0,0,1,0,0,1,0,0
235456,1786553427640.679254,0,0,1,0,0,1,0,0
235457,1786553427641.685342,0,0,1,0,0,1,0,0
235458,1786553427642.736832,0,0,1,0,0,1,0,0
235459,1786553427643.787223,0,0,1,0,0,1,0,0
235460,1786553427644.742707,0,0,1,0,0,1,0,0
235461,1786553427645.747394,0,0,1,0,0,1,0,0
235462,1786553427646.750080,0,0,1,0,0,1,0,0
235463,1786553427647.758267,0,0,1,0,0,1,0,0
235464,1786553427648.763954,0,0,1,0,0,1,0,0
235465,1786553427649.782443,0,0,1,0,0,1,0,0
235466,1786553427650.786631,0,0,1,0,0,1,0,0
235467,1786553427651.796618,0,0,1,0,0,1,0,0
235468,1786553427652.802306,0,0,1,0,0,1,0,0
235469,1786553427653.813893,0,0,1,0,0,1,0,0
235470,1786553427654.845184,0,0,1,0,0,1,0,0
235471,1786553427655.845571,0,0,1,0,0,1,0,0
235472,1786553427656.853059,0,0,1,0,0,1,0,0
235473,1786553427657.865348,0,0,1,0,0,1,0,0
235474,1786553427658.911140,0,0,1,0,0,1,0,0
235475,1786553427659.897126,0,0,1,0,0,1,0,0
235476,1786553427660.900913,0,0,1,0,0,1,0,0
235477,1786553427661.909000,0,0,1,0,0,1,0,0
235478,1786553427662.916987,0,0,1,0,0,1,0,0
235479,1786553427663.924176,0,0,1,0,0,1,0,0
235480,1786553427664.939264,0,0,1,0,0,1,0,0
235481,1786553427665.940550,0,0,1,0,0,1,0,0
235482,1786553427666.949939,0,0,1,0,0,1,0,0
235483,1786553427667.957326,0,0,1,0,0,1,0,0
235484,1786553427668.963214,0,0,1,0,0,1,0,0
235485,1786553427669.968401,0,0,1,0,0,1,0,0
235486,1786553427670.979889,0,0,1,0,0,1,0,0
235487,1786553427671.990177,0,0,1,0,0,1,0,0
235488,1786553427673.014064,0,0,1,0,0,1,0,0
235489,1786553427673.997548,0,0,1,0,0,1,0,0
235490,1786553427675.002935,0,0,1,0,0,1,0,0
235491,1786553427676.010821,0,0,1,0,0,1,0,0
235492,1786553427677.019908,0,0,1,0,0,1,0,0
235493,1786553427678.023496,0,0,1,0,0,1,0,0
235494,1786553427679.033284,0,0,1,0,0,1,0,0
235495,1786553427680.038871,0,0,1,0,0,1,0,0
235496,1786553427681.049658,0,0,1,0,0,1,0,0
235497,1786553427682.053446,0,0,1,0,0,1,0,0
235498,1786553427683.063136,0,0,1,0,0,1,0,0
235499,1786553427684.071423,0,0,1,0,0,1,0,0
235500,1786553427685.080011,0,0,1,0,0,1,0,0
235501,1786553427686.102699,0,0,1,0,0,1,0,0
235502,1786553427687.097783,0,0,1,0,0,1,0,0
235503,1786553427688.103969,0,0,1,0,0,1,0,0
235504,1786553427689.171063,0,0,1,0,0,1,0,0
235505,1786553427690.170650,0,0,1,0,0,1,0,0
235506,1786553427691.238841,0,0,1,0,0,1,0,0
235507,1786553427692.151620,0,0,1,0,0,1,0,0
235508,1786553427693.156906,0,0,1,0,0,1,0,0
235509,1786553427694.165794,0,0,1,0,0,1,0,0
235510,1786553427695.173580,0,0,1,0,0,1,0,0
235511,1786553427696.181268,0,0,1,0,0,1,0,0
235512,1786553427697.189353,0,0,1,0,0,1,0,0
235513,1786553427698.195940,0,0,1,0,0,1,0,0
235514,1786553427699.204429,0,0,1,0,0,1,0,0
235515,1786553427700.212316,0,0,1,0,0,1,0,0
235516,1786553427701.221504,0,0,1,0,0,1,0,0
235517,1786553427702.229292,0,0,1,0,0,1,0,0
235518,1786553427703.253281,0,0,1,0,0,1,0,0
235519,1786553427704.258269,0,0,1,0,0,1,0,0
235520,1786553427705.266955,0,0,1,0,0,1,0,0
235521,1786553427706.273342,0,0,1,0,0,1,0,0
235522,1786553427707.281829,0,0,1,0,0,1,0,0
235523,1786553427708.298218,0,0,1,0,0,1,0,0
235524,1786553427709.302405,0,0,1,0,0,1,0,0
235525,1786553427710.309593,0,0,1,0,0,1,0,0
235526,1786553427711.327480,0,0,1,0,0,1,0,0
235527,1786553427712.329767,0,0,1,0,0,1,0,0
235528,1786553427713.336854,0,0,1,0,0,1,0,0
235529,1786553427714.344841,0,0,1,0,0,1,0,0
235530,1786553427715.352129,0,0,1,0,0,1,0,0
235531,1786553427716.361316,0,0,1,0,0,1,0,0
235532,1786553427717.367804,0,0,1,0,0,1,0,0
235533,1786553427718.582911,0,0,1,0,0,1,0,0
235534,1786553427719.453287,0,0,1,0,0,1,0,0
235535,1786553427720.418270,0,0,1,0,0,1,0,0
235536,1786553427721.420456,0,0,1,0,0,1,0,0
235537,1786553427722.426743,0,0,1,0,0,1,0,0
235538,1786553427723.432928,0,0,1,0,0,1,0,0
235539,1786553427724.456818,0,0,1,0,0,1,0,0
235540,1786553427725.463606,0,0,1,0,0,1,0,0
235541,1786553427726.467294,0,0,1,0,0,1,0,0
235542,1786553427727.479281,0,0,1,0,0,1,0,0
235543,1786553427728.483368,0,0,1,0,0,1,0,0
235544,1786553427729.491656,0,0,1,0,0,1,0,0
235545,1786553427730.500444,0,0,1,0,0,1,0,0
235546,1786553427731.508131,0,0,1,0,0,1,0,0
235547,1786553427732.516117,0,0,1,0,0,1,0,0
235548,1786553427733.559308,0,0,1,0,0,1,0,0
235549,1786553427734.542594,0,0,1,0,0,1,0,0
235550,1786553427735.549180,0,0,1,0,0,1,0,0
235551,1786553427736.556168,0,0,1,0,0,1,0,0
235552,1786553427737.566856,0,0,1,0,0,1,0,0
235553,1786553427738.574944,0,0,1,0,0,1,0,0
235554,1786553427739.581232,0,0,1,0,0,1,0,0
235555,1786553427740.598620,0,0,1,0,0,1,0,0
235556,1786553427741.603408,0,0,1,0,0,1,0,0
235557,1786553427742.610893,0,0,1,0,0,1,0,0
235558,1786553427743.615780,0,0,1,0,0,1,0,0
235559,1786553427744.622668,0,0,1,0,0,1,0,0
235560,1786553427745.631956,0,0,1,0,0,1,0,0
235561,1786553427746.638644,0,0,1,0,0,1,0,0
235562,1786553427747.648031,0,0,1,0,0,1,0,0
235563,1786553427748.661618,0,0,1,0,0,1,0,0
235564,1786553427749.716510,0,0,1,0,0,1,0,0
235565,1786553427750.682595,0,0,1,0,0,1,0,0
235566,1786553427751.807291,0,0,1,0,0,1,0,0
235567,1786553427752.751573,0,0,1,0,0,1,0,0
235568,1786553427753.715458,0,0,1,0,0,1,0,0
235569,1786553427754.722045,0,0,1,0,0,1,0,0
235570,1786553427755.729832,0,0,1,0,0,1,0,0
235571,1786553427756.772222,0,0,1,0,0,1,0,0
235572,1786553427757.758508,0,0,1,0,0,1,0,0
235573,1786553427758.763695,0,0,1,0,0,1,0,0
235574,1786553427759.773583,0,0,1,0,0,1,0,0
235575,1786553427760.781370,0,0,1,0,0,1,0,0
235576,1786553427761.790457,0,0,1,0,0,1,0,0
235577,1786553427762.796244,0,0,1,0,0,1,0,0
235578,1786553427763.818731,0,0,1,0,0,1,0,0
235579,1786553427764.841620,0,0,1,0,0,1,0,0
235580,1786553427765.838707,0,0,1,0,0,1,0,0
235581,1786553427766.843093,0,0,1,0,0,1,0,0
235582,1786553427767.847481,0,0,1,0,0,1,0,0
235583,1786553427768.861468,0,0,1,0,0,1,0,0
235584,1786553427769.866455,0,0,1,0,0,1,0,0
235585,1786553427770.874742,0,0,1,0,0,1,0,0
235586,1786553427771.881527,0,0,1,0,0,1,0,0
235587,1786553427772.889814,0,0,1,0,0,1,0,0
235588,1786553427773.896801,0,0,1,0,0,1,0,0
235589,1786553427774.916690,0,0,1,0,0,1,0,0
235590,1786553427775.913777,0,0,1,0,0,1,0,0
235591,1786553427776.922264,0,0,1,0,0,1,0,0
235592,1786553427777.929252,0,0,1,0,0,1,0,0
235593,1786553427778.937740,0,0,1,0,0,1,0,0
235594,1786553427780.010734,0,0,1,0,0,1,0,0
235595,1786553427780.990417,0,0,1,0,0,1,0,0
235596,1786553427781.965500,0,0,1,0,0,1,0,0
235597,1786553427782.972787,0,0,1,0,0,1,0,0
235598,1786553427783.977175,0,0,1,0,0,1,0,0
235599,1786553427784.985464,0,0,1,0,0,1,0,0
235600,1786553427785.993852,0,0,1,0,0,1,0,0
235601,1786553427787.012041,0,0,1,0,0,1,0,0
235602,1786553427788.020529,0,0,1,0,0,1,0,0
235603,1786553427789.029715,0,0,1,0,0,1,0,0
235604,1786553427790.041202,0,0,1,0,0,1,0,0
235605,1786553427791.046489,0,0,1,0,0,1,0,0
235606,1786553427792.054477,0,0,1,0,0,1,0,0
235607,1786553427793.062064,0,0,1,0,0,1,0,0
235608,1786553427794.142857,0,0,1,0,0,1,0,0
235609,1786553427795.136643,0,0,1,0,0,1,0,0
235610,1786553427796.137631,0,0,1,0,0,1,0,0
235611,1786553427797.143318,0,0,1,0,0,1,0,0
235612,1786553427798.152606,0,0,1,0,0,1,0,0
235613,1786553427799.163393,0,0,1,0,0,1,0,0
235614,1786553427800.168682,0,0,1,0,0,1,0,0
235615,1786553427801.181669,0,0,1,0,0,1,0,0
235616,1786553427802.186156,0,0,1,0,0,1,0,0
235617,1786553427803.199143,0,0,1,0,0,1,0,0
235618,1786553427804.204830,0,0,1,0,0,1,0,0
235619,1786553427805.217218,0,0,1,0,0,1,0,0
235620,1786553427806.223905,0,0,1,0,0,1,0,0
235621,1786553427807.236593,0,0,1,0,0,1,0,0
235622,1786553427808.243481,0,0,1,0,0,1,0,0
235623,1786553427809.781714,0,0,1,0,0,1,0,0
235624,1786553427810.288158,0,0,1,0,0,1,0,0
235625,1786553427811.279243,0,0,1,0,0,1,0,0
235626,1786553427812.285330,0,0,1,0,0,1,0,0
235627,1786553427813.290018,0,0,1,0,0,1,0,0
235628,1786553427814.301406,0,0,1,0,0,1,0,0
235629,1786553427815.308893,0,0,1,0,0,1,0,0
235630,1786553427816.321080,0,0,1,0,0,1,0,0
235631,1786553427817.327568,0,0,1,0,0,1,0,0
235632,1786553427818.340156,0,0,1,0,0,1,0,0
235633,1786553427819.348943,0,0,1,0,0,1,0,0
235634,1786553427820.358329,0,0,1,0,0,1,0,0
235635,1786553427821.376717,0,0,1,0,0,1,0,0
235636,1786553427822.380006,0,0,1,0,0,1,0,0
235637,1786553427823.385693,0,0,1,0,0,1,0,0
235638,1786553427824.399582,0,0,1,0,0,1,0,0
235639,1786553427825.406170,0,0,1,0,0,1,0,0
235640,1786553427826.414856,0,0,1,0,0,1,0,0
235641,1786553427827.422943,0,0,1,0,0,1,0,0
235642,1786553427828.432831,0,0,1,0,0,1,0,0
235643,1786553427829.441419,0,0,1,0,0,1,0,0
235644,1786553427830.449007,0,0,1,0,0,1,0,0
235645,1786553427831.458094,0,0,1,0,0,1,0,0
235646,1786553427832.478083,0,0,1,0,0,1,0,0
235647,1786553427833.476171,0,0,1,0,0,1,0,0
235648,1786553427834.491158,0,0,1,0,0,1,0,0
235649,1786553427835.493146,0,0,1,0,0,1,0,0
235650,1786553427836.501834,0,0,1,0,0,1,0,0
235651,1786553427837.509920,0,0,1,0,0,1,0,0
235652,1786553427838.535211,0,0,1,0,0,1,0,0
235653,1786553427839.784120,0,0,1,0,0,1,0,0
235654,1786553427840.557887,0,0,1,0,0,1,0,0
235655,1786553427841.620478,0,0,1,0,0,1,0,0
235656,1786553427842.570561,0,0,1,0,0,1,0,0
235657,1786553427843.575949,0,0,1,0,0,1,0,0
235658,1786553427844.581636,0,0,1,0,0,1,0,0
235659,1786553427845.591423,0,0,1,0,0,1,0,0
235660,1786553427846.598810,0,0,1,0,0,1,0,0
235661,1786553427847.614199,0,0,1,0,0,1,0,0
235662,1786553427848.622685,0,0,1,0,0,1,0,0
235663,1786553427849.632173,0,0,1,0,0,1,0,0
235664,1786553427850.638160,0,0,1,0,0,1,0,0
235665,1786553427851.647148,0,0,1,0,0,1,0,0
235666,1786553427852.655536,0,0,1,0,0,1,0,0
235667,1786553427853.662323,0,0,1,0,0,1,0,0
235668,1786553427854.684712,0,0,1,0,0,1,0,0
235669,1786553427855.733703,0,0,1,0,0,1,0,0
235670,1786553427856.721488,0,0,1,0,0,1,0,0
235671,1786553427857.718474,0,0,1,0,0,1,0,0
235672,1786553427858.725162,0,0,1,0,0,1,0,0
235673,1786553427859.731250,0,0,1,0,0,1,0,0
235674,1786553427860.739538,0,0,1,0,0,1,0,0
235675,1786553427861.748626,0,0,1,0,0,1,0,0
235676,1786553427862.759114,0,0,1,0,0,1,0,0
235677,1786553427863.765902,0,0,1,0,0,1,0,0
235678,1786553427864.776590,0,0,1,0,0,1,0,0
235679,1786553427865.786578,0,0,1,0,0,1,0,0
235680,1786553427866.795166,0,0,1,0,0,1,0,0
235681,1786553427867.804354,0,0,1,0,0,1,0,0
235682,1786553427868.810041,0,0,1,0,0,1,0,0
235683,1786553427869.818629,0,0,1,0,0,1,0,0
235684,1786553427870.874521,0,0,1,0,0,1,0,0
235685,1786553427871.864207,0,0,1,0,0,1,0,0
235686,1786553427872.859094,0,0,1,0,0,1,0,0
235687,1786553427873.977890,0,0,1,0,0,1,0,0
235688,1786553427874.895769,0,0,1,0,0,1,0,0
235689,1786553427875.892755,0,0,1,0,0,1,0,0
235690,1786553427876.897642,0,0,1,0,0,1,0,0
235691,1786553427877.902030,0,0,1,0,0,1,0,0
235692,1786553427878.910417,0,0,1,0,0,1,0,0
235693,1786553427879.918005,0,0,1,0,0,1,0,0
235694,1786553427880.925291,0,0,1,0,0,1,0,0
235695,1786553427881.933577,0,0,1,0,0,1,0,0
235696,1786553427882.939666,0,0,1,0,0,1,0,0
235697,1786553427883.948654,0,0,1,0,0,1,0,0
235698,1786553427884.957242,0,0,1,0,0,1,0,0
235699,1786553427885.979632,0,0,1,0,0,1,0,0
235700,1786553427887.029424,0,0,1,0,0,1,0,0
235701,1786553427887.997808,0,0,1,0,0,1,0,0
235702,1786553427889.000394,0,0,1,0,0,1,0,0
235703,1786553427890.016785,0,0,1,0,0,1,0,0
235704,1786553427891.023873,0,0,1,0,0,1,0,0
235705,1786553427892.031860,0,0,1,0,0,1,0,0
235706,1786553427893.039746,0,0,1,0,0,1,0,0
235707,1786553427894.177043,0,0,1,0,0,1,0,0
235708,1786553427895.128427,0,0,1,0,0,1,0,0
235709,1786553427896.135914,0,0,1,0,0,1,0,0
235710,1786553427897.143701,0,0,1,0,0,1,0,0
235711,1786553427898.151487,0,0,1,0,0,1,0,0
235712,1786553427899.159374,0,0,1,0,0,1,0,0
235713,1786553427900.167562,0,0,1,0,0,1,0,0
235714,1786553427901.566385,0,0,1,0,0,1,0,0
235715,1786553427902.216343,0,0,1,0,0,1,0,0
235716,1786553427903.207728,0,0,1,0,0,1,0,0
235717,1786553427904.213917,0,0,1,0,0,1,0,0
235718,1786553427905.219504,0,0,1,0,0,1,0,0
235719,1786553427906.227490,0,0,1,0,0,1,0,0
235720,1786553427907.235576,0,0,1,0,0,1,0,0
235721,1786553427908.243264,0,0,1,0,0,1,0,0
235722,1786553427909.250750,0,0,1,0,0,1,0,0
235723,1786553427910.260537,0,0,1,0,0,1,0,0
235724,1786553427911.267124,0,0,1,0,0,1,0,0
235725,1786553427912.276313,0,0,1,0,0,1,0,0
235726,1786553427913.282199,0,0,1,0,0,1,0,0
235727,1786553427914.293088,0,0,1,0,0,1,0,0
235728,1786553427915.298876,0,0,1,0,0,1,0,0
235729,1786553427916.309365,0,0,1,0,0,1,0,0
235730,1786553427917.331753,0,0,1,0,0,1,0,0
235731,1786553427918.334639,0,0,1,0,0,1,0,0
235732,1786553427919.338426,0,0,1,0,0,1,0,0
235733,1786553427920.354013,0,0,1,0,0,1,0,0
235734,1786553427921.359800,0,0,1,0,0,1,0,0
235735,1786553427922.368088,0,0,1,0,0,1,0,0
235736,1786553427923.376576,0,0,1,0,0,1,0,0
235737,1786553427924.387464,0,0,1,0,0,1,0,0
235738,1786553427925.397851,0,0,1,0,0,1,0,0
235739,1786553427926.405139,0,0,1,0,0,1,0,0
235740,1786553427927.416528,0,0,1,0,0,1,0,0
235741,1786553427928.422013,0,0,1,0,0,1,0,0
235742,1786553427929.435401,0,0,1,0,0,1,0,0
235743,1786553427930.440189,0,0,1,0,0,1,0,0
235744,1786553427931.449977,0,0,1,0,0,1,0,0
235745,1786553427932.472966,0,0,1,0,0,1,0,0
235746,1786553427933.487354,0,0,1,0,0,1,0,0
235747,1786553427934.482041,0,0,1,0,0,1,0,0
235748,1786553427935.595238,0,0,1,0,0,1,0,0
235749,1786553427936.503718,0,0,1,0,0,1,0,0
235750,1786553427937.508605,0,0,1,0,0,1,0,0
235751,1786553427938.515093,0,0,1,0,0,1,0,0
235752,1786553427939.519880,0,0,1,0,0,1,0,0
235753,1786553427940.526268,0,0,1,0,0,1,0,0
235754,1786553427941.534656,0,0,1,0,0,1,0,0
235755,1786553427942.542245,0,0,1,0,0,1,0,0
235756,1786553427943.550033,0,0,1,0,0,1,0,0
235757,1786553427944.557621,0,0,1,0,0,1,0,0
235758,1786553427945.568910,0,0,1,0,0,1,0,0
235759,1786553427946.576897,0,0,1,0,0,1,0,0
235760,1786553427947.617588,0,0,1,0,0,1,0,0
235761,1786553427948.611574,0,0,1,0,0,1,0,0
235762,1786553427949.616361,0,0,1,0,0,1,0,0
235763,1786553427950.622149,0,0,1,0,0,1,0,0
235764,1786553427951.628337,0,0,1,0,0,1,0,0
235765,1786553427952.643323,0,0,1,0,0,1,0,0
235766,1786553427953.648411,0,0,1,0,0,1,0,0
235767,1786553427954.654999,0,0,1,0,0,1,0,0
235768,1786553427955.661388,0,0,1,0,0,1,0,0
235769,1786553427956.669375,0,0,1,0,0,1,0,0
235770,1786553427957.675963,0,0,1,0,0,1,0,0
235771,1786553427958.683551,0,0,1,0,0,1,0,0
235772,1786553427959.691940,0,0,1,0,0,1,0,0
235773,1786553427960.699927,0,0,1,0,0,1,0,0
235774,1786553427961.706916,0,0,1,0,0,1,0,0
235775,1786553427962.806312,0,0,1,0,0,1,0,0
235776,1786553427963.735195,0,0,1,0,0,1,0,0
235777,1786553427964.744083,0,0,1,0,0,1,0,0
235778,1786553427965.750868,0,0,1,0,0,1,0,0
235779,1786553427966.759456,0,0,1,0,0,1,0,0
235780,1786553427967.767444,0,0,1,0,0,1,0,0
235781,1786553427968.784831,0,0,1,0,0,1,0,0
235782,1786553427969.800419,0,0,1,0,0,1,0,0
235783,1786553427970.796807,0,0,1,0,0,1,0,0
235784,1786553427971.802994,0,0,1,0,0,1,0,0
235785,1786553427972.809283,0,0,1,0,0,1,0,0
235786,1786553427973.817470,0,0,1,0,0,1,0,0
235787,1786553427974.842660,0,0,1,0,0,1,0,0
235788,1786553427975.840947,0,0,1,0,0,1,0,0
235789,1786553427976.846634,0,0,1,0,0,1,0,0
235790,1786553427977.860821,0,0,1,0,0,1,0,0
235791,1786553427978.871209,0,0,1,0,0,1,0,0
235792,1786553427979.876597,0,0,1,0,0,1,0,0
235793,1786553427980.882185,0,0,1,0,0,1,0,0
235794,1786553427981.889770,0,0,1,0,0,1,0,0
235795,1786553427982.897058,0,0,1,0,0,1,0,0
235796,1786553427983.907445,0,0,1,0,0,1,0,0
235797,1786553427984.937635,0,0,1,0,0,1,0,0
235798,1786553427985.931021,0,0,1,0,0,1,0,0
235799,1786553427986.936008,0,0,1,0,0,1,0,0
235800,1786553427987.942695,0,0,1,0,0,1,0,0
235801,1786553427988.950084,0,0,1,0,0,1,0,0
235802,1786553427989.957172,0,0,1,0,0,1,0,0
235803,1786553427990.965461,0,0,1,0,0,1,0,0
235804,1786553427991.974048,0,0,1,0,0,1,0,0
235805,1786553427992.982436,0,0,1,0,0,1,0,0
235806,1786553427994.262547,0,0,1,0,0,1,0,0
235807,1786553427995.260332,0,0,1,0,0,1,0,0
235808,1786553427996.265119,0,0,1,0,0,1,0,0
235809,1786553427997.273008,0,0,1,0,0,1,0,0
235810,1786553427998.279195,0,0,1,0,0,1,0,0
235811,1786553427999.287683,0,0,1,0,0,1,0,0
235812,1786553428000.295869,0,0,1,0,0,1,0,0
235813,1786553428001.311057,0,0,1,0,0,1,0,0
235814,1786553428002.312643,0,0,1,0,0,1,0,0
235815,1786553428003.322632,0,0,1,0,0,1,0,0
235816,1786553428004.327818,0,0,1,0,0,1,0,0
235817,1786553428005.336707,0,0,1,0,0,1,0,0
235818,1786553428006.357395,0,0,1,0,0,1,0,0
235819,1786553428007.357484,0,0,1,0,0,1,0,0
235820,1786553428008.360471,0,0,1,0,0,1,0,0
235821,1786553428009.391660,0,0,1,0,0,1,0,0
235822,1786553428010.402748,0,0,1,0,0,1,0,0
235823,1786553428011.407836,0,0,1,0,0,1,0,0
235824,1786553428012.408724,0,0,1,0,0,1,0,0
235825,1786553428013.416911,0,0,1,0,0,1,0,0
235826,1786553428014.424499,0,0,1,0,0,1,0,0
235827,1786553428015.433487,0,0,1,0,0,1,0,0
235828,1786553428016.441874,0,0,1,0,0,1,0,0
235829,1786553428017.450962,0,0,1,0,0,1,0,0
235830,1786553428018.459149,0,0,1,0,0,1,0,0
235831,1786553428019.467737,0,0,1,0,0,1,0,0
235832,1786553428020.476325,0,0,1,0,0,1,0,0
235833,1786553428021.485513,0,0,1,0,0,1,0,0
235834,1786553428022.493900,0,0,1,0,0,1,0,0
235835,1786553428023.502587,0,0,1,0,0,1,0,0
235836,1786553428024.517476,0,0,1,0,0,1,0,0
235837,1786553428025.543066,0,0,1,0,0,1,0,0
235838,1786553428026.588556,0,0,1,0,0,1,0,0
235839,1786553428027.545139,0,0,1,0,0,1,0,0
235840,1786553428028.550727,0,0,1,0,0,1,0,0
235841,1786553428029.555914,0,0,1,0,0,1,0,0
235842,1786553428030.565600,0,0,1,0,0,1,0,0
235843,1786553428031.570489,0,0,1,0,0,1,0,0
235844,1786553428032.575373,0,0,1,0,0,1,0,0
235845,1786553428033.581460,0,0,1,0,0,1,0,0
235846,1786553428034.587947,0,0,1,0,0,1,0,0
235847,1786553428035.595134,0,0,1,0,0,1,0,0
235848,1786553428036.601920,0,0,1,0,0,1,0,0
235849,1786553428037.612307,0,0,1,0,0,1,0,0
235850,1786553428038.619995,0,0,1,0,0,1,0,0
235851,1786553428039.650683,0,0,1,0,0,1,0,0
235852,1786553428040.685373,0,0,1,0,0,1,0,0
235853,1786553428041.659959,0,0,1,0,0,1,0,0
235854,1786553428042.669345,0,0,1,0,0,1,0,0
235855,1786553428043.676132,0,0,1,0,0,1,0,0
235856,1786553428044.677720,0,0,1,0,0,1,0,0
235857,1786553428045.683508,0,0,1,0,0,1,0,0
235858,1786553428046.689996,0,0,1,0,0,1,0,0
235859,1786553428047.723686,0,0,1,0,0,1,0,0
235860,1786553428048.707173,0,0,1,0,0,1,0,0
235861,1786553428049.732961,0,0,1,0,0,1,0,0
235862,1786553428050.730447,0,0,1,0,0,1,0,0
235863,1786553428051.732231,0,0,1,0,0,1,0,0
235864,1786553428052.739319,0,0,1,0,0,1,0,0
235865,1786553428053.750408,0,0,1,0,0,1,0,0
235866,1786553428054.767196,0,0,1,0,0,1,0,0
235867,1786553428055.841590,0,0,1,0,0,1,0,0
235868,1786553428056.799573,0,0,1,0,0,1,0,0
235869,1786553428057.792461,0,0,1,0,0,1,0,0
235870,1786553428058.799449,0,0,1,0,0,1,0,0
235871,1786553428059.806536,0,0,1,0,0,1,0,0
235872,1786553428060.814322,0,0,1,0,0,1,0,0
235873,1786553428061.841212,0,0,1,0,0,1,0,0
235874,1786553428062.846000,0,0,1,0,0,1,0,0
235875,1786553428063.856487,0,0,1,0,0,1,0,0
235876,1786553428064.876376,0,0,1,0,0,1,0,0
235877,1786553428065.873761,0,0,1,0,0,1,0,0
235878,1786553428066.883449,0,0,1,0,0,1,0,0
235879,1786553428067.889835,0,0,1,0,0,1,0,0
235880,1786553428068.897021,0,0,1,0,0,1,0,0
235881,1786553428069.928011,0,0,1,0,0,1,0,0
235882,1786553428070.936299,0,0,1,0,0,1,0,0
235883,1786553428071.930986,0,0,1,0,0,1,0,0
235884,1786553428072.937575,0,0,1,0,0,1,0,0
235885,1786553428073.945263,0,0,1,0,0,1,0,0
235886,1786553428074.951851,0,0,1,0,0,1,0,0
235887,1786553428075.959537,0,0,1,0,0,1,0,0
235888,1786553428076.967825,0,0,1,0,0,1,0,0
235889,1786553428077.975413,0,0,1,0,0,1,0,0
235890,1786553428078.979100,0,0,1,0,0,1,0,0
235891,1786553428079.986987,0,0,1,0,0,1,0,0
235892,1786553428080.995374,0,0,1,0,0,1,0,0
235893,1786553428082.006162,0,0,1,0,0,1,0,0
235894,1786553428083.035252,0,0,1,0,0,1,0,0
235895,1786553428084.056839,0,0,1,0,0,1,0,0
235896,1786553428085.521768,0,0,1,0,0,1,0,0
235897,1786553428086.054213,0,0,1,0,0,1,0,0
235898,1786553428087.059201,0,0,1,0,0,1,0,0
235899,1786553428088.066388,0,0,1,0,0,1,0,0
235900,1786553428089.074274,0,0,1,0,0,1,0,0
235901,1786553428090.081663,0,0,1,0,0,1,0,0
235902,1786553428091.091452,0,0,1,0,0,1,0,0
235903,1786553428092.099341,0,0,1,0,0,1,0,0
235904,1786553428093.106630,0,0,1,0,0,1,0,0
235905,1786553428094.123317,0,0,1,0,0,1,0,0
235906,1786553428095.130905,0,0,1,0,0,1,0,0
235907,1786553428096.140191,0,0,1,0,0,1,0,0
235908,1786553428097.147579,0,0,1,0,0,1,0,0
235909,1786553428098.155367,0,0,1,0,0,1,0,0
235910,1786553428099.187956,0,0,1,0,0,1,0,0
235911,1786553428100.197044,0,0,1,0,0,1,0,0
235912,1786553428101.211332,0,0,1,0,0,1,0,0
235913,1786553428102.202516,0,0,1,0,0,1,0,0
235914,1786553428103.204302,0,0,1,0,0,1,0,0
235915,1786553428104.213990,0,0,1,0,0,1,0,0
235916,1786553428105.219276,0,0,1,0,0,1,0,0
235917,1786553428106.228463,0,0,1,0,0,1,0,0
235918,1786553428107.234949,0,0,1,0,0,1,0,0
235919,1786553428108.245536,0,0,1,0,0,1,0,0
235920,1786553428109.250121,0,0,1,0,0,1,0,0
235921,1786553428110.258508,0,0,1,0,0,1,0,0
235922,1786553428111.267196,0,0,1,0,0,1,0,0
235923,1786553428112.274784,0,0,1,0,0,1,0,0
235924,1786553428113.283070,0,0,1,0,0,1,0,0
235925,1786553428114.290457,0,0,1,0,0,1,0,0
235926,1786553428115.318945,0,0,1,0,0,1,0,0
235927,1786553428116.595554,0,0,1,0,0,1,0,0
235928,1786553428117.572738,0,0,1,0,0,1,0,0
235929,1786553428118.576223,0,0,1,0,0,1,0,0
235930,1786553428119.587411,0,0,1,0,0,1,0,0
235931,1786553428120.620000,0,0,0,0,0,0,0,0
235932,1786553428121.633790,0,0,0,0,0,0,0,0
235933,1786553428122.663479,0,0,0,0,0,0,0,0
235934,1786553428123.680068,0,0,0,0,0,0,0,0
235935,1786553428124.693456,0,0,0,0,0,0,0,0
235936,1786553428125.704444,0,0,0,0,0,0,0,0
235937,1786553428126.688329,0,0,0,0,0,0,0,0
235938,1786553428127.715719,0,0,0,0,0,0,0,0
235939,1786553428128.718806,0,0,0,0,0,0,0,0
235940,1786553428129.744196,0,0,0,0,0,0,0,0
235941,1786553428130.789087,0,0,0,0,0,0,0,0
235942,1786553428131.797876,0,0,0,0,0,0,0,0
235943,1786553428132.773661,0,0,0,0,0,0,0,0
235944,1786553428133.799451,0,0,0,0,0,0,0,0
235945,1786553428134.832343,0,0,0,0,0,0,0,0
235946,1786553428135.808329,0,0,0,0,0,0,0,0
235947,1786553428136.809116,0,0,0,0,0,0,0,0
235948,1786553428137.817004,0,0,0,0,0,0,0,0
235949,1786553428138.832793,0,0,0,0,0,0,0,0
235950,1786553428139.847981,0,0,0,0,0,0,0,0
235951,1786553428140.850569,0,0,0,0,0,0,0,0
235952,1786553428141.860756,0,0,0,0,0,0,0,0
235953,1786553428142.869745,0,0,0,0,0,0,0,0
235954,1786553428143.875832,0,0,0,0,0,0,0,0
235955,1786553428144.894720,0,0,0,0,0,0,0,0
235956,1786553428146.077323,0,0,0,0,0,0,0,0
235957,1786553428146.928796,0,0,0,0,0,0,0,0
235958,1786553428147.916481,0,0,0,0,0,0,0,0
235959,1786553428148.924768,0,0,0,0,0,0,0,0
235960,1786553428149.928254,0,0,0,0,0,0,0,0
235961,1786553428150.941443,0,0,0,0,0,0,0,0
235962,1786553428151.946729,0,0,0,0,0,0,0,0
235963,1786553428152.959718,0,0,0,0,0,0,0,0
235964,1786553428153.966904,0,0,0,0,0,0,0,0
235965,1786553428154.977492,0,0,0,0,0,0,0,0
235966,1786553428155.984379,0,0,0,0,0,0,0,0
235967,1786553428156.992466,0,0,0,0,0,0,0,0
235968,1786553428158.001554,0,0,0,0,0,0,0,0
235969,1786553428159.011041,0,0,0,0,0,0,0,0
235970,1786553428160.025728,0,0,0,0,0,0,0,0
235971,1786553428161.031514,0,0,0,0,0,0,0,0
235972,1786553428162.044502,0,0,0,0,0,0,0,0
235973,1786553428163.059191,0,0,0,0,0,0,0,0
235974,1786553428164.057978,0,0,0,0,0,0,0,0
235975,1786553428165.063865,0,0,0,0,0,0,0,0
235976,1786553428166.069553,0,0,0,0,0,0,0,0
235977,1786553428167.078541,0,0,0,0,0,0,0,0
235978,1786553428168.089627,0,0,0,0,0,0,0,0
235979,1786553428169.096015,0,0,0,0,0,0,0,0
235980,1786553428170.102902,0,0,0,0,0,0,0,0
235981,1786553428171.110890,0,0,0,0,0,0,0,0
235982,1786553428172.118577,0,0,0,0,0,0,0,0
235983,1786553428173.126764,0,0,0,0,0,0,0,0
235984,1786553428174.133552,0,0,0,0,0,0,0,0
235985,1786553428175.142741,0,0,0,0,0,0,0,0
235986,1786553428176.213134,0,0,0,0,0,0,0,0
235987,1786553428177.168717,0,0,0,0,0,0,0,0
235988,1786553428178.172805,0,0,0,0,0,0,0,0
235989,1786553428179.187093,0,0,0,0,0,0,0,0
235990,1786553428180.189481,0,0,0,0,0,0,0,0
235991,1786553428181.195966,0,0,0,0,0,0,0,0
235992,1786553428182.203356,0,0,0,0,0,0,0,0
235993,1786553428183.212042,0,0,0,0,0,0,0,0
235994,1786553428184.220931,0,0,0,0,0,0,0,0
235995,1786553428185.229020,0,0,0,0,0,0,0,0
235996,1786553428186.237307,0,0,0,0,0,0,0,0
235997,1786553428187.246694,0,0,0,0,0,0,0,0
235998,1786553428188.256982,0,0,0,0,0,0,0,0
235999,1786553428189.267170,0,0,0,0,0,0,0,0
236000,1786553428190.316159,0,0,0,0,0,0,0,0
236001,1786553428191.474860,0,0,0,0,0,0,0,0
236002,1786553428192.383839,0,0,0,0,0,0,0,0
236003,1786553428193.396928,0,0,0,0,0,0,0,0
236004,1786553428194.350511,0,0,0,0,0,0,0,0
236005,1786553428195.366199,0,0,0,0,0,0,0,0
236006,1786553428196.374086,0,0,0,0,0,0,0,0
236007,1786553428197.382273,0,0,0,0,0,0,0,0
236008,1786553428198.396061,0,0,0,0,0,0,0,0
236009,1786553428199.405048,0,0,0,0,0,0,0,0
236010,1786553428200.416036,0,0,0,0,0,0,0,0
236011,1786553428201.424425,0,0,0,0,0,0,0,0
236012,1786553428202.434614,0,0,0,0,0,0,0,0
236013,1786553428203.444001,0,0,0,0,0,0,0,0
236014,1786553428204.461190,0,0,0,0,0,0,0,0
236015,1786553428205.466677,0,0,0,0,0,0,0,0
236016,1786553428206.471965,0,0,0,0,0,0,0,0
236017,1786553428207.480352,0,0,0,0,0,0,0,0
236018,1786553428208.489239,0,0,0,0,0,0,0,0
236019,1786553428209.498327,0,0,0,0,0,0,0,0
236020,1786553428210.508014,0,0,0,0,0,0,0,0
236021,1786553428211.517902,0,0,0,0,0,0,0,0
236022,1786553428212.531990,0,0,0,0,0,0,0,0
236023,1786553428213.536577,0,0,0,0,0,0,0,0
236024,1786553428214.545665,0,0,0,0,0,0,0,0
236025,1786553428215.552953,0,0,0,0,0,0,0,0
236026,1786553428216.566041,0,0,0,0,0,0,0,0
236027,1786553428217.575829,0,0,0,0,0,0,0,0
236028,1786553428218.584817,0,0,0,0,0,0,0,0
236029,1786553428219.591704,0,0,0,0,0,0,0,0
236030,1786553428220.616893,0,0,0,0,0,0,0,0
236031,1786553428221.614080,0,0,0,0,0,0,0,0
236032,1786553428222.618167,0,0,0,0,0,0,0,0
236033,1786553428223.625754,0,0,0,0,0,0,0,0
236034,1786553428224.633140,0,0,0,0,0,0,0,0
236035,1786553428225.641727,0,0,0,0,0,0,0,0
236036,1786553428226.651314,0,0,0,0,0,0,0,0
236037,1786553428227.665900,0,0,0,0,0,0,0,0
236038,1786553428228.670687,0,0,0,0,0,0,0,0
236039,1786553428229.679275,0,0,0,0,0,0,0,0
236040,1786553428230.685362,0,0,0,0,0,0,0,0
236041,1786553428231.692949,0,0,0,0,0,0,0,0
236042,1786553428232.699336,0,0,0,0,0,0,0,0
236043,1786553428233.708424,0,0,0,0,0,0,0,0
236044,1786553428234.717412,0,0,0,0,0,0,0,0
236045,1786553428235.726501,0,0,0,0,0,0,0,0
236046,1786553428236.741688,0,0,0,0,0,0,0,0
236047,1786553428237.809782,0,0,0,0,0,0,0,0
236048,1786553428238.785968,0,0,0,0,0,0,0,0
236049,1786553428239.785254,0,0,0,0,0,0,0,0
236050,1786553428240.793742,0,0,0,0,0,0,0,0
236051,1786553428241.802429,0,0,0,0,0,0,0,0
236052,1786553428242.810817,0,0,0,0,0,0,0,0
236053,1786553428243.847308,0,0,0,0,0,0,0,0
236054,1786553428244.867796,0,0,0,0,0,0,0,0
236055,1786553428245.848579,0,0,0,0,0,0,0,0
236056,1786553428246.859469,0,0,0,0,0,0,0,0
236057,1786553428247.862557,0,0,0,0,0,0,0,0
236058,1786553428248.879245,0,0,0,0,0,0,0,0
236059,1786553428249.882333,0,0,0,0,0,0,0,0
236060,1786553428250.896021,0,0,0,0,0,0,0,0
236061,1786553428252.008317,0,0,0,0,0,0,0,0
236062,1786553428252.976801,0,0,0,0,0,0,0,0
236063,1786553428253.961487,0,0,0,0,0,0,0,0
236064,1786553428254.968874,0,0,0,0,0,0,0,0
236065,1786553428255.978962,0,0,0,0,0,0,0,0
236066,1786553428256.981148,0,0,0,0,0,0,0,0
236067,1786553428257.985635,0,0,0,0,0,0,0,0
236068,1786553428258.987823,0,0,0,0,0,0,0,0
236069,1786553428259.998510,0,0,0,0,0,0,0,0
236070,1786553428261.002795,0,0,0,0,0,0,0,0
236071,1786553428262.009482,0,0,0,0,0,0,0,0
236072,1786553428263.017570,0,0,0,0,0,0,0,0
236073,1786553428264.026358,0,0,0,0,0,0,0,0
236074,1786553428265.035145,0,0,0,0,0,0,0,0
236075,1786553428266.043334,0,0,0,0,0,0,0,0
236076,1786553428267.055322,0,0,0,0,0,0,0,0
236077,1786553428268.062410,0,0,0,0,0,0,0,0
236078,1786553428269.070797,0,0,0,0,0,0,0,0
236079,1786553428270.078785,0,0,0,0,0,0,0,0
236080,1786553428271.089674,0,0,0,0,0,0,0,0
236081,1786553428272.097862,0,0,0,0,0,0,0,0
236082,1786553428273.102749,0,0,0,0,0,0,0,0
236083,1786553428274.112735,0,0,0,0,0,0,0,0
236084,1786553428275.118024,0,0,0,0,0,0,0,0
236085,1786553428276.126111,0,0,0,0,0,0,0,0
236086,1786553428277.136698,0,0,0,0,0,0,0,0
236087,1786553428278.141286,0,0,0,0,0,0,0,0
236088,1786553428279.146072,0,0,0,0,0,0,0,0
236089,1786553428280.156459,0,0,0,0,0,0,0,0
236090,1786553428281.165647,0,0,0,0,0,0,0,0
236091,1786553428282.183235,0,0,0,0,0,0,0,0
236092,1786553428283.215227,0,0,0,0,0,0,0,0
236093,1786553428284.204214,0,0,0,0,0,0,0,0
236094,1786553428285.205901,0,0,0,0,0,0,0,0
236095,1786553428286.214391,0,0,0,0,0,0,0,0
236096,1786553428287.219280,0,0,0,0,0,0,0,0
236097,1786553428288.229868,0,0,0,0,0,0,0,0
236098,1786553428289.234256,0,0,0,0,0,0,0,0
236099,1786553428290.244443,0,0,0,0,0,0,0,0
236100,1786553428291.250530,0,0,0,0,0,0,0,0
236101,1786553428292.258818,0,0,0,0,0,0,0,0
236102,1786553428293.274306,0,0,0,0,0,0,0,0
236103,1786553428294.285694,0,0,0,0,0,0,0,0
236104,1786553428295.292381,0,0,0,0,0,0,0,0
236105,1786553428296.302668,0,0,0,0,0,0,0,0
236106,1786553428297.316156,0,0,0,0,0,0,0,0
236107,1786553428298.340146,0,0,0,0,0,0,0,0
236108,1786553428299.339232,0,0,0,0,0,0,0,0
236109,1786553428300.344721,0,0,0,0,0,0,0,0
236110,1786553428301.351707,0,0,0,0,0,0,0,0
236111,1786553428302.364194,0,0,0,0,0,0,0,0
236112,1786553428303.371383,0,0,0,0,0,0,0,0
236113,1786553428304.381169,0,0,0,0,0,0,0,0
236114,1786553428305.389757,0,0,0,0,0,0,0,0
236115,1786553428306.399545,0,0,0,0,0,0,0,0
236116,1786553428307.408932,0,0,0,0,0,0,0,0
236117,1786553428308.418320,0,0,0,0,0,0,0,0
236118,1786553428309.438408,0,0,0,0,0,0,0,0
236119,1786553428310.442695,0,0,0,0,0,0,0,0
236120,1786553428311.448581,0,0,0,0,0,0,0,0
236121,1786553428312.456469,0,0,0,0,0,0,0,0
236122,1786553428313.991202,0,0,0,0,0,0,0,0
236123,1786553428314.999890,0,0,0,0,0,0,0,0
236124,1786553428316.007876,0,0,0,0,0,0,0,0
236125,1786553428317.002364,0,0,0,0,0,0,0,0
236126,1786553428318.011252,0,0,0,0,0,0,0,0
236127,1786553428319.017441,0,0,0,0,0,0,0,0
236128,1786553428320.029830,0,0,0,0,0,0,0,0
236129,1786553428321.035917,0,0,0,0,0,0,0,0
236130,1786553428322.046503,0,0,0,0,0,0,0,0
236131,1786553428323.053290,0,0,0,0,0,0,0,0
236132,1786553428324.065178,0,0,0,0,0,0,0,0
236133,1786553428325.082866,0,0,0,0,0,0,0,0
236134,1786553428326.087352,0,0,0,0,0,0,0,0
236135,1786553428327.094639,0,0,0,0,0,0,0,0
236136,1786553428328.122729,0,0,0,0,0,0,0,0
236137,1786553428329.124915,0,0,0,0,0,0,0,0
236138,1786553428330.125403,0,0,0,0,0,0,0,0
236139,1786553428331.132191,0,0,0,0,0,0,0,0
236140,1786553428332.141779,0,0,0,0,0,0,0,0
236141,1786553428333.148967,0,0,0,0,0,0,0,0
236142,1786553428334.158955,0,0,0,0,0,0,0,0
236143,1786553428335.167743,0,0,0,0,0,0,0,0
236144,1786553428336.177731,0,0,0,0,0,0,0,0
236145,1786553428337.186619,0,0,0,0,0,0,0,0
236146,1786553428338.196006,0,0,0,0,0,0,0,0
236147,1786553428339.203894,0,0,0,0,0,0,0,0
236148,1786553428340.210983,0,0,0,0,0,0,0,0
236149,1786553428341.219370,0,0,0,0,0,0,0,0
236150,1786553428342.232958,0,0,0,0,0,0,0,0
236151,1786553428343.237547,0,0,0,0,0,0,0,0
236152,1786553428344.290437,0,0,0,0,0,0,0,0
236153,1786553428345.287124,0,0,0,0,0,0,0,0
236154,1786553428346.295111,0,0,0,0,0,0,0,0
236155,1786553428347.302098,0,0,0,0,0,0,0,0
236156,1786553428348.309785,0,0,0,0,0,0,0,0
236157,1786553428349.317674,0,0,0,0,0,0,0,0
236158,1786553428350.325763,0,0,0,0,0,0,0,0
236159,1786553428351.331549,0,0,0,0,0,0,0,0
236160,1786553428352.340337,0,0,0,0,0,0,0,0
236161,1786553428353.348824,0,0,0,0,0,0,0,0
236162,1786553428354.356412,0,0,0,0,0,0,0,0
236163,1786553428355.364999,0,0,0,0,0,0,0,0
236164,1786553428356.372886,0,0,0,0,0,0,0,0
236165,1786553428357.380073,0,0,0,0,0,0,0,0
236166,1786553428358.400563,0,0,0,0,0,0,0,0
236167,1786553428359.416851,0,0,0,0,0,0,0,0
236168,1786553428360.418039,0,0,0,0,0,0,0,0
236169,1786553428361.425526,0,0,0,0,0,0,0,0
236170,1786553428362.432513,0,0,0,0,0,0,0,0
236171,1786553428363.442301,0,0,0,0,0,0,0,0
236172,1786553428364.449588,0,0,0,0,0,0,0,0
236173,1786553428365.456375,0,0,0,0,0,0,0,0
236174,1786553428366.464462,0,0,0,0,0,0,0,0
236175,1786553428367.473549,0,0,0,0,0,0,0,0
236176,1786553428368.483236,0,0,0,0,0,0,0,0
236177,1786553428369.491225,0,0,0,0,0,0,0,0
236178,1786553428370.498812,0,0,0,0,0,0,0,0
236179,1786553428371.506999,0,0,0,0,0,0,0,0
236180,1786553428372.515386,0,0,0,0,0,0,0,0
236181,1786553428373.520873,0,0,0,0,0,0,0,0
236182,1786553428374.549963,0,0,0,0,0,0,0,0
236183,1786553428376.354220,0,0,0,0,0,0,0,0
236184,1786553428377.037281,0,0,0,0,0,0,0,0
236185,1786553428378.036168,0,0,0,0,0,0,0,0
236186,1786553428379.041256,0,0,0,0,0,0,0,0
236187,1786553428380.063245,0,0,0,0,0,0,0,0
236188,1786553428381.058733,0,0,0,0,0,0,0,0
236189,1786553428382.065519,0,0,0,0,0,0,0,0
236190,1786553428383.074107,0,0,0,0,0,0,0,0
236191,1786553428384.083594,0,0,0,0,0,0,0,0
236192,1786553428385.092482,0,0,0,0,0,0,0,0
236193,1786553428386.101870,0,0,0,0,0,0,0,0
236194,1786553428387.110857,0,0,0,0,0,0,0,0
236195,1786553428388.122644,0,0,0,0,0,0,0,0
236196,1786553428389.129332,0,0,0,0,0,0,0,0
236197,1786553428390.181124,0,0,0,0,0,0,0,0
236198,1786553428391.172611,0,0,0,0,0,0,0,0
236199,1786553428392.168298,0,0,0,0,0,0,0,0
236200,1786553428393.175285,0,0,0,0,0,0,0,0
236201,1786553428394.188372,0,0,0,0,0,0,0,0
236202,1786553428395.195460,0,0,0,0,0,0,0,0
236203,1786553428396.206647,0,0,0,0,0,0,0,0
236204,1786553428397.214835,0,0,0,0,0,0,0,0
236205,1786553428398.229224,0,0,0,0,0,0,0,0
236206,1786553428399.232812,0,0,0,0,0,0,0,0
236207,1786553428400.243100,0,0,0,0,0,0,0,0
236208,1786553428401.257088,0,0,0,0,0,0,0,0
236209,1786553428402.258476,0,0,0,0,0,0,0,0
236210,1786553428403.266164,0,0,0,0,0,0,0,0
236211,1786553428404.276651,0,0,0,0,0,0,0,0
236212,1786553428405.360744,0,0,0,0,0,0,0,0
236213,1786553428406.325727,0,0,0,0,0,0,0,0
236214,1786553428407.361418,0,0,0,0,0,0,0,0
236215,1786553428408.348503,0,0,0,0,0,0,0,0
236216,1786553428409.344790,0,0,0,0,0,0,0,0
236217,1786553428410.348377,0,0,0,0,0,0,0,0
236218,1786553428411.354166,0,0,0,0,0,0,0,0
236219,1786553428412.359952,0,0,0,0,0,0,0,0
236220,1786553428413.365239,0,0,0,0,0,0,0,0
236221,1786553428414.370427,0,0,0,0,0,0,0,0
236222,1786553428415.375314,0,0,0,0,0,0,0,0
236223,1786553428416.380099,0,0,0,0,0,0,0,0
236224,1786553428417.387487,0,0,0,0,0,0,0,0
236225,1786553428418.394674,0,0,0,0,0,0,0,0
236226,1786553428419.401161,0,0,0,0,0,0,0,0
236227,1786553428420.420251,0,0,0,0,0,0,0,0
236228,1786553428421.424038,0,0,0,0,0,0,0,0
236229,1786553428422.431125,0,0,0,0,0,0,0,0
236230,1786553428423.452513,0,0,0,0,0,0,0,0
236231,1786553428424.452300,0,0,0,0,0,0,0,0
236232,1786553428425.456986,0,0,0,0,0,0,0,0
236233,1786553428426.467475,0,0,0,0,0,0,0,0
236234,1786553428427.472963,0,0,0,0,0,0,0,0
236235,1786553428428.481650,0,0,0,0,0,0,0,0
236236,1786553428429.488738,0,0,0,0,0,0,0,0
236237,1786553428430.497226,0,0,0,0,0,0,0,0
236238,1786553428431.515713,0,0,0,0,0,0,0,0
236239,1786553428432.522100,0,0,0,0,0,0,0,0
236240,1786553428433.523687,0,0,0,0,0,0,0,0
236241,1786553428434.528975,0,0,0,0,0,0,0,0
236242,1786553428435.549262,0,0,0,0,0,0,0,0
236243,1786553428436.566651,0,0,0,0,0,0,0,0
236244,1786553428437.562738,0,0,0,0,0,0,0,0
236245,1786553428438.569126,0,0,0,0,0,0,0,0
236246,1786553428439.577214,0,0,0,0,0,0,0,0
236247,1786553428440.585903,0,0,0,0,0,0,0,0
236248,1786553428441.594191,0,0,0,0,0,0,0,0
236249,1786553428442.599981,0,0,0,0,0,0,0,0
236250,1786553428443.607467,0,0,0,0,0,0,0,0
236251,1786553428444.615154,0,0,0,0,0,0,0,0
236252,1786553428445.624442,0,0,0,0,0,0,0,0
236253,1786553428446.632830,0,0,0,0,0,0,0,0
236254,1786553428447.638416,0,0,0,0,0,0,0,0
236255,1786553428448.648205,0,0,0,0,0,0,0,0
236256,1786553428449.656893,0,0,0,0,0,0,0,0
236257,1786553428450.673881,0,0,0,0,0,0,0,0
236258,1786553428451.682269,0,0,0,0,0,0,0,0
236259,1786553428452.690256,0,0,0,0,0,0,0,0
236260,1786553428453.697444,0,0,0,0,0,0,0,0
236261,1786553428454.707331,0,0,0,0,0,0,0,0
236262,1786553428455.719118,0,0,0,0,0,0,0,0
236263,1786553428456.726905,0,0,0,0,0,0,0,0
236264,1786553428457.732292,0,0,0,0,0,0,0,0
236265,1786553428458.742680,0,0,0,0,0,0,0,0
236266,1786553428459.750169,0,0,0,0,0,0,0,0
236267,1786553428460.761056,0,0,0,0,0,0,0,0
236268,1786553428461.767344,0,0,0,0,0,0,0,0
236269,1786553428462.780630,0,0,0,0,0,0,0,0
236270,1786553428463.786617,0,0,0,0,0,0,0,0
236271,1786553428464.805203,0,0,0,0,0,0,0,0
236272,1786553428465.801690,0,0,0,0,0,0,0,0
236273,1786553428466.820278,0,0,0,0,0,0,0,0
236274,1786553428467.903275,0,0,0,0,0,0,0,0
236275,1786553428468.883059,0,0,0,0,0,0,0,0
236276,1786553428469.882644,0,0,0,0,0,0,0,0
236277,1786553428470.943736,0,0,0,0,0,0,0,0
236278,1786553428471.942923,0,0,0,0,0,0,0,0
236279,1786553428472.946109,0,0,0,0,0,0,0,0
236280,1786553428473.929794,0,0,0,0,0,0,0,0
236281,1786553428474.944681,0,0,0,0,0,0,0,0
236282,1786553428475.945769,0,0,0,0,0,0,0,0
236283,1786553428476.950756,0,0,0,0,0,0,0,0
236284,1786553428478.005148,0,0,0,0,0,0,0,0
236285,1786553428479.013937,0,0,0,0,0,0,0,0
236286,1786553428480.026226,0,0,0,0,0,0,0,0
236287,1786553428481.030414,0,0,0,0,0,0,0,0
236288,1786553428482.015199,0,0,0,0,0,0,0,0
236289,1786553428483.049189,0,0,0,0,0,0,0,0
236290,1786553428484.043675,0,0,0,0,0,0,0,0
236291,1786553428485.052864,0,0,0,0,0,0,0,0
236292,1786553428486.060453,0,0,0,0,0,0,0,0
236293,1786553428487.068740,0,0,0,0,0,0,0,0
236294,1786553428488.077228,0,0,0,0,0,0,0,0
236295,1786553428489.097218,0,0,0,0,0,0,0,0
236296,1786553428490.097004,0,0,0,0,0,0,0,0
236297,1786553428491.106590,0,0,0,0,0,0,0,0
236298,1786553428492.113777,0,0,0,0,0,0,0,0
236299,1786553428493.121665,0,0,0,0,0,0,0,0
236300,1786553428494.153554,0,0,0,0,0,0,0,0
236301,1786553428495.161542,0,0,0,0,0,0,0,0
236302,1786553428496.167929,0,0,0,0,0,0,0,0
236303,1786553428497.177617,0,0,0,0,0,0,0,0
236304,1786553428498.184805,0,0,0,0,0,0,0,0
236305,1786553428499.267099,0,0,0,0,0,0,0,0
236306,1786553428500.227682,0,0,0,0,0,0,0,0
236307,1786553428501.220970,0,0,0,0,0,0,0,0
236308,1786553428502.228059,0,0,0,0,0,0,0,0
236309,1786553428503.249147,0,0,0,0,0,0,0,0
236310,1786553428504.252134,0,0,0,0,0,0,0,0
236311,1786553428505.272022,0,0,0,0,0,0,0,0
236312,1786553428506.274110,0,0,0,0,0,0,0,0
236313,1786553428507.276597,0,0,0,0,0,0,0,0
236314,1786553428508.282684,0,0,0,0,0,0,0,0
236315,1786553428509.289571,0,0,0,0,0,0,0,0
236316,1786553428510.295356,0,0,0,0,0,0,0,0
236317,1786553428511.302244,0,0,0,0,0,0,0,0
236318,1786553428512.307131,0,0,0,0,0,0,0,0
236319,1786553428513.313017,0,0,0,0,0,0,0,0
236320,1786553428514.326906,0,0,0,0,0,0,0,0
236321,1786553428515.338693,0,0,0,0,0,0,0,0
236322,1786553428516.348480,0,0,0,0,0,0,0,0
236323,1786553428517.354966,0,0,0,0,0,0,0,0
236324,1786553428518.363353,0,0,0,0,0,0,0,0
236325,1786553428519.371042,0,0,0,0,0,0,0,0
236326,1786553428520.383329,0,0,0,0,0,0,0,0
236327,1786553428521.394516,0,0,0,0,0,0,0,0
236328,1786553428522.400301,0,0,0,0,0,0,0,0
236329,1786553428523.407489,0,0,0,0,0,0,0,0
236330,1786553428524.416076,0,0,0,0,0,0,0,0
236331,1786553428525.421864,0,0,0,0,0,0,0,0
236332,1786553428526.430051,0,0,0,0,0,0,0,0
236333,1786553428527.437839,0,0,0,0,0,0,0,0
236334,1786553428528.447827,0,0,0,0,0,0,0,0
236335,1786553428529.472816,0,0,0,0,0,0,0,0
236336,1786553428530.498005,0,0,0,0,0,0,0,0
236337,1786553428531.490892,0,0,0,0,0,0,0,0
236338,1786553428532.492078,0,0,0,0,0,0,0,0
236339,1786553428533.498465,0,0,0,0,0,0,0,0
236340,1786553428534.505951,0,0,0,0,0,0,0,0
236341,1786553428535.512739,0,0,0,0,0,0,0,0
236342,1786553428536.597534,0,0,0,0,0,0,0,0
236343,1786553428537.538516,0,0,0,0,0,0,0,0
236344,1786553428538.547202,0,0,0,0,0,0,0,0
236345,1786553428539.551490,0,0,0,0,0,0,0,0
236346,1786553428540.562578,0,0,0,0,0,0,0,0
236347,1786553428541.570267,0,0,0,0,0,0,0,0
236348,1786553428542.575556,0,0,0,0,0,0,0,0
236349,1786553428543.602645,0,0,0,0,0,0,0,0
236350,1786553428544.621134,0,0,0,0,0,0,0,0
236351,1786553428545.610119,0,0,0,0,0,0,0,0
236352,1786553428546.617808,0,0,0,0,0,0,0,0
236353,1786553428547.626494,0,0,0,0,0,0,0,0
236354,1786553428548.632282,0,0,0,0,0,0,0,0
236355,1786553428549.643371,0,0,0,0,0,0,0,0
236356,1786553428550.648758,0,0,0,0,0,0,0,0
236357,1786553428551.654147,0,0,0,0,0,0,0,0
236358,1786553428552.672036,0,0,0,0,0,0,0,0
236359,1786553428553.683725,0,0,0,0,0,0,0,0
236360,1786553428554.692213,0,0,0,0,0,0,0,0
236361,1786553428555.694600,0,0,0,0,0,0,0,0
236362,1786553428556.706788,0,0,0,0,0,0,0,0
236363,1786553428557.711374,0,0,0,0,0,0,0,0
236364,1786553428558.773866,0,0,0,0,0,0,0,0
236365,1786553428559.803156,0,0,0,0,0,0,0,0
236366,1786553428560.815945,0,0,0,0,0,0,0,0
236367,1786553428561.848134,0,0,0,0,0,0,0,0
236368,1786553428562.866723,0,0,0,0,0,0,0,0
236369,1786553428563.879312,0,0,0,0,0,0,0,0
236370,1786553428564.904000,0,0,0,0,0,0,0,0
236371,1786553428565.908687,0,0,0,0,0,0,0,0
236372,1786553428566.927674,0,0,0,0,0,0,0,0
236373,1786553428567.941261,0,0,0,0,0,0,0,0
236374,1786553428568.957450,0,0,0,0,0,0,0,0
236375,1786553428569.983239,0,0,0,0,0,0,0,0
236376,1786553428570.985025,0,0,0,0,0,0,0,0
236377,1786553428572.002113,0,0,0,0,0,0,0,0
236378,1786553428573.008201,0,0,0,0,0,0,0,0
236379,1786553428574.027189,0,0,0,0,0,0,0,0
236380,1786553428575.039977,0,0,0,0,0,0,0,0
236381,1786553428576.045766,0,0,0,0,0,0,0,0
236382,1786553428577.071054,0,0,0,0,0,0,0,0
236383,1786553428578.081842,0,0,0,0,0,0,0,0
236384,1786553428579.080329,0,0,0,0,0,0,0,0
236385,1786553428580.116321,0,0,0,0,0,0,0,0
236386,1786553428581.130108,0,0,0,0,0,0,0,0
236387,1786553428582.147996,0,0,0,0,0,0,0,0
236388,1786553428583.152182,0,0,0,0,0,0,0,0
236389,1786553428584.181172,0,0,0,0,0,0,0,0
236390,1786553428585.197261,0,0,0,0,0,0,0,0
236391,1786553428586.163644,0,0,0,0,0,0,0,0
236392,1786553428587.164432,0,0,0,0,0,0,0,0
236393,1786553428588.174220,0,0,0,0,0,0,0,0
236394,1786553428589.178706,0,0,0,0,0,0,0,0
236395,1786553428590.259200,0,0,0,0,0,0,0,0
236396,1786553428591.220784,0,0,0,0,0,0,0,0
236397,1786553428592.218371,0,0,0,0,0,0,0,0
236398,1786553428593.223657,0,0,0,0,0,0,0,0
236399,1786553428594.230646,0,0,0,0,0,0,0,0
236400,1786553428595.239133,0,0,0,0,0,0,0,0
236401,1786553428596.245521,0,0,0,0,0,0,0,0
236402,1786553428597.259812,0,0,0,0,0,0,0,0
236403,1786553428598.265300,0,0,0,0,0,0,0,0
236404,1786553428599.275387,0,0,0,0,0,0,0,0
236405,1786553428600.280976,0,0,0,0,0,0,0,0
236406,1786553428601.314365,0,0,0,0,0,0,0,0
236407,1786553428602.304551,0,0,0,0,0,0,0,0
236408,1786553428603.315239,0,0,0,0,0,0,0,0
236409,1786553428604.324626,0,0,0,0,0,0,0,0
236410,1786553428605.332413,0,0,0,0,0,0,0,0
236411,1786553428606.337899,0,0,0,0,0,0,0,0
236412,1786553428607.346388,0,0,0,0,0,0,0,0
236413,1786553428608.352574,0,0,0,0,0,0,0,0
236414,1786553428609.361763,0,0,0,0,0,0,0,0
236415,1786553428610.370151,0,0,0,0,0,0,0,0
236416,1786553428611.376338,0,0,0,0,0,0,0,0
236417,1786553428612.384926,0,0,0,0,0,0,0,0
236418,1786553428613.393114,0,0,0,0,0,0,0,0
236419,1786553428614.402401,0,0,0,0,0,0,0,0
236420,1786553428615.410290,0,0,0,0,0,0,0,0
236421,1786553428616.418276,0,0,0,0,0,0,0,0
236422,1786553428617.438965,0,0,0,0,0,0,0,0
236423,1786553428618.437552,0,0,0,0,0,0,0,0
236424,1786553428619.801271,0,0,0,0,0,0,0,0
236425,1786553428620.727952,0,0,0,0,0,0,0,0
236426,1786553428621.726537,0,0,0,0,0,0,0,0
236427,1786553428622.737726,0,0,0,0,0,0,0,0
236428,1786553428623.780317,0,0,0,0,0,0,0,0
236429,1786553428624.759002,0,0,0,0,0,0,0,0
236430,1786553428625.765490,0,0,0,0,0,0,0,0
236431,1786553428626.775076,0,0,0,0,0,0,0,0
236432,1786553428627.782864,0,0,0,0,0,0,0,0
236433,1786553428628.792454,0,0,0,0,0,0,0,0
236434,1786553428629.796741,0,0,0,0,0,0,0,0
236435,1786553428630.807329,0,0,0,0,0,0,0,0
236436,1786553428631.813217,0,0,0,0,0,0,0,0
236437,1786553428632.834406,0,0,0,0,0,0,0,0
236438,1786553428633.848695,0,0,0,0,0,0,0,0
236439,1786553428634.867284,0,0,0,0,0,0,0,0
236440,1786553428635.872570,0,0,0,0,0,0,0,0
236441,1786553428636.872156,0,0,0,0,0,0,0,0
236442,1786553428637.876544,0,0,0,0,0,0,0,0
236443,1786553428638.884632,0,0,0,0,0,0,0,0
236444,1786553428639.891921,0,0,0,0,0,0,0,0
236445,1786553428640.900509,0,0,0,0,0,0,0,0
236446,1786553428641.906497,0,0,0,0,0,0,0,0
236447,1786553428642.914784,0,0,0,0,0,0,0,0
236448,1786553428643.921771,0,0,0,0,0,0,0,0
236449,1786553428644.944059,0,0,0,0,0,0,0,0
236450,1786553428645.939447,0,0,0,0,0,0,0,0
236451,1786553428646.947234,0,0,0,0,0,0,0,0
236452,1786553428647.952920,0,0,0,0,0,0,0,0
236453,1786553428648.963606,0,0,0,0,0,0,0,0
236454,1786553428650.016698,0,0,0,0,0,0,0,0
236455,1786553428650.987582,0,0,0,0,0,0,0,0
236456,1786553428651.993570,0,0,0,0,0,0,0,0
236457,1786553428652.999258,0,0,0,0,0,0,0,0
236458,1786553428654.005348,0,0,0,0,0,0,0,0
236459,1786553428655.013534,0,0,0,0,0,0,0,0
236460,1786553428656.020921,0,0,0,0,0,0,0,0
236461,1786553428657.029410,0,0,0,0,0,0,0,0
236462,1786553428658.037598,0,0,0,0,0,0,0,0
236463,1786553428659.046186,0,0,0,0,0,0,0,0
236464,1786553428660.055374,0,0,0,0,0,0,0,0
236465,1786553428661.063960,0,0,0,0,0,0,0,0
236466,1786553428662.071048,0,0,0,0,0,0,0,0
236467,1786553428663.079536,0,0,0,0,0,0,0,0
236468,1786553428664.086524,0,0,0,0,0,0,0,0
236469,1786553428665.094810,0,0,0,0,0,0,0,0
236470,1786553428666.118699,0,0,0,0,0,0,0,0
236471,1786553428667.120486,0,0,0,0,0,0,0,0
236472,1786553428668.120673,0,0,0,0,0,0,0,0
236473,1786553428669.127062,0,0,0,0,0,0,0,0
236474,1786553428670.134149,0,0,0,0,0,0,0,0
236475,1786553428671.143835,0,0,0,0,0,0,0,0
236476,1786553428672.152422,0,0,0,0,0,0,0,0
236477,1786553428673.159910,0,0,0,0,0,0,0,0
236478,1786553428674.168699,0,0,0,0,0,0,0,0
236479,1786553428675.173688,0,0,0,0,0,0,0,0
236480,1786553428676.189075,0,0,0,0,0,0,0,0
236481,1786553428677.189362,0,0,0,0,0,0,0,0
236482,1786553428678.197851,0,0,0,0,0,0,0,0
236483,1786553428679.204939,0,0,0,0,0,0,0,0
236484,1786553428680.215326,0,0,0,0,0,0,0,0
236485,1786553428682.069690,0,0,0,0,0,0,0,0
236486,1786553428682.487028,0,0,0,0,0,0,0,0
236487,1786553428683.391405,0,0,0,0,0,0,0,0
236488,1786553428684.374090,0,0,0,0,0,0,0,0
236489,1786553428685.375377,0,0,0,0,0,0,0,0
236490,1786553428686.380862,0,0,0,0,0,0,0,0
236491,1786553428687.387149,0,0,0,0,0,0,0,0
236492,1786553428688.395636,0,0,0,0,0,0,0,0
236493,1786553428689.403924,0,0,0,0,0,0,0,0
236494,1786553428690.427212,0,0,0,0,0,0,0,0
236495,1786553428691.420399,0,0,0,0,0,0,0,0
236496,1786553428692.428087,0,0,0,0,0,0,0,0
236497,1786553428693.437273,0,0,0,0,0,0,0,0
236498,1786553428694.447960,0,0,0,0,0,0,0,0
236499,1786553428695.462949,0,0,0,0,0,0,0,0
236500,1786553428696.468736,0,0,0,0,0,0,0,0
236501,1786553428697.480522,0,0,0,0,0,0,0,0
236502,1786553428698.484808,0,0,0,0,0,0,0,0
236503,1786553428699.501597,0,0,0,0,0,0,0,0
236504,1786553428700.513785,0,0,0,0,0,0,0,0
236505,1786553428701.512671,0,0,0,0,0,0,0,0
236506,1786553428702.519157,0,0,0,0,0,0,0,0
236507,1786553428703.526444,0,0,0,0,0,0,0,0
236508,1786553428704.534829,0,0,0,0,0,0,0,0
236509,1786553428705.542517,0,0,0,0,0,0,0,0
236510,1786553428706.549805,0,0,0,0,0,0,0,0
236511,1786553428707.558692,0,0,0,0,0,0,0,0
236512,1786553428708.573180,0,0,0,0,0,0,0,0
236513,1786553428709.576868,0,0,0,0,0,0,0,0
236514,1786553428711.043895,0,0,0,0,0,0,0,0
236515,1786553428711.651850,0,0,0,0,0,0,0,0
236516,1786553428712.608932,0,0,0,0,0,0,0,0
236517,1786553428713.615417,0,0,0,0,0,0,0,0
236518,1786553428714.627604,0,0,0,0,0,0,0,0
236519,1786553428715.633689,0,0,0,0,0,0,0,0
236520,1786553428716.638875,0,0,0,0,0,0,0,0
236521,1786553428717.647162,0,0,0,0,0,0,0,0
236522,1786553428718.654049,0,0,0,0,0,0,0,0
236523,1786553428719.661736,0,0,0,0,0,0,0,0
236524,1786553428720.669524,0,0,0,0,0,0,0,0
236525,1786553428721.676211,0,0,0,0,0,0,0,0
236526,1786553428722.683198,0,0,0,0,0,0,0,0
236527,1786553428723.696587,0,0,0,0,0,0,0,0
236528,1786553428724.700572,0,0,0,0,0,0,0,0
236529,1786553428725.731163,0,0,0,0,0,0,0,0
236530,1786553428726.728349,0,0,0,0,0,0,0,0
236531,1786553428727.729936,0,0,0,0,0,0,0,0
236532,1786553428728.734525,0,0,0,0,0,0,0,0
236533,1786553428729.742613,0,0,0,0,0,0,0,0
236534,1786553428730.756603,0,0,0,0,0,0,0,0
236535,1786553428731.761990,0,0,0,0,0,0,0,0
236536,1786553428732.769178,0,0,0,0,0,0,0,0
236537,1786553428733.781667,0,0,0,0,0,0,0,0
236538,1786553428734.802755,0,0,0,0,0,0,0,0
236539,1786553428735.800543,0,0,0,0,0,0,0,0
236540,1786553428736.810231,0,0,0,0,0,0,0,0
236541,1786553428737.816619,0,0,0,0,0,0,0,0
236542,1786553428738.841907,0,0,0,0,0,0,0,0
236543,1786553428739.844993,0,0,0,0,0,0,0,0
236544,1786553428740.854282,0,0,0,0,0,0,0,0
236545,1786553428741.881973,0,0,0,0,0,0,0,0
236546,1786553428742.878460,0,0,0,0,0,0,0,0
236547,1786553428743.880648,0,0,0,0,0,0,0,0
236548,1786553428744.914937,0,0,0,0,0,0,0,0
236549,1786553428745.901423,0,0,0,0,0,0,0,0
236550,1786553428746.912312,0,0,0,0,0,0,0,0
236551,1786553428747.915898,0,0,0,0,0,0,0,0
236552,1786553428748.920385,0,0,0,0,0,0,0,0
236553,1786553428749.929773,0,0,0,0,0,0,0,0
236554,1786553428750.938662,0,0,0,0,0,0,0,0
236555,1786553428751.947550,0,0,0,0,0,0,0,0
236556,1786553428752.958538,0,0,0,0,0,0,0,0
236557,1786553428753.967525,0,0,0,0,0,0,0,0
236558,1786553428754.976313,0,0,0,0,0,0,0,0
236559,1786553428755.993401,0,0,0,0,0,0,0,0
236560,1786553428757.000088,0,0,0,0,0,0,0,0
236561,1786553428758.009075,0,0,0,0,0,0,0,0
236562,1786553428759.015463,0,0,0,0,0,0,0,0
236563,1786553428760.024751,0,0,0,0,0,0,0,0
236564,1786553428761.032538,0,0,0,0,0,0,0,0
236565,1786553428762.039625,0,0,0,0,0,0,0,0
236566,1786553428763.072114,0,0,0,0,0,0,0,0
236567,1786553428764.064601,0,0,0,0,0,0,0,0
236568,1786553428765.070789,0,0,0,0,0,0,0,0
236569,1786553428766.075477,0,0,0,0,0,0,0,0
236570,1786553428767.081665,0,0,0,0,0,0,0,0
236571,1786553428768.088852,0,0,0,0,0,0,0,0
236572,1786553428769.096040,0,0,0,0,0,0,0,0
236573,1786553428770.113529,0,0,0,0,0,0,0,0
236574,1786553428771.407244,0,0,0,0,0,0,0,0
236575,1786553428772.375925,0,0,0,0,0,0,0,0
236576,1786553428773.375111,0,0,0,0,0,0,0,0
236577,1786553428774.436903,0,0,0,0,0,0,0,0
236578,1786553428775.396387,0,0,0,0,0,0,0,0
236579,1786553428776.401775,0,0,0,0,0,0,0,0
236580,1786553428777.410163,0,0,0,0,0,0,0,0
236581,1786553428778.417348,0,0,0,0,0,0,0,0
236582,1786553428779.425535,0,0,0,0,0,0,0,0
236583,1786553428780.434023,0,0,0,0,0,0,0,0
236584,1786553428781.445411,0,0,0,0,0,0,0,0
236585,1786553428782.450298,0,0,0,0,0,0,0,0
236586,1786553428783.457886,0,0,0,0,0,0,0,0
236587,1786553428784.466074,0,0,0,0,0,0,0,0
236588,1786553428785.474762,0,0,0,0,0,0,0,0
236589,1786553428786.528652,0,0,0,0,0,0,0,0
236590,1786553428787.498437,0,0,0,0,0,0,0,0
236591,1786553428788.506726,0,0,0,0,0,0,0,0
236592,1786553428789.515914,0,0,0,0,0,0,0,0
236593,1786553428790.539702,0,0,0,0,0,0,0,0
236594,1786553428791.533489,0,0,0,0,0,0,0,0
236595,1786553428792.540576,0,0,0,0,0,0,0,0
236596,1786553428793.550964,0,0,0,0,0,0,0,0
236597,1786553428794.564850,0,0,0,0,0,0,0,0
236598,1786553428795.584339,0,0,0,0,0,0,0,0
236599,1786553428796.585026,0,0,0,0,0,0,0,0
236600,1786553428797.592015,0,0,0,0,0,0,0,0
236601,1786553428798.598802,0,0,0,0,0,0,0,0
236602,1786553428799.606990,0,0,0,0,0,0,0,0
236603,1786553428800.614777,0,0,0,0,0,0,0,0
236604,1786553428801.951096,0,0,0,0,0,0,0,0
236605,1786553428802.946184,0,0,0,0,0,0,0,0
236606,1786553428803.948571,0,0,0,0,0,0,0,0
236607,1786553428804.956959,0,0,0,0,0,0,0,0
236608,1786553428805.963846,0,0,0,0,0,0,0,0
236609,1786553428806.972932,0,0,0,0,0,0,0,0
236610,1786553428807.984921,0,0,0,0,0,0,0,0
236611,1786553428808.988709,0,0,0,0,0,0,0,0
236612,1786553428809.996496,0,0,0,0,0,0,0,0
236613,1786553428811.006383,0,0,0,0,0,0,0,0
236614,1786553428812.016170,0,0,0,0,0,0,0,0
236615,1786553428813.026558,0,0,0,0,0,0,0,0
236616,1786553428814.033546,0,0,0,0,0,0,0,0
236617,1786553428815.043535,0,0,0,0,0,0,0,0
236618,1786553428816.069226,0,0,0,0,0,0,0,0
236619,1786553428817.068612,0,0,0,0,0,0,0,0
236620,1786553428818.074299,0,0,0,0,0,0,0,0
236621,1786553428819.083887,0,0,0,0,0,0,0,0
236622,1786553428820.090775,0,0,0,0,0,0,0,0
236623,1786553428821.100261,0,0,0,0,0,0,0,0
236624,1786553428822.108348,0,0,0,0,0,0,0,0
236625,1786553428823.116537,0,0,0,0,0,0,0,0
236626,1786553428824.127124,0,0,0,0,0,0,0,0
236627,1786553428825.136812,0,0,0,0,0,0,0,0
236628,1786553428826.147999,0,0,0,0,0,0,0,0
236629,1786553428827.153786,0,0,0,0,0,0,0,0
236630,1786553428828.162773,0,0,0,0,0,0,0,0
236631,1786553428829.177461,0,0,0,0,0,0,0,0
236632,1786553428830.180148,0,0,0,0,0,0,0,0
236633,1786553428831.203237,0,0,0,0,0,0,0,0
236634,1786553428832.219227,0,0,0,0,0,0,0,0
236635,1786553428833.212213,0,0,0,0,0,0,0,0
236636,1786553428834.219802,0,0,0,0,0,0,0,0
236637,1786553428835.223188,0,0,0,0,0,0,0,0
236638,1786553428836.233574,0,0,0,0,0,0,0,0
236639,1786553428837.236960,0,0,0,0,0,0,0,0
236640,1786553428838.243747,0,0,0,0,0,0,0,0
236641,1786553428839.247535,0,0,0,0,0,0,0,0
236642,1786553428840.257522,0,0,0,0,0,0,0,0
236643,1786553428841.262610,0,0,0,0,0,0,0,0
236644,1786553428842.271900,0,0,0,0,0,0,0,0
236645,1786553428843.277286,0,0,0,0,0,0,0,0
236646,1786553428844.287675,0,0,0,0,0,0,0,0
236647,1786553428845.301564,0,0,0,0,0,0,0,0
236648,1786553428846.322053,0,0,0,0,0,0,0,0
236649,1786553428847.324440,0,0,0,0,0,0,0,0
236650,1786553428848.326427,0,0,0,0,0,0,0,0
236651,1786553428849.334314,0,0,0,0,0,0,0,0
236652,1786553428850.342102,0,0,0,0,0,0,0,0
236653,1786553428851.349790,0,0,0,0,0,0,0,0
236654,1786553428852.358876,0,0,0,0,0,0,0,0
236655,1786553428853.366764,0,0,0,0,0,0,0,0
236656,1786553428854.374051,0,0,0,0,0,0,0,0
236657,1786553428855.382337,0,0,0,0,0,0,0,0
236658,1786553428856.393024,0,0,0,0,0,0,0,0
236659,1786553428857.399812,0,0,0,0,0,0,0,0
236660,1786553428858.406800,0,0,0,0,0,0,0,0
236661,1786553428859.413889,0,0,0,0,0,0,0,0
236662,1786553428860.423277,0,0,0,0,0,0,0,0
236663,1786553428861.450265,0,0,0,0,0,0,0,0
236664,1786553428862.808882,0,0,0,0,0,0,0,0
236665,1786553428863.506742,0,0,0,0,0,0,0,0
236666,1786553428864.524530,0,0,0,0,0,0,0,0
236667,1786553428865.510315,0,0,0,0,0,0,0,0
236668,1786553428866.495600,0,0,0,0,0,0,0,0
236669,1786553428867.514287,0,0,0,0,0,0,0,0
236670,1786553428868.519175,0,0,0,0,0,0,0,0
236671,1786553428869.543164,0,0,0,0,0,0,0,0
236672,1786553428870.545449,0,0,0,0,0,0,0,0
236673,1786553428871.562038,0,0,0,0,0,0,0,0
236674,1786553428872.564127,0,0,0,0,0,0,0,0
236675,1786553428873.570812,0,0,0,0,0,0,0,0
236676,1786553428874.576401,0,0,0,0,0,0,0,0
236677,1786553428875.586588,0,0,0,0,0,0,0,0
236678,1786553428876.593776,0,0,0,0,0,0,0,0
236679,1786553428877.647567,0,0,0,0,0,0,0,0
236680,1786553428878.628752,0,0,0,0,0,0,0,0
236681,1786553428879.633839,0,0,0,0,0,0,0,0
236682,1786553428880.640127,0,0,0,0,0,0,0,0
236683,1786553428881.649113,0,0,0,0,0,0,0,0
236684,1786553428882.657000,0,0,0,0,0,0,0,0
236685,1786553428883.665687,0,0,0,0,0,0,0,0
236686,1786553428884.675376,0,0,0,0,0,0,0,0
236687,1786553428885.697664,0,0,0,0,0,0,0,0
236688,1786553428886.696652,0,0,0,0,0,0,0,0
236689,1786553428887.703439,0,0,0,0,0,0,0,0
236690,1786553428888.711227,0,0,0,0,0,0,0,0
236691,1786553428889.719614,0,0,0,0,0,0,0,0
236692,1786553428890.726203,0,0,0,0,0,0,0,0
236693,1786553428891.735890,0,0,0,0,0,0,0,0
236694,1786553428893.247120,0,0,0,0,0,0,0,0
236695,1786553428894.295709,0,0,0,0,0,0,0,0
236696,1786553428894.772550,0,0,0,0,0,0,0,0
236697,1786553428895.775038,0,0,0,0,0,0,0,0
236698,1786553428896.847432,0,0,0,0,0,0,0,0
236699,1786553428897.796814,0,0,0,0,0,0,0,0
236700,1786553428898.806402,0,0,0,0,0,0,0,0
236701,1786553428899.810789,0,0,0,0,0,0,0,0
236702,1786553428900.835478,0,0,0,0,0,0,0,0
236703,1786553428901.839464,0,0,0,0,0,0,0,0
236704,1786553428902.849353,0,0,0,0,0,0,0,0
236705,1786553428903.869042,0,0,0,0,0,0,0,0
236706,1786553428904.884031,0,0,0,0,0,0,0,0
236707,1786553428905.880318,0,0,0,0,0,0,0,0
236708,1786553428906.910506,0,0,0,0,0,0,0,0
236709,1786553428907.906893,0,0,0,0,0,0,0,0
236710,1786553428908.930982,0,0,0,0,0,0,0,0
236711,1786553428909.929969,0,0,0,0,0,0,0,0
236712,1786553428910.941257,0,0,0,0,0,0,0,0
236713,1786553428911.942845,0,0,0,0,0,0,0,0
236714,1786553428912.949832,0,0,0,0,0,0,0,0
236715,1786553428913.961520,0,0,0,0,0,0,0,0
236716,1786553428914.973008,0,0,0,0,0,0,0,0
236717,1786553428915.980695,0,0,0,0,0,0,0,0
236718,1786553428916.988181,0,0,0,0,0,0,0,0
236719,1786553428917.996869,0,0,0,0,0,0,0,0
236720,1786553428918.997457,0,0,0,0,0,0,0,0
236721,1786553428920.006044,0,0,0,0,0,0,0,0
236722,1786553428921.015432,0,0,0,0,0,0,0,0
236723,1786553428922.024021,0,0,0,0,0,0,0,0
236724,1786553428923.098515,0,0,0,0,0,0,0,0
236725,1786553428924.110504,0,0,0,0,0,0,0,0
236726,1786553428925.054686,0,0,0,0,0,0,0,0
236727,1786553428926.065574,0,0,0,0,0,0,0,0
236728,1786553428927.068661,0,0,0,0,0,0,0,0
236729,1786553428928.080747,0,0,0,0,0,0,0,0
236730,1786553428929.086735,0,0,0,0,0,0,0,0
236731,1786553428930.095223,0,0,0,0,0,0,0,0
236732,1786553428931.110612,0,0,0,0,0,0,0,0
236733,1786553428932.117401,0,0,0,0,0,0,0,0
236734,1786553428933.125087,0,0,0,0,0,0,0,0
236735,1786553428934.133475,0,0,0,0,0,0,0,0
236736,1786553428935.142462,0,0,0,0,0,0,0,0
236737,1786553428936.151149,0,0,0,0,0,0,0,0
236738,1786553428937.160736,0,0,0,0,0,0,0,0
236739,1786553428938.191925,0,0,0,0,0,0,0,0
236740,1786553428939.185612,0,0,0,0,0,0,0,0
236741,1786553428940.193101,0,0,0,0,0,0,0,0
236742,1786553428941.201389,0,0,0,0,0,0,0,0
236743,1786553428942.218378,0,0,0,0,0,0,0,0
236744,1786553428943.224766,0,0,0,0,0,0,0,0
236745,1786553428944.230554,0,0,0,0,0,0,0,0
236746,1786553428945.240543,0,0,0,0,0,0,0,0
236747,1786553428946.248129,0,0,0,0,0,0,0,0
236748,1786553428947.257218,0,0,0,0,0,0,0,0
236749,1786553428948.266404,0,0,0,0,0,0,0,0
236750,1786553428949.275492,0,0,0,0,0,0,0,0
236751,1786553428950.284380,0,0,0,0,0,0,0,0
236752,1786553428951.294067,0,0,0,0,0,0,0,0
236753,1786553428952.302954,0,0,0,0,0,0,0,0
236754,1786553428953.312642,0,0,0,0,0,0,0,0
236755,1786553428954.344331,0,0,0,0,0,0,0,0
236756,1786553428955.344317,0,0,0,0,0,0,0,0
236757,1786553428956.343404,0,0,0,0,0,0,0,0
236758,1786553428957.353391,0,0,0,0,0,0,0,0
236759,1786553428958.362578,0,0,0,0,0,0,0,0
236760,1786553428959.378767,0,0,0,0,0,0,0,0
236761,1786553428960.383454,0,0,0,0,0,0,0,0
236762,1786553428961.390544,0,0,0,0,0,0,0,0
236763,1786553428962.398031,0,0,0,0,0,0,0,0
236764,1786553428963.407619,0,0,0,0,0,0,0,0
236765,1786553428964.415807,0,0,0,0,0,0,0,0
236766,1786553428965.426495,0,0,0,0,0,0,0,0
236767,1786553428966.434883,0,0,0,0,0,0,0,0
236768,1786553428967.445371,0,0,0,0,0,0,0,0
236769,1786553428968.453859,0,0,0,0,0,0,0,0
236770,1786553428969.988593,0,0,0,0,0,0,0,0
236771,1786553428970.488833,0,0,0,0,0,0,0,0
236772,1786553428971.494821,0,0,0,0,0,0,0,0
236773,1786553428972.492907,0,0,0,0,0,0,0,0
236774,1786553428973.509696,0,0,0,0,0,0,0,0
236775,1786553428974.549087,0,0,0,0,0,0,0,0
236776,1786553428975.532774,0,0,0,0,0,0,0,0
236777,1786553428976.526960,0,0,0,0,0,0,0,0
236778,1786553428977.530447,0,0,0,0,0,0,0,0
236779,1786553428978.541934,0,0,0,0,0,0,0,0
236780,1786553428979.549220,0,0,0,0,0,0,0,0
236781,1786553428980.557307,0,0,0,0,0,0,0,0
236782,1786553428981.568495,0,0,0,0,0,0,0,0
236783,1786553428982.595885,0,0,0,0,0,0,0,0
236784,1786553428983.603072,0,0,0,0,0,0,0,0
236785,1786553428984.604461,0,0,0,0,0,0,0,0
236786,1786553428985.605548,0,0,0,0,0,0,0,0
236787,1786553428986.614737,0,0,0,0,0,0,0,0
236788,1786553428987.622224,0,0,0,0,0,0,0,0
236789,1786553428988.626911,0,0,0,0,0,0,0,0
236790,1786553428989.636801,0,0,0,0,0,0,0,0
236791,1786553428990.648688,0,0,0,0,0,0,0,0
236792,1786553428991.654574,0,0,0,0,0,0,0,0
236793,1786553428992.659059,0,0,0,0,0,0,0,0
236794,1786553428993.669846,0,0,0,0,0,0,0,0
236795,1786553428994.677133,0,0,0,0,0,0,0,0
236796,1786553428995.685820,0,0,0,0,0,0,0,0
236797,1786553428996.690607,0,0,0,0,0,0,0,0
236798,1786553428997.701094,0,0,0,0,0,0,0,0
236799,1786553428999.025309,0,0,0,0,0,0,0,0
236800,1786553429000.021496,0,0,0,0,0,0,0,0
236801,1786553429001.028384,0,0,0,0,0,0,0,0
236802,1786553429002.036571,0,0,0,0,0,0,0,0
236803,1786553429003.054560,0,0,0,0,0,0,0,0
236804,1786553429004.051846,0,0,0,0,0,0,0,0
236805,1786553429005.059035,0,0,0,0,0,0,0,0
236806,1786553429006.067324,0,0,0,0,0,0,0,0
236807,1786553429007.079013,0,0,0,0,0,0,0,0
236808,1786553429008.083700,0,0,0,0,0,0,0,0
236809,1786553429009.090488,0,0,0,0,0,0,0,0
236810,1786553429010.098376,0,0,0,0,0,0,0,0
236811,1786553429011.105263,0,0,0,0,0,0,0,0
236812,1786553429012.113751,0,0,0,0,0,0,0,0
236813,1786553429013.120841,0,0,0,0,0,0,0,0
236814,1786553429014.162432,0,0,0,0,0,0,0,0
236815,1786553429015.143816,0,0,0,0,0,0,0,0
236816,1786553429016.150204,0,0,0,0,0,0,0,0
236817,1786553429017.155792,0,0,0,0,0,0,0,0
236818,1786553429018.163180,0,0,0,0,0,0,0,0
236819,1786553429019.171568,0,0,0,0,0,0,0,0
236820,1786553429020.179654,0,0,0,0,0,0,0,0
236821,1786553429021.186942,0,0,0,0,0,0,0,0
236822,1786553429022.195830,0,0,0,0,0,0,0,0
236823,1786553429023.204017,0,0,0,0,0,0,0,0
236824,1786553429024.210604,0,0,0,0,0,0,0,0
236825,1786553429025.219591,0,0,0,0,0,0,0,0
236826,1786553429026.225178,0,0,0,0,0,0,0,0
236827,1786553429027.234965,0,0,0,0,0,0,0,0
236828,1786553429028.242653,0,0,0,0,0,0,0,0
236829,1786553429029.365649,0,0,0,0,0,0,0,0
236830,1786553429030.367437,0,0,0,0,0,0,0,0
236831,1786553429031.370424,0,0,0,0,0,0,0,0
236832,1786553429032.379013,0,0,0,0,0,0,0,0
236833,1786553429033.385900,0,0,0,0,0,0,0,0
236834,1786553429034.393988,0,0,0,0,0,0,0,0
236835,1786553429035.400676,0,0,0,0,0,0,0,0
236836,1786553429036.417563,0,0,0,0,0,0,0,0
236837,1786553429037.419351,0,0,0,0,0,0,0,0
236838,1786553429038.423039,0,0,0,0,0,0,0,0
236839,1786553429039.437127,0,0,0,0,0,0,0,0
236840,1786553429040.444915,0,0,0,0,0,0,0,0
236841,1786553429041.450505,0,0,0,0,0,0,0,0
236842,1786553429042.457393,0,0,0,0,0,0,0,0
236843,1786553429043.465279,0,0,0,0,0,0,0,0
236844,1786553429044.503169,0,0,0,0,0,0,0,0
236845,1786553429045.484754,0,0,0,0,0,0,0,0
236846,1786553429046.495042,0,0,0,0,0,0,0,0
236847,1786553429047.501229,0,0,0,0,0,0,0,0
236848,1786553429048.504615,0,0,0,0,0,0,0,0
236849,1786553429049.513402,0,0,0,0,0,0,0,0
236850,1786553429050.520091,0,0,0,0,0,0,0,0
236851,1786553429051.528378,0,0,0,0,0,0,0,0
236852,1786553429052.536265,0,0,0,0,0,0,0,0
236853,1786553429053.544054,0,0,0,0,0,0,0,0
236854,1786553429054.551143,0,0,0,0,0,0,0,0
236855,1786553429055.596834,0,0,0,0,0,0,0,0
236856,1786553429056.583322,0,0,0,0,0,0,0,0
236857,1786553429057.581408,0,0,0,0,0,0,0,0
236858,1786553429058.588196,0,0,0,0,0,0,0,0
236859,1786553429059.596683,0,0,0,0,0,0,0,0
236860,1786553429060.628771,0,0,0,0,0,0,0,0
236861,1786553429061.619458,0,0,0,0,0,0,0,0
236862,1786553429062.686252,0,0,0,0,0,0,0,0
236863,1786553429063.640635,0,0,0,0,0,0,0,0
236864,1786553429064.647223,0,0,0,0,0,0,0,0
236865,1786553429065.653709,0,0,0,0,0,0,0,0
236866,1786553429066.662097,0,0,0,0,0,0,0,0
236867,1786553429067.669684,0,0,0,0,0,0,0,0
236868,1786553429068.676971,0,0,0,0,0,0,0,0
236869,1786553429069.687860,0,0,0,0,0,0,0,0
236870,1786553429070.695146,0,0,0,0,0,0,0,0
236871,1786553429071.718633,0,0,0,0,0,0,0,0
236872,1786553429072.724621,0,0,0,0,0,0,0,0
236873,1786553429073.721406,0,0,0,0,0,0,0,0
236874,1786553429074.729195,0,0,0,0,0,0,0,0
236875,1786553429075.775385,0,0,0,0,0,0,0,0
236876,1786553429076.756370,0,0,0,0,0,0,0,0
236877,1786553429077.757056,0,0,0,0,0,0,0,0
236878,1786553429078.763342,0,0,0,0,0,0,0,0
236879,1786553429079.770629,0,0,0,0,0,0,0,0
236880,1786553429080.781516,0,0,0,0,0,0,0,0
236881,1786553429081.790404,0,0,0,0,0,0,0,0
236882,1786553429082.796791,0,0,0,0,0,0,0,0
236883,1786553429083.834180,0,0,0,0,0,0,0,0
236884,1786553429084.831266,0,0,0,0,0,0,0,0
236885,1786553429085.819953,0,0,0,0,0,0,0,0
236886,1786553429086.906249,0,0,0,0,0,0,0,0
236887,1786553429087.854632,0,0,0,0,0,0,0,0
236888,1786553429088.869319,0,0,0,0,0,0,0,0
236889,1786553429089.875307,0,0,0,0,0,0,0,0
236890,1786553429090.902095,0,0,0,0,0,0,0,0
236891,1786553429091.894884,0,0,0,0,0,0,0,0
236892,1786553429092.900171,0,0,0,0,0,0,0,0
236893,1786553429094.043770,0,0,0,0,0,0,0,0
236894,1786553429094.922348,0,0,0,0,0,0,0,0
236895,1786553429095.921636,0,0,0,0,0,0,0,0
236896,1786553429096.928824,0,0,0,0,0,0,0,0
236897,1786553429097.936911,0,0,0,0,0,0,0,0
236898,1786553429098.944599,0,0,0,0,0,0,0,0
236899,1786553429099.957987,0,0,0,0,0,0,0,0
236900,1786553429100.961574,0,0,0,0,0,0,0,0
236901,1786553429101.968561,0,0,0,0,0,0,0,0
236902,1786553429102.980250,0,0,0,0,0,0,0,0
236903,1786553429104.003538,0,0,0,0,0,0,0,0
236904,1786553429104.996225,0,0,0,0,0,0,0,0
236905,1786553429106.042615,0,0,0,0,0,0,0,0
236906,1786553429107.016199,0,0,0,0,0,0,0,0
236907,1786553429108.022587,0,0,0,0,0,0,0,0
236908,1786553429109.031175,0,0,0,0,0,0,0,0
236909,1786553429110.037664,0,0,0,0,0,0,0,0
236910,1786553429111.045251,0,0,0,0,0,0,0,0
236911,1786553429112.054541,0,0,0,0,0,0,0,0
236912,1786553429113.061528,0,0,0,0,0,0,0,0
236913,1786553429114.070015,0,0,0,0,0,0,0,0
236914,1786553429115.077203,0,0,0,0,0,0,0,0
236915,1786553429116.084189,0,0,0,0,0,0,0,0
236916,1786553429117.092475,0,0,0,0,0,0,0,0
236917,1786553429118.100863,0,0,0,0,0,0,0,0
236918,1786553429119.109651,0,0,0,0,0,0,0,0
236919,1786553429120.116536,0,0,0,0,0,0,0,0
236920,1786553429121.145925,0,0,0,0,0,0,0,0
236921,1786553429122.142311,0,0,0,0,0,0,0,0
236922,1786553429123.147596,0,0,0,0,0,0,0,0
236923,1786553429124.154385,0,0,0,0,0,0,0,0
236924,1786553429125.169971,0,0,0,0,0,0,0,0
236925,1786553429126.178659,0,0,0,0,0,0,0,0
236926,1786553429127.186144,0,0,0,0,0,0,0,0
236927,1786553429128.195332,0,0,0,0,0,0,0,0
236928,1786553429129.202419,0,0,0,0,0,0,0,0
236929,1786553429130.210606,0,0,0,0,0,0,0,0
236930,1786553429131.217595,0,0,0,0,0,0,0,0
236931,1786553429132.226682,0,0,0,0,0,0,0,0
236932,1786553429133.235570,0,0,0,0,0,0,0,0
236933,1786553429134.241457,0,0,0,0,0,0,0,0
236934,1786553429135.250646,0,0,0,0,0,0,0,0
236935,1786553429136.267934,0,0,0,0,0,0,0,0
236936,1786553429137.278722,0,0,0,0,0,0,0,0
236937,1786553429138.283710,0,0,0,0,0,0,0,0
236938,1786553429139.289498,0,0,0,0,0,0,0,0
236939,1786553429140.298686,0,0,0,0,0,0,0,0
236940,1786553429141.305174,0,0,0,0,0,0,0,0
236941,1786553429142.313163,0,0,0,0,0,0,0,0
236942,1786553429143.321950,0,0,0,0,0,0,0,0
236943,1786553429144.332638,0,0,0,0,0,0,0,0
236944,1786553429145.342926,0,0,0,0,0,0,0,0
236945,1786553429146.352213,0,0,0,0,0,0,0,0
236946,1786553429147.360201,0,0,0,0,0,0,0,0
236947,1786553429148.371088,0,0,0,0,0,0,0,0
236948,1786553429149.378274,0,0,0,0,0,0,0,0
236949,1786553429150.387962,0,0,0,0,0,0,0,0
236950,1786553429151.482659,0,0,0,0,0,0,0,0
236951,1786553429152.493747,0,0,0,0,0,0,0,0
236952,1786553429153.501936,0,0,0,0,0,0,0,0
236953,1786553429154.504722,0,0,0,0,0,0,0,0
236954,1786553429155.508509,0,0,0,0,0,0,0,0
236955,1786553429156.515196,0,0,0,0,0,0,0,0
236956,1786553429157.521083,0,0,0,0,0,0,0,0
236957,1786553429158.527669,0,0,0,0,0,0,0,0
236958,1786553429159.535156,0,0,0,0,0,0,0,0
236959,1786553429160.539544,0,0,0,0,0,0,0,0
236960,1786553429161.547031,0,0,0,0,0,0,0,0
236961,1786553429162.557420,0,0,0,0,0,0,0,0
236962,1786553429163.568109,0,0,0,0,0,0,0,0
236963,1786553429164.575496,0,0,0,0,0,0,0,0
236964,1786553429165.582785,0,0,0,0,0,0,0,0
236965,1786553429166.601873,0,0,0,0,0,0,0,0
236966,1786553429167.603460,0,0,0,0,0,0,0,0
236967,1786553429168.611347,0,0,0,0,0,0,0,0
236968,1786553429169.618733,0,0,0,0,0,0,0,0
236969,1786553429170.626721,0,0,0,0,0,0,0,0
236970,1786553429171.635509,0,0,0,0,0,0,0,0
236971,1786553429172.642196,0,0,0,0,0,0,0,0
236972,1786553429173.648285,0,0,0,0,0,0,0,0
236973,1786553429174.656372,0,0,0,0,0,0,0,0
236974,1786553429175.666259,0,0,0,0,0,0,0,0
236975,1786553429176.671646,0,0,0,0,0,0,0,0
236976,1786553429177.681033,0,0,0,0,0,0,0,0
236977,1786553429178.687721,0,0,0,0,0,0,0,0
236978,1786553429179.696208,0,0,0,0,0,0,0,0
236979,1786553429180.704096,0,0,0,0,0,0,0,0
236980,1786553429182.118719,0,0,0,0,0,0,0,0
236981,1786553429183.109604,0,0,0,0,0,0,0,0
236982,1786553429184.136293,0,0,0,0,0,0,0,0
236983,1786553429185.139780,0,0,0,0,0,0,0,0
236984,1786553429186.139966,0,0,0,0,0,0,0,0
236985,1786553429187.145752,0,0,0,0,0,0,0,0
236986,1786553429188.149539,0,0,0,0,0,0,0,0
236987,1786553429189.160127,0,0,0,0,0,0,0,0
236988,1786553429190.165814,0,0,0,0,0,0,0,0
236989,1786553429191.176799,0,0,0,0,0,0,0,0
236990,1786553429192.183786,0,0,0,0,0,0,0,0
236991,1786553429193.191174,0,0,0,0,0,0,0,0
236992,1786553429194.200062,0,0,0,0,0,0,0,0
236993,1786553429195.656989,0,0,0,0,0,0,0,0
236994,1786553429196.666074,0,0,0,0,0,0,0,0
236995,1786553429197.664760,0,0,0,0,0,0,0,0
236996,1786553429198.679049,0,0,0,0,0,0,0,0
236997,1786553429199.679935,0,0,0,0,0,0,0,0
236998,1786553429200.693224,0,0,0,0,0,0,0,0
236999,1786553429201.705511,0,0,0,0,0,0,0,0
237000,1786553429202.703798,0,0,0,0,0,0,0,0
237001,1786553429203.711383,0,0,0,0,0,0,0,0
237002,1786553429204.720270,0,0,0,0,0,0,0,0
237003,1786553429205.727256,0,0,0,0,0,0,0,0
237004,1786553429206.736644,0,0,0,0,0,0,0,0
237005,1786553429207.748933,0,0,0,0,0,0,0,0
237006,1786553429208.755822,0,0,0,0,0,0,0,0
237007,1786553429209.780011,0,0,0,0,0,0,0,0
237008,1786553429210.788998,0,0,0,0,0,0,0,0
237009,1786553429211.842889,0,0,0,0,0,0,0,0
237010,1786553429212.850076,0,0,0,0,0,0,0,0
237011,1786553429213.859467,0,0,0,0,0,0,0,0
237012,1786553429214.840853,0,0,0,0,0,0,0,0
237013,1786553429215.838038,0,0,0,0,0,0,0,0
237014,1786553429216.882228,0,0,0,0,0,0,0,0
237015,1786553429217.866315,0,0,0,0,0,0,0,0
237016,1786553429218.876402,0,0,0,0,0,0,0,0
237017,1786553429219.898991,0,0,0,0,0,0,0,0
237018,1786553429220.898577,0,0,0,0,0,0,0,0
237019,1786553429221.903865,0,0,0,0,0,0,0,0
237020,1786553429222.908553,0,0,0,0,0,0,0,0
237021,1786553429223.914841,0,0,0,0,0,0,0,0
237022,1786553429224.933830,0,0,0,0,0,0,0,0
237023,1786553429226.341551,0,0,0,0,0,0,0,0
237024,1786553429226.959905,0,0,0,0,0,0,0,0
237025,1786553429227.951192,0,0,0,0,0,0,0,0
237026,1786553429228.984083,0,0,0,0,0,0,0,0
237027,1786553429229.974868,0,0,0,0,0,0,0,0
237028,1786553429230.985255,0,0,0,0,0,0,0,0
237029,1786553429231.983240,0,0,0,0,0,0,0,0
237030,1786553429233.013931,0,0,0,0,0,0,0,0
237031,1786553429234.009815,0,0,0,0,0,0,0,0
237032,1786553429235.023505,0,0,0,0,0,0,0,0
237033,1786553429236.029192,0,0,0,0,0,0,0,0
237034,1786553429237.038382,0,0,0,0,0,0,0,0
237035,1786553429238.041168,0,0,0,0,0,0,0,0
237036,1786553429239.047256,0,0,0,0,0,0,0,0
237037,1786553429240.054044,0,0,0,0,0,0,0,0
237038,1786553429241.061234,0,0,0,0,0,0,0,0
237039,1786553429242.074921,0,0,0,0,0,0,0,0
237040,1786553429243.080507,0,0,0,0,0,0,0,0
237041,1786553429244.088794,0,0,0,0,0,0,0,0
237042,1786553429245.097682,0,0,0,0,0,0,0,0
237043,1786553429246.107171,0,0,0,0,0,0,0,0
237044,1786553429247.114858,0,0,0,0,0,0,0,0
237045,1786553429248.121944,0,0,0,0,0,0,0,0
237046,1786553429249.130831,0,0,0,0,0,0,0,0
237047,1786553429250.189521,0,0,0,0,0,0,0,0
237048,1786553429251.173206,0,0,0,0,0,0,0,0
237049,1786553429252.170593,0,0,0,0,0,0,0,0
237050,1786553429253.177881,0,0,0,0,0,0,0,0
237051,1786553429254.185367,0,0,0,0,0,0,0,0
237052,1786553429255.193853,0,0,0,0,0,0,0,0
237053,1786553429256.222242,0,0,0,0,0,0,0,0
237054,1786553429257.218629,0,0,0,0,0,0,0,0
237055,1786553429258.221216,0,0,0,0,0,0,0,0
237056,1786553429259.230204,0,0,0,0,0,0,0,0
237057,1786553429260.236390,0,0,0,0,0,0,0,0
237058,1786553429261.245679,0,0,0,0,0,0,0,0
237059,1786553429262.254466,0,0,0,0,0,0,0,0
237060,1786553429263.264054,0,0,0,0,0,0,0,0
237061,1786553429264.273642,0,0,0,0,0,0,0,0
237062,1786553429265.286229,0,0,0,0,0,0,0,0
237063,1786553429266.308518,0,0,0,0,0,0,0,0
237064,1786553429267.309807,0,0,0,0,0,0,0,0
237065,1786553429268.312695,0,0,0,0,0,0,0,0
237066,1786553429269.322081,0,0,0,0,0,0,0,0
237067,1786553429270.328468,0,0,0,0,0,0,0,0
237068,1786553429271.338156,0,0,0,0,0,0,0,0
237069,1786553429272.374446,0,0,0,0,0,0,0,0
237070,1786553429273.365232,0,0,0,0,0,0,0,0
237071,1786553429274.368820,0,0,0,0,0,0,0,0
237072,1786553429275.373307,0,0,0,0,0,0,0,0
237073,1786553429276.380693,0,0,0,0,0,0,0,0
237074,1786553429277.391680,0,0,0,0,0,0,0,0
237075,1786553429278.396367,0,0,0,0,0,0,0,0
237076,1786553429279.405056,0,0,0,0,0,0,0,0
237077,1786553429280.412243,0,0,0,0,0,0,0,0
237078,1786553429281.434730,0,0,0,0,0,0,0,0
237079,1786553429282.437418,0,0,0,0,0,0,0,0
237080,1786553429283.445407,0,0,0,0,0,0,0,0
237081,1786553429284.452595,0,0,0,0,0,0,0,0
237082,1786553429285.474884,0,0,0,0,0,0,0,0
237083,1786553429286.636786,0,0,0,0,0,0,0,0
237084,1786553429287.502461,0,0,0,0,0,0,0,0
237085,1786553429288.502147,0,0,0,0,0,0,0,0
237086,1786553429289.509335,0,0,0,0,0,0,0,0
237087,1786553429290.533521,0,0,0,0,0,0,0,0
237088,1786553429291.517807,0,0,0,0,0,0,0,0
237089,1786553429292.527893,0,0,0,0,0,0,0,0
237090,1786553429293.535880,0,0,0,0,0,0,0,0
237091,1786553429294.545367,0,0,0,0,0,0,0,0
237092,1786553429295.551753,0,0,0,0,0,0,0,0
237093,1786553429296.564941,0,0,0,0,0,0,0,0
237094,1786553429297.572927,0,0,0,0,0,0,0,0
237095,1786553429298.578815,0,0,0,0,0,0,0,0
237096,1786553429299.593604,0,0,0,0,0,0,0,0
237097,1786553429300.598792,0,0,0,0,0,0,0,0
237098,1786553429301.604579,0,0,0,0,0,0,0,0
237099,1786553429302.611666,0,0,0,0,0,0,0,0
237100,1786553429303.620454,0,0,0,0,0,0,0,0
237101,1786553429304.627141,0,0,0,0,0,0,0,0
237102,1786553429305.640529,0,0,0,0,0,0,0,0
237103,1786553429306.644516,0,0,0,0,0,0,0,0
237104,1786553429307.651203,0,0,0,0,0,0,0,0
237105,1786553429308.659292,0,0,0,0,0,0,0,0
237106,1786553429309.667081,0,0,0,0,0,0,0,0
237107,1786553429310.675867,0,0,0,0,0,0,0,0
237108,1786553429311.682655,0,0,0,0,0,0,0,0
237109,1786553429312.690445,0,0,0,0,0,0,0,0
237110,1786553429313.703533,0,0,0,0,0,0,0,0
237111,1786553429314.722621,0,0,0,0,0,0,0,0
237112,1786553429315.726309,0,0,0,0,0,0,0,0
237113,1786553429316.744198,0,0,0,0,0,0,0,0
237114,1786553429317.744484,0,0,0,0,0,0,0,0
237115,1786553429318.753773,0,0,0,0,0,0,0,0
237116,1786553429319.760559,0,0,0,0,0,0,0,0
237117,1786553429320.769447,0,0,0,0,0,0,0,0
237118,1786553429321.775634,0,0,0,0,0,0,0,0
237119,1786553429322.786923,0,0,0,0,0,0,0,0
237120,1786553429323.794011,0,0,0,0,0,0,0,0
237121,1786553429324.809900,0,0,0,0,0,0,0,0
237122,1786553429325.811086,0,0,0,0,0,0,0,0
237123,1786553429326.819973,0,0,0,0,0,0,0,0
237124,1786553429327.836761,0,0,0,0,0,0,0,0
237125,1786553429328.842448,0,0,0,0,0,0,0,0
237126,1786553429329.852637,0,0,0,0,0,0,0,0
237127,1786553429330.887427,0,0,0,0,0,0,0,0
237128,1786553429331.874412,0,0,0,0,0,0,0,0
237129,1786553429332.880697,0,0,0,0,0,0,0,0
237130,1786553429333.888184,0,0,0,0,0,0,0,0
237131,1786553429334.905272,0,0,0,0,0,0,0,0
237132,1786553429335.910859,0,0,0,0,0,0,0,0
237133,1786553429336.913046,0,0,0,0,0,0,0,0
237134,1786553429337.925033,0,0,0,0,0,0,0,0
237135,1786553429338.929222,0,0,0,0,0,0,0,0
237136,1786553429339.939610,0,0,0,0,0,0,0,0
237137,1786553429340.946097,0,0,0,0,0,0,0,0
237138,1786553429341.955084,0,0,0,0,0,0,0,0
237139,1786553429342.961972,0,0,0,0,0,0,0,0
237140,1786553429343.973060,0,0,0,0,0,0,0,0
237141,1786553429344.991249,0,0,0,0,0,0,0,0
237142,1786553429346.006037,0,0,0,0,0,0,0,0
237143,1786553429347.020726,0,0,0,0,0,0,0,0
237144,1786553429348.015512,0,0,0,0,0,0,0,0
237145,1786553429349.048101,0,0,0,0,0,0,0,0
237146,1786553429350.053989,0,0,0,1,0,0,0,0
237147,1786553429351.051075,0,0,0,1,0,0,0,0
237148,1786553429352.075366,0,0,0,1,0,0,0,0
237149,1786553429353.074753,0,0,0,1,0,0,0,0
237150,1786553429354.076639,0,0,0,1,0,0,0,0
237151,1786553429355.082926,0,0,0,1,0,0,0,0
237152,1786553429356.090211,0,0,0,1,0,0,0,0
237153,1786553429357.097199,0,0,0,1,0,0,0,0
237154,1786553429358.105086,0,0,0,1,0,0,0,0
237155,1786553429359.112673,0,0,0,1,0,0,0,0
237156,1786553429360.121561,0,0,0,1,0,0,0,0
237157,1786553429361.528885,0,0,0,1,0,0,0,0
237158,1786553429362.152739,0,0,0,1,0,0,0,0
237159,1786553429363.172727,0,0,0,1,0,0,0,0
237160,1786553429364.167913,0,0,0,1,0,0,0,0
237161,1786553429365.176302,0,0,0,1,0,0,0,0
237162,1786553429366.182091,0,0,0,1,0,0,0,0
237163,1786553429367.188877,0,0,0,1,0,0,0,0
237164,1786553429368.197062,0,0,0,1,0,0,0,0
237165,1786553429369.205549,0,0,0,1,0,0,0,0
237166,1786553429370.215537,0,0,0,1,0,0,0,0
237167,1786553429371.223724,0,0,0,1,0,0,0,0
237168,1786553429372.233711,0,0,0,1,0,0,0,0
237169,1786553429373.241102,0,0,0,1,0,0,0,0
237170,1786553429374.249789,0,0,0,1,0,0,0,0
237171,1786553429375.258878,0,0,0,1,0,0,0,0
237172,1786553429376.573693,0,0,0,1,0,0,0,0
237173,1786553429377.554878,0,0,0,1,0,0,0,0
237174,1786553429378.552966,0,0,0,1,0,0,0,0
237175,1786553429379.553052,0,0,0,1,0,0,0,0
237176,1786553429380.562841,0,0,0,1,0,0,0,0
237177,1786553429381.571330,0,0,0,1,0,0,0,0
237178,1786553429382.605820,0,0,0,1,0,0,0,0
237179,1786553429383.593707,0,0,0,1,0,0,0,0
237180,1786553429384.597993,0,0,0,1,0,0,0,0
237181,1786553429385.608179,0,0,0,1,0,0,0,0
237182,1786553429386.613966,0,0,0,1,0,0,0,0
237183,1786553429387.621253,0,0,0,1,0,0,0,0
237184,1786553429388.628739,0,0,0,1,0,0,0,0
237185,1786553429389.636826,0,0,0,1,0,0,0,0
237186,1786553429390.652214,0,0,0,1,0,0,0,0
237187,1786553429391.658001,0,0,0,1,0,0,0,0
237188,1786553429392.664389,0,0,0,1,0,0,0,0
237189,1786553429393.671375,0,0,0,1,0,0,0,0
237190,1786553429394.699663,0,0,0,1,0,0,0,0
237191,1786553429395.702050,0,0,0,1,0,0,0,0
237192,1786553429396.705636,0,0,0,1,0,0,0,0
237193,1786553429397.709724,0,0,0,1,0,0,0,0
237194,1786553429398.718112,0,0,0,1,0,0,0,0
237195,1786553429399.725098,0,0,0,1,0,0,0,0
237196,1786553429400.734687,0,0,0,1,0,0,0,0
237197,1786553429401.741175,0,0,0,1,0,0,0,0
237198,1786553429402.760164,0,0,0,1,0,0,0,0
237199,1786553429403.763349,0,0,0,1,0,0,0,0
237200,1786553429404.771237,0,0,0,1,0,0,0,0
237201,1786553429405.787425,0,0,0,1,0,0,0,0
237202,1786553429406.803611,0,0,0,1,0,0,0,0
237203,1786553429407.803900,0,0,0,1,0,0,0,0
237204,1786553429408.805487,0,0,0,1,0,0,0,0
237205,1786553429409.811274,0,0,0,1,0,0,0,0
237206,1786553429410.844365,0,0,0,1,0,0,0,0
237207,1786553429411.844952,0,0,0,1,0,0,0,0
237208,1786553429412.851138,0,0,0,1,0,0,0,0
237209,1786553429413.856626,0,0,0,1,0,0,0,0
237210,1786553429414.874415,0,0,0,1,0,0,0,0
237211,1786553429415.872502,0,0,0,1,0,0,0,0
237212,1786553429416.881488,0,0,0,1,0,0,0,0
237213,1786553429417.887674,0,0,0,1,0,0,0,0
237214,1786553429418.896863,0,0,0,1,0,0,0,0
237215,1786553429419.903551,0,0,0,1,0,0,0,0
237216,1786553429420.910438,0,0,0,1,0,0,0,0
237217,1786553429421.968129,0,0,0,1,0,0,0,0
237218,1786553429422.941114,0,0,0,1,0,0,0,0
237219,1786553429423.943100,0,0,0,1,0,0,0,0
237220,1786553429424.951588,0,0,0,1,0,0,0,0
237221,1786553429425.958977,0,0,0,1,0,0,0,0
237222,1786553429426.985166,0,0,0,1,0,0,0,0
237223,1786553429427.984453,0,0,0,1,0,0,0,0
237224,1786553429428.982741,0,0,0,1,0,0,0,0
237225,1786553429429.989629,0,0,0,1,0,0,0,0
237226,1786553429430.998618,0,0,0,1,0,0,0,0
237227,1786553429432.006706,0,0,0,1,0,0,0,0
237228,1786553429433.013993,0,0,0,1,0,0,0,0
237229,1786553429434.021180,0,0,0,1,0,0,0,0
237230,1786553429435.043868,0,0,0,1,0,0,0,0
237231,1786553429436.047457,0,0,0,1,0,0,0,0
237232,1786553429437.047344,0,0,0,1,0,0,0,0
237233,1786553429438.093535,0,0,0,1,0,0,0,0
237234,1786553429439.083622,0,0,0,1,0,0,0,0
237235,1786553429440.081008,0,0,0,1,0,0,0,0
237236,1786553429441.085896,0,0,0,1,0,0,0,0
237237,1786553429442.091881,0,0,0,1,0,0,0,0
237238,1786553429443.113671,0,0,0,1,0,0,0,0
237239,1786553429444.112258,0,0,0,1,0,0,0,0
237240,1786553429445.116745,0,0,0,1,0,0,0,0
237241,1786553429446.122534,0,0,0,1,0,0,0,0
237242,1786553429447.131021,0,0,0,1,0,0,0,0
237243,1786553429448.138508,0,0,0,1,0,0,0,0
237244,1786553429449.146996,0,0,0,1,0,0,0,0
237245,1786553429450.156883,0,0,0,1,0,0,0,0
237246,1786553429451.166871,0,0,0,1,0,0,0,0
237247,1786553429452.176157,0,0,0,1,0,0,0,0
237248,1786553429453.207945,0,0,0,1,0,0,0,0
237249,1786553429454.206233,0,0,0,1,0,0,0,0
237250,1786553429455.207920,0,0,0,1,0,0,0,0
237251,1786553429456.215007,0,0,0,1,0,0,0,0
237252,1786553429457.224794,0,0,0,1,0,0,0,0
237253,1786553429458.232183,0,0,0,1,0,0,0,0
237254,1786553429459.241470,0,0,0,1,0,0,0,0
237255,1786553429460.257756,0,0,0,1,0,0,0,0
237256,1786553429461.262943,0,0,0,1,0,0,0,0
237257,1786553429462.270932,0,0,0,1,0,0,0,0
237258,1786553429463.277520,0,0,0,1,0,0,0,0
237259,1786553429464.287607,0,0,0,1,0,0,0,0
237260,1786553429465.293196,0,0,0,1,0,0,0,0
237261,1786553429466.304582,0,0,0,1,0,0,0,0
237262,1786553429467.308470,0,0,0,1,0,0,0,0
237263,1786553429468.320659,0,0,0,1,0,0,0,0
237264,1786553429469.524064,0,0,0,1,0,0,0,0
237265,1786553429470.512250,0,0,0,1,0,0,0,0
237266,1786553429471.524837,0,0,0,1,0,0,0,0
237267,1786553429472.518624,0,0,0,1,0,0,0,0
237268,1786553429473.524211,0,0,0,1,0,0,0,0
237269,1786553429474.527798,0,0,0,1,0,0,0,0
237270,1786553429475.550886,0,0,0,1,0,0,0,0
237271,1786553429476.544772,0,0,0,1,0,0,0,0
237272,1786553429477.553359,0,0,0,1,0,0,0,0
237273,1786553429478.557746,0,0,0,1,0,0,0,0
237274,1786553429479.571137,0,0,0,1,0,0,0,0
237275,1786553429480.577724,0,0,0,1,0,0,0,0
237276,1786553429481.585912,0,0,0,1,0,0,0,0
237277,1786553429482.592600,0,0,0,1,0,0,0,0
237278,1786553429483.607186,0,0,0,1,0,0,0,0
237279,1786553429484.613074,0,0,0,1,0,0,0,0
237280,1786553429485.618760,0,0,0,1,0,0,0,0
237281,1786553429486.627049,0,0,0,1,0,0,0,0
237282,1786553429487.635237,0,0,0,1,0,0,0,0
237283,1786553429488.643026,0,0,0,1,0,0,0,0
237284,1786553429489.651615,0,0,0,1,0,0,0,0
237285,1786553429490.661101,0,0,0,1,0,0,0,0
237286,1786553429491.667087,0,0,0,1,0,0,0,0
237287,1786553429492.690576,0,0,0,1,0,0,0,0
237288,1786553429493.688162,0,0,0,1,0,0,0,0
237289,1786553429494.700151,0,0,0,1,0,0,0,0
237290,1786553429495.702939,0,0,0,1,0,0,0,0
237291,1786553429496.712026,0,0,0,1,0,0,0,0
237292,1786553429497.718113,0,0,0,1,0,0,0,0
237293,1786553429498.750102,0,0,0,1,0,0,0,0
237294,1786553429499.763692,0,0,0,1,0,0,0,0
237295,1786553429500.753078,0,0,0,1,0,0,0,0
237296,1786553429501.762365,0,0,0,1,0,0,0,0
237297,1786553429502.766952,0,0,0,1,0,0,0,0
237298,1786553429503.779538,0,0,0,1,0,0,0,0
237299,1786553429504.795328,0,0,0,1,0,0,0,0
237300,1786553429505.795516,0,0,0,1,0,0,0,0
237301,1786553429506.799503,0,0,0,1,0,0,0,0
237302,1786553429507.809490,0,0,0,1,0,0,0,0
237303,1786553429508.814776,0,0,0,1,0,0,0,0
237304,1786553429509.832664,0,0,0,1,0,0,0,0
237305,1786553429510.842952,0,0,0,1,0,0,0,0
237306,1786553429511.847138,0,0,0,1,0,0,0,0
237307,1786553429512.855625,0,0,0,1,0,0,0,0
237308,1786553429513.886912,0,0,0,1,0,0,0,0
237309,1786553429514.894100,0,0,0,1,0,0,0,0
237310,1786553429515.886385,0,0,0,1,0,0,0,0
237311,1786553429516.892173,0,0,0,1,0,0,0,0
237312,1786553429517.897361,0,0,0,1,0,0,0,0
237313,1786553429518.907949,0,0,0,1,0,0,0,0
237314,1786553429519.915138,0,0,0,1,0,0,0,0
237315,1786553429520.922326,0,0,0,1,0,0,0,0
237316,1786553429521.929413,0,0,0,1,0,0,0,0
237317,1786553429522.937401,0,0,0,1,0,0,0,0
237318,1786553429523.942789,0,0,0,1,0,0,0,0
237319,1786553429524.956776,0,0,0,1,0,0,0,0
237320,1786553429525.974262,0,0,0,1,0,0,0,0
237321,1786553429526.973949,0,0,0,1,0,0,0,0
237322,1786553429527.977937,0,0,0,1,0,0,0,0
237323,1786553429528.985725,0,0,0,1,0,0,0,0
237324,1786553429530.011914,0,0,0,1,0,0,0,0
237325,1786553429531.007600,0,0,0,1,0,0,0,0
237326,1786553429532.013486,0,0,0,1,0,0,0,0
237327,1786553429533.019573,0,0,0,1,0,0,0,0
237328,1786553429534.027561,0,0,0,1,0,0,0,0
237329,1786553429535.036748,0,0,0,1,0,0,0,0
237330,1786553429536.044736,0,0,0,1,0,0,0,0
237331,1786553429537.052723,0,0,0,1,0,0,0,0
237332,1786553429538.060610,0,0,0,1,0,0,0,0
237333,1786553429539.068597,0,0,0,1,0,0,0,0
237334,1786553429540.077984,0,0,0,1,0,0,0,0
237335,1786553429541.109074,0,0,0,1,0,0,0,0
237336,1786553429542.109161,0,0,0,1,0,0,0,0
237337,1786553429543.110349,0,0,0,1,0,0,0,0
237338,1786553429544.705987,0,0,0,1,0,0,0,0
237339,1786553429545.462254,0,0,0,1,0,0,0,0
237340,1786553429546.437238,0,0,0,1,0,0,0,0
237341,1786553429547.441225,0,0,0,1,0,0,0,0
237342,1786553429548.448912,0,0,0,1,0,0,0,0
237343,1786553429549.455800,0,0,0,1,0,0,0,0
237344,1786553429550.463887,0,0,0,1,0,0,0,0
237345,1786553429551.471275,0,0,0,1,0,0,0,0
237346,1786553429552.479465,0,0,0,1,0,0,0,0
237347,1786553429553.488252,0,0,0,1,0,0,0,0
237348,1786553429554.504440,0,0,0,1,0,0,0,0
237349,1786553429555.505127,0,0,0,1,0,0,0,0
237350,1786553429556.529415,0,0,0,1,0,0,0,0
237351,1786553429557.533303,0,0,0,1,0,0,0,0
237352,1786553429558.537089,0,0,0,1,0,0,0,0
237353,1786553429559.543675,0,0,0,1,0,0,0,0
237354,1786553429560.554563,0,0,0,1,0,0,0,0
237355,1786553429561.565051,0,0,0,1,0,0,0,0
237356,1786553429562.574739,0,0,0,1,0,0,0,0
237357,1786553429563.581426,0,0,0,1,0,0,0,0
237358,1786553429564.584213,0,0,0,1,0,0,0,0
237359,1786553429565.591801,0,0,0,1,0,0,0,0
237360,1786553429566.598088,0,0,0,1,0,0,0,0
237361,1786553429567.606176,0,0,0,1,0,0,0,0
237362,1786553429568.614563,0,0,0,1,0,0,0,0
237363,1786553429569.624450,0,0,0,1,0,0,0,0
237364,1786553429570.632236,0,0,0,1,0,0,0,0
237365,1786553429571.639825,0,0,0,1,0,0,0,0
237366,1786553429572.650212,0,0,0,1,0,0,0,0
237367,1786553429573.660700,0,0,0,1,0,0,0,0
237368,1786553429574.878207,0,0,0,1,0,0,0,0
237369,1786553429575.865493,0,0,0,1,0,0,0,0
237370,1786553429576.871682,0,0,0,1,0,0,0,0
237371,1786553429577.878870,0,0,0,1,0,0,0,0
237372,1786553429578.884856,0,0,0,1,0,0,0,0
237373,1786553429579.892844,0,0,0,1,0,0,0,0
237374,1786553429580.900832,0,0,0,1,0,0,0,0
237375,1786553429581.915718,0,0,0,1,0,0,0,0
237376,1786553429582.914206,0,0,0,1,0,0,0,0
237377,1786553429583.924494,0,0,0,1,0,0,0,0
237378,1786553429584.938683,0,0,0,1,0,0,0,0
237379,1786553429585.939970,0,0,0,1,0,0,0,0
237380,1786553429586.947158,0,0,0,1,0,0,0,0
237381,1786553429587.955047,0,0,0,1,0,0,0,0
237382,1786553429588.964334,0,0,0,1,0,0,0,0
237383,1786553429589.994223,0,0,0,1,0,0,0,0
237384,1786553429591.047014,0,0,0,1,0,0,0,0
237385,1786553429592.045801,0,0,0,1,0,0,0,0
237386,1786553429593.055488,0,0,0,1,0,0,0,0
237387,1786553429594.177685,0,0,0,1,0,0,0,0
237388,1786553429595.164770,0,0,0,1,0,0,0,0
237389,1786553429596.175358,0,0,0,1,0,0,0,0
237390,1786553429597.184847,0,0,0,1,0,0,0,0
237391,1786553429598.197436,0,0,0,1,0,0,0,0
237392,1786553429599.207922,0,0,0,1,0,0,0,0
237393,1786553429600.215210,0,0,0,1,0,0,0,0
237394,1786553429601.238998,0,0,0,1,0,0,0,0
237395,1786553429602.231784,0,0,0,1,0,0,0,0
237396,1786553429603.246270,0,0,0,1,0,0,0,0
237397,1786553429604.252357,0,0,0,1,0,0,0,0
237398,1786553429605.277247,0,0,0,1,0,0,0,0
237399,1786553429606.318635,0,0,0,1,0,0,0,0
237400,1786553429607.309921,0,0,0,1,0,0,0,0
237401,1786553429608.303407,0,0,0,1,0,0,0,0
237402,1786553429609.307795,0,0,0,1,0,0,0,0
237403,1786553429610.313984,0,0,0,1,0,0,0,0
237404,1786553429611.322772,0,0,0,1,0,0,0,0
237405,1786553429612.332258,0,0,0,1,0,0,0,0
237406,1786553429613.343946,0,0,0,1,0,0,0,0
237407,1786553429614.348835,0,0,0,1,0,0,0,0
237408,1786553429615.358823,0,0,0,1,0,0,0,0
237409,1786553429616.366809,0,0,0,1,0,0,0,0
237410,1786553429617.374896,0,0,0,1,0,0,0,0
237411,1786553429618.384483,0,0,0,1,0,0,0,0
237412,1786553429619.393971,0,0,0,1,0,0,0,0
237413,1786553429620.409959,0,0,0,1,0,0,0,0
237414,1786553429621.435648,0,0,0,1,0,0,0,0
237415,1786553429622.429335,0,0,0,1,0,0,0,0
237416,1786553429623.434923,0,0,0,1,0,0,0,0
237417,1786553429624.446911,0,0,0,1,0,0,0,0
237418,1786553429625.456599,0,0,0,1,0,0,0,0
237419,1786553429626.469687,0,0,0,1,0,0,0,0
237420,1786553429627.477274,0,0,0,1,0,0,0,0
237421,1786553429628.485862,0,0,0,1,0,0,0,0
237422,1786553429629.493650,0,0,0,1,0,0,0,0
237423,1786553429630.502038,0,0,0,1,0,0,0,0
237424,1786553429631.510425,0,0,0,1,0,0,0,0
237425,1786553429632.519914,0,0,0,1,0,0,0,0
237426,1786553429633.527901,0,0,0,1,0,0,0,0
237427,1786553429634.534089,0,0,0,1,0,0,0,0
237428,1786553429635.566178,0,0,0,1,0,0,0,0
237429,1786553429636.557265,0,0,0,1,0,0,0,0
237430,1786553429637.566753,0,0,0,1,0,0,0,0
237431,1786553429638.580941,0,0,0,1,0,0,0,0
237432,1786553429639.585427,0,0,0,1,0,0,0,0
237433,1786553429640.592214,0,0,0,1,0,0,0,0
237434,1786553429641.609802,0,0,0,1,0,0,0,0
237435,1786553429642.615789,0,0,0,1,0,0,0,0
237436,1786553429643.614876,0,0,0,1,0,0,0,0
237437,1786553429644.628364,0,0,0,1,0,0,0,0
237438,1786553429645.630451,0,0,0,1,0,0,0,0
237439,1786553429646.639540,0,0,0,1,0,0,0,0
237440,1786553429647.649728,0,0,0,1,0,0,0,0
237441,1786553429648.661917,0,0,0,1,0,0,0,0
237442,1786553429649.662602,0,0,0,1,0,0,0,0
237443,1786553429650.693593,0,0,0,1,0,0,0,0
237444,1786553429651.686378,0,0,0,1,0,0,0,0
237445,1786553429652.694466,0,0,0,1,0,0,0,0
237446,1786553429653.701553,0,0,0,1,0,0,0,0
237447,1786553429654.713444,0,0,0,1,0,0,0,0
237448,1786553429655.712831,0,0,0,1,0,0,0,0
237449,1786553429656.721019,0,0,0,1,0,0,0,0
237450,1786553429657.728905,0,0,0,1,0,0,0,0
237451,1786553429658.736792,0,0,0,1,0,0,0,0
237452,1786553429659.744079,0,0,0,1,0,0,0,0
237453,1786553429660.752666,0,0,0,1,0,0,0,0
237454,1786553429661.760653,0,0,0,1,0,0,0,0
237455,1786553429662.768841,0,0,0,1,0,0,0,0
237456,1786553429663.783830,0,0,0,1,0,0,0,0
237457,1786553429664.800218,0,0,0,1,0,0,0,0
237458,1786553429666.241243,0,0,0,1,0,0,0,0
237459,1786553429667.097417,0,0,0,1,0,0,0,0
237460,1786553429668.104005,0,0,0,1,0,0,0,0
237461,1786553429669.104392,0,0,0,1,0,0,0,0
237462,1786553429670.107280,0,0,0,1,0,0,0,0
237463,1786553429671.123569,0,0,0,1,0,0,0,0
237464,1786553429672.127255,0,0,0,1,0,0,0,0
237465,1786553429673.135044,0,0,0,1,0,0,0,0
237466,1786553429674.140532,0,0,0,1,0,0,0,0
237467,1786553429675.149920,0,0,0,1,0,0,0,0
237468,1786553429676.157306,0,0,0,1,0,0,0,0
237469,1786553429677.165794,0,0,0,1,0,0,0,0
237470,1786553429678.173281,0,0,0,1,0,0,0,0
237471,1786553429679.180368,0,0,0,1,0,0,0,0
237472,1786553429680.187956,0,0,0,1,0,0,0,0
237473,1786553429681.205043,0,0,0,1,0,0,0,0
237474,1786553429682.210630,0,0,0,1,0,0,0,0
237475,1786553429683.220618,0,0,0,1,0,0,0,0
237476,1786553429684.226005,0,0,0,1,0,0,0,0
237477,1786553429685.230693,0,0,0,1,0,0,0,0
237478,1786553429686.238379,0,0,0,1,0,0,0,0
237479,1786553429687.254068,0,0,0,1,0,0,0,0
237480,1786553429688.266756,0,0,0,1,0,0,0,0
237481,1786553429689.266142,0,0,0,1,0,0,0,0
237482,1786553429690.274031,0,0,0,1,0,0,0,0
237483,1786553429691.281419,0,0,0,1,0,0,0,0
237484,1786553429692.288807,0,0,0,1,0,0,0,0
237485,1786553429693.296594,0,0,0,1,0,0,0,0
237486,1786553429694.308482,0,0,0,1,0,0,0,0
237487,1786553429695.314768,0,0,0,1,0,0,0,0
237488,1786553429696.488670,0,0,0,1,0,0,0,0
237489,1786553429697.385448,0,0,0,1,0,0,0,0
237490,1786553429698.389834,0,0,0,1,0,0,0,0
237491,1786553429699.395821,0,0,0,1,0,0,0,0
237492,1786553429700.404010,0,0,0,1,0,0,0,0
237493,1786553429701.412798,0,0,0,1,0,0,0,0
237494,1786553429702.419785,0,0,0,1,0,0,0,0
237495,1786553429703.439774,0,0,0,1,0,0,0,0
237496,1786553429704.451662,0,0,0,1,0,0,0,0
237497,1786553429705.455149,0,0,0,1,0,0,0,0
237498,1786553429706.457136,0,0,0,1,0,0,0,0
237499,1786553429707.464823,0,0,0,1,0,0,0,0
237500,1786553429708.473210,0,0,0,1,0,0,0,0
237501,1786553429709.479697,0,0,0,1,0,0,0,0
237502,1786553429710.514187,0,0,0,1,0,0,0,0
237503,1786553429711.501172,0,0,0,1,0,0,0,0
237504,1786553429712.509260,0,0,0,1,0,0,0,0
237505,1786553429713.516646,0,0,0,1,0,0,0,0
237506,1786553429714.524935,0,0,0,1,0,0,0,0
237507,1786553429715.537124,0,0,0,1,0,0,0,0
237508,1786553429716.542812,0,0,0,1,0,0,0,0
237509,1786553429717.551698,0,0,0,1,0,0,0,0
237510,1786553429718.563187,0,0,0,1,0,0,0,0
237511,1786553429719.579074,0,0,0,1,0,0,0,0
237512,1786553429720.580761,0,0,0,1,0,0,0,0
237513,1786553429721.590552,0,0,0,1,0,0,0,0
237514,1786553429722.596738,0,0,0,1,0,0,0,0
237515,1786553429723.605925,0,0,0,1,0,0,0,0
237516,1786553429724.612011,0,0,0,1,0,0,0,0
237517,1786553429725.625599,0,0,0,1,0,0,0,0
237518,1786553429726.649389,0,0,0,1,0,0,0,0
237519,1786553429727.644776,0,0,0,1,0,0,0,0
237520,1786553429728.650363,0,0,0,1,0,0,0,0
237521,1786553429729.658751,0,0,0,1,0,0,0,0
237522,1786553429730.663038,0,0,0,1,0,0,0,0
237523,1786553429731.670424,0,0,0,1,0,0,0,0
237524,1786553429732.676811,0,0,0,1,0,0,0,0
237525,1786553429733.684398,0,0,0,1,0,0,0,0
237526,1786553429734.692985,0,0,0,1,0,0,0,0
237527,1786553429735.704974,0,0,0,1,0,0,0,0
237528,1786553429736.711561,0,0,0,1,0,0,0,0
237529,1786553429737.715748,0,0,0,1,0,0,0,0
237530,1786553429738.727436,0,0,0,1,0,0,0,0
237531,1786553429739.732723,0,0,0,1,0,0,0,0
237532,1786553429740.740111,0,0,0,1,0,0,0,0
237533,1786553429741.754199,0,0,0,1,0,0,0,0
237534,1786553429742.758786,0,0,0,1,0,0,0,0
237535,1786553429743.766773,0,0,0,1,0,0,0,0
237536,1786553429744.790262,0,0,0,1,0,0,0,0
237537,1786553429745.790050,0,0,0,1,0,0,0,0
237538,1786553429746.798636,0,0,0,1,0,0,0,0
237539,1786553429747.808225,0,0,0,1,0,0,0,0
237540,1786553429748.815013,0,0,0,1,0,0,0,0
237541,1786553429749.832100,0,0,0,1,0,0,0,0
237542,1786553429750.843587,0,0,0,1,0,0,0,0
237543,1786553429751.849175,0,0,0,1,0,0,0,0
237544,1786553429752.886366,0,0,0,1,0,0,0,0
237545,1786553429753.878951,0,0,0,1,0,0,0,0
237546,1786553429754.897539,0,0,0,1,0,0,0,0
237547,1786553429755.893626,0,0,0,1,0,0,0,0
237548,1786553429756.936318,0,0,0,1,0,0,0,0
237549,1786553429758.004110,0,0,0,1,0,0,0,0
237550,1786553429758.952291,0,0,0,1,0,0,0,0
237551,1786553429759.950377,0,0,0,1,0,0,0,0
237552,1786553429760.958466,0,0,0,1,0,0,0,0
237553,1786553429761.966554,0,0,0,1,0,0,0,0
237554,1786553429762.975941,0,0,0,1,0,0,0,0
237555,1786553429763.985128,0,0,0,1,0,0,0,0
237556,1786553429764.994016,0,0,0,1,0,0,0,0
237557,1786553429766.002403,0,0,0,1,0,0,0,0
237558,1786553429767.012891,0,0,0,1,0,0,0,0
237559,1786553429768.029179,0,0,0,1,0,0,0,0
237560,1786553429769.060369,0,0,0,1,0,0,0,0
237561,1786553429770.047356,0,0,0,1,0,0,0,0
237562,1786553429771.105648,0,0,0,1,0,0,0,0
237563,1786553429772.107133,0,0,0,1,0,0,0,0
237564,1786553429773.090818,0,0,0,1,0,0,0,0
237565,1786553429774.103507,0,0,0,1,0,0,0,0
237566,1786553429775.108693,0,0,0,1,0,0,0,0
237567,1786553429776.115979,0,0,0,1,0,0,0,0
237568,1786553429777.124468,0,0,0,1,0,0,0,0
237569,1786553429778.134056,0,0,0,1,0,0,0,0
237570,1786553429779.142343,0,0,0,1,0,0,0,0
237571,1786553429780.150431,0,0,0,1,0,0,0,0
237572,1786553429781.159818,0,0,0,1,0,0,0,0
237573,1786553429782.169106,0,0,0,1,0,0,0,0
237574,1786553429783.177394,0,0,0,1,0,0,0,0
237575,1786553429784.187481,0,0,0,1,0,0,0,0
237576,1786553429785.330681,0,0,0,1,0,0,0,0
237577,1786553429786.274964,0,0,0,1,0,0,0,0
237578,1786553429787.282152,0,0,0,1,0,0,0,0
237579,1786553429788.279639,0,0,0,1,0,0,0,0
237580,1786553429789.292927,0,0,0,1,0,0,0,0
237581,1786553429790.314316,0,0,0,1,0,0,0,0
237582,1786553429791.309702,0,0,0,1,0,0,0,0
237583,1786553429792.313289,0,0,0,1,0,0,0,0
237584,1786553429793.322578,0,0,0,1,0,0,0,0
237585,1786553429794.333267,0,0,0,1,0,0,0,0
237586,1786553429795.341255,0,0,0,1,0,0,0,0
237587,1786553429796.350342,0,0,0,1,0,0,0,0
237588,1786553429797.359631,0,0,0,1,0,0,0,0
237589,1786553429798.368318,0,0,0,1,0,0,0,0
237590,1786553429799.378705,0,0,0,1,0,0,0,0
237591,1786553429800.387493,0,0,0,1,0,0,0,0
237592,1786553429801.426484,0,0,0,1,0,0,0,0
237593,1786553429802.420270,0,0,0,1,0,0,0,0
237594,1786553429803.425657,0,0,0,1,0,0,0,0
237595,1786553429804.432246,0,0,0,1,0,0,0,0
237596,1786553429805.441032,0,0,0,1,0,0,0,0
237597,1786553429806.450120,0,0,0,1,0,0,0,0
237598,1786553429807.459008,0,0,0,1,0,0,0,0
237599,1786553429808.468695,0,0,0,1,0,0,0,0
237600,1786553429809.477983,0,0,0,1,0,0,0,0
237601,1786553429810.486969,0,0,0,1,0,0,0,0
237602,1786553429811.496457,0,0,0,1,0,0,0,0
237603,1786553429812.507544,0,0,0,1,0,0,0,0
237604,1786553429813.514532,0,0,0,1,0,0,0,0
237605,1786553429814.525420,0,0,0,1,0,0,0,0
237606,1786553429815.532107,0,0,0,1,0,0,0,0
237607,1786553429816.542795,0,0,0,1,0,0,0,0
237608,1786553429818.383353,0,0,0,1,0,0,0,0
237609,1786553429819.292231,0,0,0,1,0,0,0,0
237610,1786553429820.247513,0,0,0,1,0,0,0,0
237611,1786553429821.230399,0,0,0,1,0,0,0,0
237612,1786553429822.232287,0,0,0,1,0,0,0,0
237613,1786553429823.236573,0,0,0,1,0,0,0,0
237614,1786553429824.241561,0,0,0,1,0,0,0,0
237615,1786553429825.246949,0,0,0,1,0,0,0,0
237616,1786553429826.253936,0,0,0,1,0,0,0,0
237617,1786553429827.261725,0,0,0,1,0,0,0,0
237618,1786553429828.269613,0,0,0,1,0,0,0,0
237619,1786553429829.277700,0,0,0,1,0,0,0,0
237620,1786553429830.284786,0,0,0,1,0,0,0,0
237621,1786553429831.324976,0,0,0,1,0,0,0,0
237622,1786553429832.341463,0,0,0,1,0,0,0,0
237623,1786553429833.363852,0,0,0,1,0,0,0,0
237624,1786553429834.338337,0,0,0,1,0,0,0,0
237625,1786553429835.347825,0,0,0,1,0,0,0,0
237626,1786553429836.349511,0,0,0,1,0,0,0,0
237627,1786553429837.354798,0,0,0,1,0,0,0,0
237628,1786553429838.363286,0,0,0,1,0,0,0,0
237629,1786553429839.370174,0,0,0,1,0,0,0,0
237630,1786553429840.378460,0,0,0,1,0,0,0,0
237631,1786553429841.386049,0,0,0,1,0,0,0,0
237632,1786553429842.394436,0,0,0,1,0,0,0,0
237633,1786553429843.401025,0,0,0,1,0,0,0,0
237634,1786553429844.409712,0,0,0,1,0,0,0,0
237635,1786553429845.417399,0,0,0,1,0,0,0,0
237636,1786553429846.424587,0,0,0,1,0,0,0,0
237637,1786553429847.632192,0,0,0,1,0,0,0,0
237638,1786553429848.513269,0,0,0,1,0,0,0,0
237639,1786553429849.487456,0,0,0,1,0,0,0,0
237640,1786553429850.485142,0,0,0,1,0,0,0,0
237641,1786553429851.489029,0,0,0,1,0,0,0,0
237642,1786553429852.499018,0,0,0,1,0,0,0,0
237643,1786553429853.503404,0,0,0,1,0,0,0,0
237644,1786553429854.511191,0,0,0,1,0,0,0,0
237645,1786553429855.517478,0,0,0,1,0,0,0,0
237646,1786553429856.525967,0,0,0,1,0,0,0,0
237647,1786553429857.533353,0,0,0,1,0,0,0,0
237648,1786553429858.542241,0,0,0,1,0,0,0,0
237649,1786553429859.551627,0,0,0,1,0,0,0,0
237650,1786553429860.567314,0,0,0,1,0,0,0,0
237651,1786553429861.583702,0,0,0,1,0,0,0,0
237652,1786553429862.584789,0,0,0,1,0,0,0,0
237653,1786553429863.593676,0,0,0,1,0,0,0,0
237654,1786553429864.632268,0,0,0,1,0,0,0,0
237655,1786553429865.634552,0,0,0,1,0,0,0,0
237656,1786553429866.626541,0,0,0,1,0,0,0,0
237657,1786553429867.649531,0,0,0,1,0,0,0,0
237658,1786553429868.649016,0,0,0,1,0,0,0,0
237659,1786553429869.654304,0,0,0,1,0,0,0,0
237660,1786553429870.661090,0,0,0,1,0,0,0,0
237661,1786553429871.668675,0,0,0,1,0,0,0,0
237662,1786553429872.676862,0,0,0,1,0,0,0,0
237663,1786553429873.682749,0,0,0,1,0,0,0,0
237664,1786553429874.689835,0,0,0,1,0,0,0,0
237665,1786553429875.699322,0,0,0,1,0,0,0,0
237666,1786553429876.706411,0,0,0,1,0,0,0,0
237667,1786553429878.619576,0,0,0,1,0,0,0,0
237668,1786553429879.463551,0,0,0,1,0,0,0,0
237669,1786553429880.461237,0,0,0,1,0,0,0,0
237670,1786553429881.450622,0,0,0,1,0,0,0,0
237671,1786553429882.460109,0,0,0,1,0,0,0,0
237672,1786553429883.452197,0,0,0,1,0,0,0,0
237673,1786553429884.454283,0,0,0,1,0,0,0,0
237674,1786553429885.462369,0,0,0,1,0,0,0,0
237675,1786553429886.496558,0,0,0,1,0,0,0,0
237676,1786553429887.472943,0,0,0,1,0,0,0,0
237677,1786553429888.479830,0,0,0,1,0,0,0,0
237678,1786553429889.489018,0,0,0,1,0,0,0,0
237679,1786553429890.512108,0,0,0,1,0,0,0,0
237680,1786553429891.501994,0,0,0,1,0,0,0,0
237681,1786553429892.515383,0,0,0,1,0,0,0,0
237682,1786553429893.520071,0,0,0,1,0,0,0,0
237683,1786553429894.530457,0,0,0,1,0,0,0,0
237684,1786553429895.536144,0,0,0,1,0,0,0,0
237685,1786553429896.587535,0,0,0,1,0,0,0,0
237686,1786553429897.583322,0,0,0,1,0,0,0,0
237687,1786553429898.581009,0,0,0,1,0,0,0,0
237688,1786553429899.584696,0,0,0,1,0,0,0,0
237689,1786553429900.591483,0,0,0,1,0,0,0,0
237690,1786553429901.598671,0,0,0,1,0,0,0,0
237691,1786553429902.606959,0,0,0,1,0,0,0,0
237692,1786553429903.614446,0,0,0,1,0,0,0,0
237693,1786553429904.624534,0,0,0,1,0,0,0,0
237694,1786553429905.630721,0,0,0,1,0,0,0,0
237695,1786553429906.639111,0,0,0,1,0,0,0,0
237696,1786553429907.645397,0,0,0,1,0,0,0,0
237697,1786553429908.656886,0,0,0,1,0,0,0,0
237698,1786553429909.665874,0,0,0,1,0,0,0,0
237699,1786553429910.672663,0,0,0,1,0,0,0,0
237700,1786553429911.678650,0,0,0,1,0,0,0,0
237701,1786553429912.686139,0,0,0,1,0,0,0,0
237702,1786553429913.700528,0,0,0,1,0,0,0,0
237703,1786553429914.705315,0,0,0,1,0,0,0,0
237704,1786553429915.710203,0,0,0,1,0,0,0,0
237705,1786553429916.718492,0,0,0,1,0,0,0,0
237706,1786553429917.726280,0,0,0,1,0,0,0,0
237707,1786553429918.735069,0,0,0,1,0,0,0,0
237708,1786553429919.744956,0,0,0,1,0,0,0,0
237709,1786553429920.750845,0,0,0,1,0,0,0,0
237710,1786553429921.758332,0,0,0,1,0,0,0,0
237711,1786553429922.766720,0,0,0,1,0,0,0,0
237712,1786553429923.781709,0,0,0,1,0,0,0,0
237713,1786553429924.798697,0,0,0,1,0,0,0,0
237714,1786553429925.796183,0,0,0,1,0,0,0,0
237715,1786553429926.803872,0,0,0,1,0,0,0,0
237716,1786553429927.812459,0,0,0,1,0,0,0,0
237717,1786553429928.841749,0,0,0,1,0,0,0,0
237718,1786553429929.855035,0,0,0,1,0,0,0,0
237719,1786553429930.857721,0,0,0,1,0,0,0,0
237720,1786553429931.880210,0,0,0,1,0,0,0,0
237721,1786553429932.879398,0,0,0,1,0,0,0,0
237722,1786553429933.888186,0,0,0,1,0,0,0,0
237723,1786553429934.903174,0,0,0,1,0,0,0,0
237724,1786553429935.902061,0,0,0,1,0,0,0,0
237725,1786553429936.908148,0,0,0,1,0,0,0,0
237726,1786553429937.916035,0,0,0,1,0,0,0,0
237727,1786553429938.942025,0,0,0,1,0,0,0,0
237728,1786553429939.939912,0,0,0,1,0,0,0,0
237729,1786553429940.953501,0,0,0,1,0,0,0,0
237730,1786553429941.960488,0,0,0,1,0,0,0,0
237731,1786553429942.962974,0,0,0,1,0,0,0,0
237732,1786553429943.970662,0,0,0,1,0,0,0,0
237733,1786553429944.977850,0,0,0,1,0,0,0,0
237734,1786553429946.011340,0,0,0,1,0,0,0,0
237735,1786553429947.006826,0,0,0,1,0,0,0,0
237736,1786553429948.009612,0,0,0,1,0,0,0,0
237737,1786553429949.054904,0,0,0,1,0,0,0,0
237738,1786553429950.034489,0,0,0,1,0,0,0,0
237739,1786553429951.045775,0,0,0,1,0,0,0,0
237740,1786553429952.060862,0,0,0,1,0,0,0,0
237741,1786553429953.062149,0,0,0,1,0,0,0,0
237742,1786553429954.907111,0,0,0,1,0,0,0,0
237743,1786553429955.698379,0,0,0,1,0,0,0,0
237744,1786553429956.696164,0,0,0,1,0,0,0,0
237745,1786553429957.699353,0,0,0,1,0,0,0,0
237746,1786553429958.758446,0,0,0,1,0,0,0,0
237747,1786553429959.720530,0,0,0,1,0,0,0,0
237748,1786553429960.725118,0,0,0,1,0,0,0,0
237749,1786553429961.741906,0,0,0,1,0,0,0,0
237750,1786553429962.745691,0,0,0,1,0,0,0,0
237751,1786553429963.754180,0,0,0,1,0,0,0,0
237752,1786553429964.757868,0,0,0,1,0,0,0,0
237753,1786553429965.766954,0,0,0,1,0,0,0,0
237754,1786553429966.775341,0,0,0,1,0,0,0,0
237755,1786553429967.817331,0,0,0,1,0,0,0,0
237756,1786553429968.800118,0,0,0,1,0,0,0,0
237757,1786553429969.808105,0,0,0,1,0,0,0,0
237758,1786553429970.814392,0,0,0,1,0,0,0,0
237759,1786553429971.834381,0,0,0,1,0,0,0,0
237760,1786553429972.842168,0,0,0,1,0,0,0,0
237761,1786553429973.849455,0,0,0,1,0,0,0,0
237762,1786553429974.865743,0,0,0,1,0,0,0,0
237763,1786553429975.868430,0,0,0,1,0,0,0,0
237764,1786553429976.879119,0,0,0,1,0,0,0,0
237765,1786553429977.917110,0,0,0,1,0,0,0,0
237766,1786553429978.904597,0,0,0,1,0,0,0,0
237767,1786553429979.904583,0,0,0,1,0,0,0,0
237768,1786553429980.910170,0,0,0,1,0,0,0,0
237769,1786553429981.922157,0,0,0,1,0,0,0,0
237770,1786553429982.927844,0,0,0,1,0,0,0,0
237771,1786553429983.939731,0,0,0,1,0,0,0,0
237772,1786553429984.955219,0,0,0,1,0,0,0,0
237773,1786553429985.957405,0,0,0,1,0,0,0,0
237774,1786553429986.966993,0,0,0,1,0,0,0,0
237775,1786553429987.972780,0,0,0,1,0,0,0,0
237776,1786553429988.981267,0,0,0,1,0,0,0,0
237777,1786553429990.187572,0,0,0,1,0,0,0,0
237778,1786553429991.056648,0,0,0,1,0,0,0,0
237779,1786553429992.009432,0,0,0,1,0,0,0,0
237780,1786553429993.017121,0,0,0,1,0,0,0,0
237781,1786553429994.121816,0,0,0,1,0,0,0,0
237782,1786553429995.136904,0,0,0,1,0,0,0,0
237783,1786553429996.138490,0,0,0,1,0,0,0,0
237784,1786553429997.147380,0,0,0,1,0,0,0,0
237785,1786553429998.155267,0,0,0,1,0,0,0,0
237786,1786553429999.532488,0,0,0,1,0,0,0,0
237787,1786553430000.192345,0,0,0,1,0,0,0,0
237788,1786553430001.190332,0,0,0,1,0,0,0,0
237789,1786553430002.198421,0,0,0,1,0,0,0,0
237790,1786553430003.217108,0,0,0,1,0,0,0,0
237791,1786553430004.213394,0,0,0,1,0,0,0,0
237792,1786553430005.223082,0,0,0,1,0,0,0,0
237793,1786553430006.231070,0,0,0,1,0,0,0,0
237794,1786553430007.241958,0,0,0,1,0,0,0,0
237795,1786553430008.248846,0,0,0,1,0,0,0,0
237796,1786553430009.254433,0,0,0,1,0,0,0,0
237797,1786553430010.260820,0,0,0,1,0,0,0,0
237798,1786553430011.271707,0,0,0,1,0,0,0,0
237799,1786553430012.283895,0,0,0,1,0,0,0,0
237800,1786553430013.290484,0,0,0,1,0,0,0,0
237801,1786553430014.295271,0,0,0,1,0,0,0,0
237802,1786553430015.303259,0,0,0,1,0,0,0,0
237803,1786553430016.312146,0,0,0,1,0,0,0,0
237804,1786553430017.317532,0,0,0,1,0,0,0,0
237805,1786553430018.325018,0,0,0,1,0,0,0,0
237806,1786553430019.331707,0,0,0,1,0,0,0,0
237807,1786553430020.340694,0,0,0,1,0,0,0,0
237808,1786553430021.348881,0,0,0,1,0,0,0,0
237809,1786553430022.357069,0,0,0,1,0,0,0,0
237810,1786553430023.363056,0,0,0,1,0,0,0,0
237811,1786553430024.372844,0,0,0,1,0,0,0,0
237812,1786553430025.381532,0,0,0,1,0,0,0,0
237813,1786553430026.390521,0,0,0,1,0,0,0,0
237814,1786553430027.446012,0,0,0,1,0,0,0,0
237815,1786553430028.423497,0,0,0,1,0,0,0,0
237816,1786553430029.432485,0,0,0,1,0,0,0,0
237817,1786553430030.456873,0,0,0,1,0,0,0,0
237818,1786553430031.464060,0,0,0,1,0,0,0,0
237819,1786553430032.458648,0,0,0,1,0,0,0,0
237820,1786553430033.467136,0,0,0,1,0,0,0,0
237821,1786553430034.479325,0,0,0,1,0,0,0,0
237822,1786553430035.499414,0,0,0,1,0,0,0,0
237823,1786553430036.494700,0,0,0,1,0,0,0,0
237824,1786553430037.502687,0,0,0,1,0,0,0,0
237825,1786553430038.510675,0,0,0,1,0,0,0,0
237826,1786553430039.522062,0,0,0,1,0,0,0,0
237827,1786553430040.530451,0,0,0,1,0,0,0,0
237828,1786553430041.537739,0,0,0,1,0,0,0,0
237829,1786553430042.546526,0,0,0,1,0,0,0,0
237830,1786553430043.561814,0,0,0,1,0,0,0,0
237831,1786553430044.600605,0,0,0,1,0,0,0,0
237832,1786553430045.594990,0,0,0,1,0,0,0,0
237833,1786553430046.593875,0,0,0,1,0,0,0,0
237834,1786553430047.601362,0,0,0,1,0,0,0,0
237835,1786553430048.607949,0,0,0,1,0,0,0,0
237836,1786553430049.619636,0,0,0,1,0,0,0,0
237837,1786553430050.624423,0,0,0,1,0,0,0,0
237838,1786553430051.635311,0,0,0,1,0,0,0,0
237839,1786553430052.642198,0,0,0,1,0,0,0,0
237840,1786553430053.649586,0,0,0,1,0,0,0,0
237841,1786553430054.657474,0,0,0,1,0,0,0,0
237842,1786553430055.666562,0,0,0,1,0,0,0,0
237843,1786553430056.674448,0,0,0,1,0,0,0,0
237844,1786553430057.682236,0,0,0,1,0,0,0,0
237845,1786553430058.690724,0,0,0,1,0,0,0,0
237846,1786553430059.706614,0,0,0,1,0,0,0,0
237847,1786553430060.726802,0,0,0,1,0,0,0,0
237848,1786553430061.734490,0,0,0,1,0,0,0,0
237849,1786553430062.732477,0,0,0,1,0,0,0,0
237850,1786553430063.738465,0,0,0,1,0,0,0,0
237851,1786553430064.747152,0,0,0,1,0,0,0,0
237852,1786553430065.750940,0,0,0,1,0,0,0,0
237853,1786553430066.759428,0,0,0,1,0,0,0,0
237854,1786553430067.766816,0,0,0,1,0,0,0,0
237855,1786553430068.777903,0,0,0,1,0,0,0,0
237856,1786553430069.786091,0,0,0,1,0,0,0,0
237857,1786553430070.793278,0,0,0,1,0,0,0,0
237858,1786553430071.800566,0,0,0,1,0,0,0,0
237859,1786553430072.810152,0,0,0,1,0,0,0,0
237860,1786553430073.815940,0,0,0,1,0,0,0,0
237861,1786553430074.903834,0,0,0,1,0,0,0,0
237862,1786553430075.885718,0,0,0,1,0,0,0,0
237863,1786553430076.857102,0,0,0,1,0,0,0,0
237864,1786553430077.864090,0,0,0,1,0,0,0,0
237865,1786553430078.877476,0,0,0,1,0,0,0,0
237866,1786553430079.889464,0,0,0,1,0,0,0,0
237867,1786553430080.894752,0,0,0,1,0,0,0,0
237868,1786553430081.901639,0,0,0,1,0,0,0,0
237869,1786553430082.910727,0,0,0,1,0,0,0,0
237870,1786553430083.918315,0,0,0,1,0,0,0,0
237871,1786553430084.935003,0,0,0,1,0,0,0,0
237872,1786553430085.934990,0,0,0,1,0,0,0,0
237873,1786553430086.943978,0,0,0,1,0,0,0,0
237874,1786553430087.951066,0,0,0,1,0,0,0,0
237875,1786553430088.958752,0,0,0,1,0,0,0,0
237876,1786553430089.966740,0,0,0,1,0,0,0,0
237877,1786553430090.996828,0,0,0,1,0,0,0,0
237878,1786553430092.040618,0,0,0,1,0,0,0,0
237879,1786553430093.055506,0,0,0,1,0,0,0,0
237880,1786553430094.206206,0,0,0,1,0,0,0,0
237881,1786553430095.210393,0,0,0,1,0,0,0,0
237882,1786553430096.229481,0,0,0,1,0,0,0,0
237883,1786553430097.253071,0,0,0,1,0,0,0,0
237884,1786553430098.218954,0,0,0,1,0,0,0,0
237885,1786553430099.218642,0,0,0,1,0,0,0,0
237886,1786553430100.227230,0,0,0,1,0,0,0,0
237887,1786553430101.233918,0,0,0,1,0,0,0,0
237888,1786553430102.241907,0,0,0,1,0,0,0,0
237889,1786553430103.261896,0,0,0,1,0,0,0,0
237890,1786553430104.258382,0,0,0,1,0,0,0,0
237891,1786553430105.269470,0,0,0,1,0,0,0,0
237892,1786553430106.281756,0,0,0,1,0,0,0,0
237893,1786553430107.288443,0,0,0,1,0,0,0,0
237894,1786553430108.302231,0,0,0,1,0,0,0,0
237895,1786553430109.308417,0,0,0,1,0,0,0,0
237896,1786553430110.309205,0,0,0,1,0,0,0,0
237897,1786553430111.318293,0,0,0,1,0,0,0,0
237898,1786553430112.324780,0,0,0,1,0,0,0,0
237899,1786553430113.332169,0,0,0,1,0,0,0,0
237900,1786553430114.340256,0,0,0,1,0,0,0,0
237901,1786553430115.348744,0,0,0,1,0,0,0,0
237902,1786553430116.357433,0,0,0,1,0,0,0,0
237903,1786553430117.364219,0,0,0,1,0,0,0,0
237904,1786553430118.372405,0,0,0,1,0,0,0,0
237905,1786553430119.380292,0,0,0,1,0,0,0,0
237906,1786553430120.388580,0,0,0,1,0,0,0,0
237907,1786553430121.410868,0,0,0,1,0,0,0,0
237908,1786553430122.426557,0,0,0,1,0,0,0,0
237909,1786553430123.458247,0,0,0,1,0,0,0,0
237910,1786553430124.449731,0,0,0,1,0,0,0,0
237911,1786553430125.461220,0,0,0,1,0,0,0,0
237912,1786553430126.464709,0,0,0,1,0,0,0,0
237913,1786553430127.475796,0,0,0,1,0,0,0,0
237914,1786553430128.483683,0,0,0,1,0,0,0,0
237915,1786553430129.492669,0,0,0,1,0,0,0,0
237916,1786553430130.498457,0,0,0,1,0,0,0,0
237917,1786553430131.507945,0,0,0,1,0,0,0,0
237918,1786553430132.517031,0,0,0,1,0,0,0,0
237919,1786553430133.527019,0,0,0,1,0,0,0,0
237920,1786553430134.531005,0,0,0,1,0,0,0,0
237921,1786553430135.536994,0,0,0,1,0,0,0,0
237922,1786553430136.565683,0,0,0,1,0,0,0,0
237923,1786553430137.565370,0,0,0,1,0,0,0,0
237924,1786553430138.573758,0,0,0,1,0,0,0,0
237925,1786553430139.582146,0,0,0,1,0,0,0,0
237926,1786553430140.590433,0,0,0,1,0,0,0,0
237927,1786553430141.606821,0,0,0,1,0,0,0,0
237928,1786553430142.614408,0,0,0,1,0,0,0,0
237929,1786553430143.627495,0,0,0,1,0,0,0,0
237930,1786553430144.635782,0,0,0,1,0,0,0,0
237931,1786553430145.642169,0,0,0,1,0,0,0,0
237932,1786553430146.656856,0,0,0,1,0,0,0,0
237933,1786553430147.659343,0,0,0,1,0,0,0,0
237934,1786553430148.665730,0,0,0,1,0,0,0,0
237935,1786553430149.675216,0,0,0,1,0,0,0,0
237936,1786553430150.682804,0,0,0,1,0,0,0,0
237937,1786553430151.692291,0,0,0,1,0,0,0,0
237938,1786553430152.883595,0,0,0,1,0,0,0,0
237939,1786553430153.782074,0,0,0,1,0,0,0,0
237940,1786553430154.806962,0,0,0,1,0,0,0,0
237941,1786553430155.789148,0,0,0,1,0,0,0,0
237942,1786553430156.802936,0,0,0,1,0,0,0,0
237943,1786553430157.811325,0,0,0,1,0,0,0,0
237944,1786553430158.817612,0,0,0,1,0,0,0,0
237945,1786553430159.817600,0,0,0,1,0,0,0,0
237946,1786553430160.830588,0,0,0,1,0,0,0,0
237947,1786553430161.833975,0,0,0,1,0,0,0,0
237948,1786553430162.841163,0,0,0,1,0,0,0,0
237949,1786553430163.848352,0,0,0,1,0,0,0,0
237950,1786553430164.862840,0,0,0,1,0,0,0,0
237951,1786553430165.865228,0,0,0,1,0,0,0,0
237952,1786553430166.886218,0,0,0,1,0,0,0,0
237953,1786553430167.888204,0,0,0,1,0,0,0,0
237954,1786553430168.894290,0,0,0,1,0,0,0,0
237955,1786553430169.910379,0,0,0,1,0,0,0,0
237956,1786553430170.911567,0,0,0,1,0,0,0,0
237957,1786553430171.918454,0,0,0,1,0,0,0,0
237958,1786553430172.940442,0,0,0,1,0,0,0,0
237959,1786553430173.946929,0,0,0,1,0,0,0,0
237960,1786553430174.952618,0,0,0,1,0,0,0,0
237961,1786553430175.958304,0,0,0,1,0,0,0,0
237962,1786553430176.966691,0,0,0,1,0,0,0,0
237963,1786553430177.975379,0,0,0,1,0,0,0,0
237964,1786553430178.981067,0,0,0,1,0,0,0,0
237965,1786553430179.988955,0,0,0,1,0,0,0,0
237966,1786553430180.996742,0,0,0,1,0,0,0,0
237967,1786553430182.067435,0,0,0,1,0,0,0,0
237968,1786553430183.024518,0,0,0,1,0,0,0,0
237969,1786553430184.024606,0,0,0,1,0,0,0,0
237970,1786553430185.033193,0,0,0,1,0,0,0,0
237971,1786553430186.039579,0,0,0,1,0,0,0,0
237972,1786553430187.047268,0,0,0,1,0,0,0,0
237973,1786553430188.055255,0,0,0,1,0,0,0,0
237974,1786553430189.073943,0,0,0,1,0,0,0,0
237975,1786553430190.079431,0,0,0,1,0,0,0,0
237976,1786553430191.085919,0,0,0,1,0,0,0,0
237977,1786553430192.093408,0,0,0,1,0,0,0,0
237978,1786553430193.100295,0,0,0,1,0,0,0,0
237979,1786553430194.120784,0,0,0,1,0,0,0,0
237980,1786553430195.127673,0,0,0,1,0,0,0,0
237981,1786553430196.144161,0,0,0,1,0,0,0,0
237982,1786553430197.145149,0,0,0,1,0,0,0,0
237983,1786553430198.153636,0,0,0,1,0,0,0,0
237984,1786553430199.161023,0,0,0,1,0,0,0,0
237985,1786553430200.168710,0,0,0,1,0,0,0,0
237986,1786553430201.175798,0,0,0,1,0,0,0,0
237987,1786553430202.183586,0,0,0,1,0,0,0,0
237988,1786553430203.202175,0,0,0,1,0,0,0,0
237989,1786553430204.200262,0,0,0,1,0,0,0,0
237990,1786553430205.208248,0,0,0,1,0,0,0,0
237991,1786553430206.221735,0,0,0,1,0,0,0,0
237992,1786553430207.226821,0,0,0,1,0,0,0,0
237993,1786553430208.233808,0,0,0,1,0,0,0,0
237994,1786553430209.242597,0,0,0,1,0,0,0,0
237995,1786553430210.249385,0,0,0,1,0,0,0,0
237996,1786553430211.526394,0,0,0,1,0,0,0,0
237997,1786553430212.276559,0,0,0,1,0,0,0,0
237998,1786553430213.280946,0,0,0,1,0,0,0,0
237999,1786553430214.288335,0,0,0,1,0,0,0,0
238000,1786553430215.297823,0,0,0,1,0,0,0,0
238001,1786553430216.307411,0,0,0,1,0,0,0,0
238002,1786553430217.311898,0,0,0,1,0,0,0,0
238003,1786553430218.321884,0,0,0,1,0,0,0,0
238004,1786553430219.327671,0,0,0,1,0,0,0,0
238005,1786553430220.338660,0,0,0,1,0,0,0,0
238006,1786553430221.345148,0,0,0,1,0,0,0,0
238007,1786553430222.360036,0,0,0,1,0,0,0,0
238008,1786553430223.361024,0,0,0,1,0,0,0,0
238009,1786553430224.371411,0,0,0,1,0,0,0,0
238010,1786553430225.377897,0,0,0,1,0,0,0,0
238011,1786553430226.388885,0,0,0,1,0,0,0,0
238012,1786553430227.407972,0,0,0,1,0,0,0,0
238013,1786553430228.415360,0,0,0,1,0,0,0,0
238014,1786553430229.415347,0,0,0,1,0,0,0,0
238015,1786553430230.422035,0,0,0,1,0,0,0,0
238016,1786553430231.429821,0,0,0,1,0,0,0,0
238017,1786553430232.436709,0,0,0,1,0,0,0,0
238018,1786553430233.444696,0,0,0,1,0,0,0,0
238019,1786553430234.453584,0,0,0,1,0,0,0,0
238020,1786553430235.461770,0,0,0,1,0,0,0,0
238021,1786553430236.469857,0,0,0,1,0,0,0,0
238022,1786553430237.477046,0,0,0,1,0,0,0,0
238023,1786553430238.491234,0,0,0,1,0,0,0,0
238024,1786553430239.497722,0,0,0,1,0,0,0,0
238025,1786553430240.505310,0,0,0,1,0,0,0,0
238026,1786553430241.516800,0,0,0,1,0,0,0,0
238027,1786553430242.524988,0,0,0,1,0,0,0,0
238028,1786553430244.148129,0,0,0,1,0,0,0,0
238029,1786553430244.558063,0,0,0,1,0,0,0,0
238030,1786553430245.614555,0,0,0,1,0,0,0,0
238031,1786553430246.567238,0,0,0,1,0,0,0,0
238032,1786553430247.574127,0,0,0,1,0,0,0,0
238033,1786553430248.580815,0,0,0,1,0,0,0,0
238034,1786553430249.589205,0,0,0,1,0,0,0,0
238035,1786553430250.596191,0,0,0,1,0,0,0,0
238036,1786553430251.608278,0,0,0,1,0,0,0,0
238037,1786553430252.616765,0,0,0,1,0,0,0,0
238038,1786553430253.624753,0,0,0,1,0,0,0,0
238039,1786553430254.641642,0,0,0,1,0,0,0,0
238040,1786553430255.644529,0,0,0,1,0,0,0,0
238041,1786553430256.652518,0,0,0,1,0,0,0,0
238042,1786553430257.660905,0,0,0,1,0,0,0,0
238043,1786553430258.671992,0,0,0,1,0,0,0,0
238044,1786553430259.679078,0,0,0,1,0,0,0,0
238045,1786553430260.684765,0,0,0,1,0,0,0,0
238046,1786553430261.692253,0,0,0,1,0,0,0,0
238047,1786553430262.700541,0,0,0,1,0,0,0,0
238048,1786553430263.707728,0,0,0,1,0,0,0,0
238049,1786553430264.716216,0,0,0,1,0,0,0,0
238050,1786553430265.724402,0,0,0,1,0,0,0,0
238051,1786553430266.731090,0,0,0,1,0,0,0,0
238052,1786553430267.739976,0,0,0,1,0,0,0,0
238053,1786553430268.749763,0,0,0,1,0,0,0,0
238054,1786553430269.757449,0,0,0,1,0,0,0,0
238055,1786553430270.785437,0,0,0,1,0,0,0,0
238056,1786553430271.788824,0,0,0,1,0,0,0,0
238057,1786553430272.800012,0,0,0,1,0,0,0,0
238058,1786553430273.817200,0,0,0,1,0,0,0,0
238059,1786553430274.828889,0,0,0,1,0,0,0,0
238060,1786553430275.815874,0,0,0,1,0,0,0,0
238061,1786553430276.832162,0,0,0,1,0,0,0,0
238062,1786553430277.839450,0,0,0,1,0,0,0,0
238063,1786553430278.845138,0,0,0,1,0,0,0,0
238064,1786553430279.853124,0,0,0,1,0,0,0,0
238065,1786553430280.862812,0,0,0,1,0,0,0,0
238066,1786553430281.870298,0,0,0,1,0,0,0,0
238067,1786553430282.879086,0,0,0,1,0,0,0,0
238068,1786553430283.887474,0,0,0,1,0,0,0,0
238069,1786553430284.908863,0,0,0,1,0,0,0,0
238070,1786553430285.904850,0,0,0,1,0,0,0,0
238071,1786553430286.912639,0,0,0,1,0,0,0,0
238072,1786553430287.951329,0,0,0,1,0,0,0,0
238073,1786553430288.949815,0,0,0,1,0,0,0,0
238074,1786553430289.999207,0,0,0,1,0,0,0,0
238075,1786553430290.970189,0,0,0,1,0,0,0,0
238076,1786553430291.980977,0,0,0,1,0,0,0,0
238077,1786553430292.989365,0,0,0,1,0,0,0,0
238078,1786553430294.141762,0,0,0,1,0,0,0,0
238079,1786553430295.172150,0,0,0,1,0,0,0,0
238080,1786553430296.159235,0,0,0,1,0,0,0,0
238081,1786553430297.164423,0,0,0,1,0,0,0,0
238082,1786553430298.176810,0,0,0,1,0,0,0,0
238083,1786553430299.176897,0,0,0,1,0,0,0,0
238084,1786553430300.187986,0,0,0,1,0,0,0,0
238085,1786553430301.192973,0,0,0,1,0,0,0,0
238086,1786553430302.208763,0,0,0,1,0,0,0,0
238087,1786553430303.221551,0,0,0,1,0,0,0,0
238088,1786553430304.232039,0,0,0,1,0,0,0,0
238089,1786553430305.252827,0,0,0,1,0,0,0,0
238090,1786553430306.294819,0,0,0,1,0,0,0,0
238091,1786553430307.251804,0,0,0,1,0,0,0,0
238092,1786553430308.257592,0,0,0,1,0,0,0,0
238093,1786553430309.263880,0,0,0,1,0,0,0,0
238094,1786553430310.271166,0,0,0,1,0,0,0,0
238095,1786553430311.279454,0,0,0,1,0,0,0,0
238096,1786553430312.289640,0,0,0,1,0,0,0,0
238097,1786553430313.297427,0,0,0,1,0,0,0,0
238098,1786553430314.306414,0,0,0,1,0,0,0,0
238099,1786553430315.313902,0,0,0,1,0,0,0,0
238100,1786553430316.323290,0,0,0,1,0,0,0,0
238101,1786553430317.332378,0,0,0,1,0,0,0,0
238102,1786553430318.340565,0,0,0,1,0,0,0,0
238103,1786553430319.347252,0,0,0,1,0,0,0,0
238104,1786553430320.404445,0,0,0,1,0,0,0,0
238105,1786553430321.393730,0,0,0,1,0,0,0,0
238106,1786553430322.389617,0,0,0,1,0,0,0,0
238107,1786553430323.397303,0,0,0,1,0,0,0,0
238108,1786553430324.403890,0,0,0,1,0,0,0,0
238109,1786553430325.414377,0,0,0,1,0,0,0,0
238110,1786553430326.420864,0,0,0,1,0,0,0,0
238111,1786553430327.431250,0,0,0,1,0,0,0,0
238112,1786553430328.438037,0,0,0,1,0,0,0,0
238113,1786553430329.447926,0,0,0,1,0,0,0,0
238114,1786553430330.454913,0,0,0,1,0,0,0,0
238115,1786553430331.461601,0,0,0,1,0,0,0,0
238116,1786553430332.468789,0,0,0,1,0,0,0,0
238117,1786553430333.475377,0,0,0,1,0,0,0,0
238118,1786553430334.482564,0,0,0,1,0,0,0,0
238119,1786553430335.492452,0,0,0,1,0,0,0,0
238120,1786553430336.583745,0,0,0,1,0,0,0,0
238121,1786553430337.621636,0,0,0,1,0,0,0,0
238122,1786553430338.599520,0,0,0,1,0,0,0,0
238123,1786553430339.595705,0,0,0,1,0,0,0,0
238124,1786553430340.600494,0,0,0,1,0,0,0,0
238125,1786553430341.610681,0,0,0,1,0,0,0,0
238126,1786553430342.617269,0,0,0,1,0,0,0,0
238127,1786553430343.628557,0,0,0,1,0,0,0,0
238128,1786553430344.636343,0,0,0,1,0,0,0,0
238129,1786553430345.644330,0,0,0,1,0,0,0,0
238130,1786553430346.653318,0,0,0,1,0,0,0,0
238131,1786553430347.659905,0,0,0,1,0,0,0,0
238132,1786553430348.667593,0,0,0,1,0,0,0,0
238133,1786553430349.675782,0,0,0,1,0,0,0,0
238134,1786553430350.701471,0,0,0,1,0,0,0,0
238135,1786553430351.810764,0,0,0,1,0,0,0,0
238136,1786553430352.713343,0,0,0,1,0,0,0,0
238137,1786553430353.789437,0,0,0,1,0,0,0,0
238138,1786553430354.736519,0,0,0,1,0,0,0,0
238139,1786553430355.751708,0,0,0,1,0,0,0,0
238140,1786553430356.756995,0,0,0,1,0,0,0,0
238141,1786553430357.766381,0,0,0,1,0,0,0,0
238142,1786553430358.770270,0,0,0,1,0,0,0,0
238143,1786553430359.788958,0,0,0,1,0,0,0,0
238144,1786553430360.790543,0,0,0,1,0,0,0,0
238145,1786553430361.798130,0,0,0,1,0,0,0,0
238146,1786553430362.806517,0,0,0,1,0,0,0,0
238147,1786553430363.815006,0,0,0,1,0,0,0,0
238148,1786553430364.848095,0,0,0,1,0,0,0,0
238149,1786553430365.842182,0,0,0,1,0,0,0,0
238150,1786553430366.850469,0,0,0,1,0,0,0,0
238151,1786553430367.872659,0,0,0,1,0,0,0,0
238152,1786553430368.875845,0,0,0,1,0,0,0,0
238153,1786553430369.882133,0,0,0,1,0,0,0,0
238154,1786553430370.889020,0,0,0,1,0,0,0,0
238155,1786553430371.897407,0,0,0,1,0,0,0,0
238156,1786553430372.905195,0,0,0,1,0,0,0,0
238157,1786553430373.914582,0,0,0,1,0,0,0,0
238158,1786553430374.939672,0,0,0,1,0,0,0,0
238159,1786553430375.943959,0,0,0,1,0,0,0,0
238160,1786553430376.946846,0,0,0,1,0,0,0,0
238161,1786553430377.951534,0,0,0,1,0,0,0,0
238162,1786553430378.959421,0,0,0,1,0,0,0,0
238163,1786553430379.972409,0,0,0,1,0,0,0,0
238164,1786553430380.980095,0,0,0,1,0,0,0,0
238165,1786553430381.984685,0,0,0,1,0,0,0,0
238166,1786553430382.992673,0,0,0,1,0,0,0,0
238167,1786553430384.009763,0,0,0,1,0,0,0,0
238168,1786553430385.024752,0,0,0,1,0,0,0,0
238169,1786553430386.023839,0,0,0,1,0,0,0,0
238170,1786553430387.034027,0,0,0,1,0,0,0,0
238171,1786553430388.041114,0,0,0,1,0,0,0,0
238172,1786553430389.049502,0,0,0,1,0,0,0,0
238173,1786553430390.058790,0,0,0,1,0,0,0,0
238174,1786553430391.068477,0,0,0,1,0,0,0,0
238175,1786553430392.077567,0,0,0,1,0,0,0,0
238176,1786553430393.089155,0,0,0,1,0,0,0,0
238177,1786553430394.149047,0,0,0,1,0,0,0,0
238178,1786553430395.162435,0,0,0,1,0,0,0,0
238179,1786553430396.165523,0,0,0,1,0,0,0,0
238180,1786553430397.173709,0,0,0,1,0,0,0,0
238181,1786553430398.183798,0,0,0,1,0,0,0,0
238182,1786553430399.194088,0,0,0,1,0,0,0,0
238183,1786553430400.215677,0,0,0,1,0,0,0,0
238184,1786553430401.237067,0,0,0,1,0,0,0,0
238185,1786553430402.232354,0,0,0,1,0,0,0,0
238186,1786553430403.250642,0,0,0,1,0,0,0,0
238187,1786553430404.249128,0,0,0,1,0,0,0,0
238188,1786553430405.258615,0,0,0,1,0,0,0,0
238189,1786553430406.267003,0,0,0,1,0,0,0,0
238190,1786553430407.275789,0,0,0,1,0,0,0,0
238191,1786553430408.283577,0,0,0,1,0,0,0,0
238192,1786553430409.293864,0,0,0,1,0,0,0,0
238193,1786553430410.315453,0,0,0,1,0,0,0,0
238194,1786553430411.317239,0,0,0,1,0,0,0,0
238195,1786553430412.324026,0,0,0,1,0,0,0,0
238196,1786553430413.332214,0,0,0,1,0,0,0,0
238197,1786553430414.343202,0,0,0,1,0,0,0,0
238198,1786553430415.351389,0,0,0,1,0,0,0,0
238199,1786553430416.362777,0,0,0,1,0,0,0,0
238200,1786553430417.379367,0,0,0,1,0,0,0,0
238201,1786553430418.382454,0,0,0,1,0,0,0,0
238202,1786553430419.389941,0,0,0,1,0,0,0,0
238203,1786553430420.399529,0,0,0,1,0,0,0,0
238204,1786553430421.406716,0,0,0,1,0,0,0,0
238205,1786553430422.415904,0,0,0,1,0,0,0,0
238206,1786553430423.424591,0,0,0,1,0,0,0,0
238207,1786553430424.432279,0,0,0,1,0,0,0,0
238208,1786553430425.445868,0,0,0,1,0,0,0,0
238209,1786553430426.634869,0,0,0,1,0,0,0,0
238210,1786553430427.503845,0,0,0,1,0,0,0,0
238211,1786553430428.514232,0,0,0,1,0,0,0,0
238212,1786553430429.507719,0,0,0,1,0,0,0,0
238213,1786553430430.517805,0,0,0,1,0,0,0,0
238214,1786553430431.518392,0,0,0,1,0,0,0,0
238215,1786553430432.535780,0,0,0,1,0,0,0,0
238216,1786553430433.535667,0,0,0,1,0,0,0,0
238217,1786553430434.540555,0,0,0,1,0,0,0,0
238218,1786553430435.548540,0,0,0,1,0,0,0,0
238219,1786553430436.557429,0,0,0,1,0,0,0,0
238220,1786553430437.566816,0,0,0,1,0,0,0,0
238221,1786553430438.575603,0,0,0,1,0,0,0,0
238222,1786553430439.581589,0,0,0,1,0,0,0,0
238223,1786553430440.594376,0,0,0,1,0,0,0,0
238224,1786553430441.601163,0,0,0,1,0,0,0,0
238225,1786553430442.607150,0,0,0,1,0,0,0,0
238226,1786553430443.615436,0,0,0,1,0,0,0,0
238227,1786553430444.624722,0,0,0,1,0,0,0,0
238228,1786553430445.631210,0,0,0,1,0,0,0,0
238229,1786553430446.639099,0,0,0,1,0,0,0,0
238230,1786553430447.647384,0,0,0,1,0,0,0,0
238231,1786553430448.655372,0,0,0,1,0,0,0,0
238232,1786553430449.665859,0,0,0,1,0,0,0,0
238233,1786553430450.672047,0,0,0,1,0,0,0,0
238234,1786553430451.679534,0,0,0,1,0,0,0,0
238235,1786553430452.687622,0,0,0,1,0,0,0,0
238236,1786553430453.694008,0,0,0,1,0,0,0,0
238237,1786553430454.703596,0,0,0,1,0,0,0,0
238238,1786553430456.060014,0,0,0,1,0,0,0,0
238239,1786553430457.024099,0,0,0,1,0,0,0,0
238240,1786553430458.023085,0,0,0,1,0,0,0,0
238241,1786553430459.032773,0,0,0,1,0,0,0,0
238242,1786553430460.040559,0,0,0,1,0,0,0,0
238243,1786553430461.046045,0,0,0,1,0,0,0,0
238244,1786553430462.054932,0,0,0,1,0,0,0,0
238245,1786553430463.060119,0,0,0,1,0,0,0,0
238246,1786553430464.072105,0,0,0,1,0,0,0,0
238247,1786553430465.103195,0,0,0,1,0,0,0,0
238248,1786553430466.092581,0,0,0,1,0,0,0,0
238249,1786553430467.095569,0,0,0,1,0,0,0,0
238250,1786553430468.104755,0,0,0,1,0,0,0,0
238251,1786553430469.110242,0,0,0,1,0,0,0,0
238252,1786553430470.137130,0,0,0,1,0,0,0,0
238253,1786553430471.138417,0,0,0,1,0,0,0,0
238254,1786553430472.142003,0,0,0,1,0,0,0,0
238255,1786553430473.150490,0,0,0,1,0,0,0,0
238256,1786553430474.158878,0,0,0,1,0,0,0,0
238257,1786553430475.168865,0,0,0,1,0,0,0,0
238258,1786553430476.177352,0,0,0,1,0,0,0,0
238259,1786553430477.186139,0,0,0,1,0,0,0,0
238260,1786553430478.193928,0,0,0,1,0,0,0,0
238261,1786553430479.203415,0,0,0,1,0,0,0,0
238262,1786553430480.208801,0,0,0,1,0,0,0,0
238263,1786553430481.218588,0,0,0,1,0,0,0,0
238264,1786553430482.238176,0,0,0,1,0,0,0,0
238265,1786553430483.237063,0,0,0,1,0,0,0,0
238266,1786553430484.246251,0,0,0,1,0,0,0,0
238267,1786553430485.254138,0,0,0,1,0,0,0,0
238268,1786553430486.704964,0,0,0,1,0,0,0,0
238269,1786553430487.281514,0,0,0,1,0,0,0,0
238270,1786553430488.284702,0,0,0,1,0,0,0,0
238271,1786553430489.289989,0,0,0,1,0,0,0,0
238272,1786553430490.296777,0,0,0,1,0,0,0,0
238273,1786553430491.302363,0,0,0,1,0,0,0,0
238274,1786553430492.308051,0,0,0,1,0,0,0,0
238275,1786553430493.314737,0,0,0,1,0,0,0,0
238276,1786553430494.322824,0,0,0,1,0,0,0,0
238277,1786553430495.326610,0,0,0,1,0,0,0,0
238278,1786553430496.335299,0,0,0,1,0,0,0,0
238279,1786553430497.356089,0,0,0,1,0,0,0,0
238280,1786553430498.357175,0,0,0,1,0,0,0,0
238281,1786553430499.358962,0,0,0,1,0,0,0,0
238282,1786553430500.383452,0,0,0,1,0,0,0,0
238283,1786553430501.376838,0,0,0,1,0,0,0,0
238284,1786553430502.384126,0,0,0,1,0,0,0,0
238285,1786553430503.392114,0,0,0,1,0,0,0,0
238286,1786553430504.402503,0,0,0,1,0,0,0,0
238287,1786553430505.411992,0,0,0,1,0,0,0,0
238288,1786553430506.416378,0,0,0,1,0,0,0,0
238289,1786553430507.422965,0,0,0,1,0,0,0,0
238290,1786553430508.430853,0,0,0,1,0,0,0,0
238291,1786553430509.439741,0,0,0,1,0,0,0,0
238292,1786553430510.446728,0,0,0,1,0,0,0,0
238293,1786553430511.455417,0,0,0,1,0,0,0,0
238294,1786553430512.462705,0,0,0,1,0,0,0,0
238295,1786553430513.471092,0,0,0,1,0,0,0,0
238296,1786553430514.488680,0,0,0,1,0,0,0,0
238297,1786553430515.491667,0,0,0,1,0,0,0,0
238298,1786553430516.728275,0,0,0,1,0,0,0,0
238299,1786553430517.701759,0,0,0,1,0,0,0,0
238300,1786553430518.699746,0,0,0,1,0,0,0,0
238301,1786553430519.704932,0,0,0,1,0,0,0,0
238302,1786553430520.711920,0,0,0,1,0,0,0,0
238303,1786553430521.721608,0,0,0,1,0,0,0,0
238304,1786553430522.728996,0,0,0,1,0,0,0,0
238305,1786553430523.738484,0,0,0,1,0,0,0,0
238306,1786553430524.744772,0,0,0,1,0,0,0,0
238307,1786553430525.751358,0,0,0,1,0,0,0,0
238308,1786553430526.757647,0,0,0,1,0,0,0,0
238309,1786553430527.766536,0,0,0,1,0,0,0,0
238310,1786553430528.773625,0,0,0,1,0,0,0,0
238311,1786553430529.786113,0,0,0,1,0,0,0,0
238312,1786553430530.798301,0,0,0,1,0,0,0,0
238313,1786553430531.833891,0,0,0,1,0,0,0,0
238314,1786553430532.836178,0,0,0,1,0,0,0,0
238315,1786553430533.840762,0,0,0,1,0,0,0,0
238316,1786553430534.853748,0,0,0,1,0,0,0,0
238317,1786553430535.852834,0,0,0,1,0,0,0,0
238318,1786553430536.861022,0,0,0,1,0,0,0,0
238319,1786553430537.868310,0,0,0,1,0,0,0,0
238320,1786553430538.878499,0,0,0,1,0,0,0,0
238321,1786553430539.884488,0,0,0,1,0,0,0,0
238322,1786553430540.892874,0,0,0,1,0,0,0,0
238323,1786553430541.900862,0,0,0,1,0,0,0,0
238324,1786553430542.908450,0,0,0,1,0,0,0,0
238325,1786553430543.916038,0,0,0,1,0,0,0,0
238326,1786553430544.930226,0,0,0,1,0,0,0,0
238327,1786553430545.933013,0,0,0,1,0,0,0,0
238328,1786553430546.952203,0,0,0,1,0,0,0,0
238329,1786553430548.034000,0,0,0,1,0,0,0,0
238330,1786553430549.027986,0,0,0,1,0,0,0,0
238331,1786553430550.035573,0,0,0,1,0,0,0,0
238332,1786553430551.043060,0,0,0,1,0,0,0,0
238333,1786553430552.060049,0,0,0,1,0,0,0,0
238334,1786553430553.068436,0,0,0,1,0,0,0,0
238335,1786553430554.076124,0,0,0,1,0,0,0,0
238336,1786553430555.083712,0,0,0,1,0,0,0,0
238337,1786553430556.091499,0,0,0,1,0,0,0,0
238338,1786553430557.098287,0,0,0,1,0,0,0,0
238339,1786553430558.107476,0,0,0,1,0,0,0,0
238340,1786553430559.115966,0,0,0,1,0,0,0,0
238341,1786553430560.122854,0,0,0,1,0,0,0,0
238342,1786553430561.132042,0,0,0,1,0,0,0,0
238343,1786553430562.187534,0,0,0,1,0,0,0,0
238344,1786553430563.173219,0,0,0,1,0,0,0,0
238345,1786553430564.174306,0,0,0,1,0,0,0,0
238346,1786553430565.177394,0,0,0,1,0,0,0,0
238347,1786553430566.181582,0,0,0,1,0,0,0,0
238348,1786553430567.190670,0,0,0,1,0,0,0,0
238349,1786553430568.198058,0,0,0,1,0,0,0,0
238350,1786553430569.205646,0,0,0,1,0,0,0,0
238351,1786553430570.213133,0,0,0,1,0,0,0,0
238352,1786553430571.222521,0,0,0,1,0,0,0,0
238353,1786553430572.228109,0,0,0,1,0,0,0,0
238354,1786553430573.237197,0,0,0,1,0,0,0,0
238355,1786553430574.244285,0,0,0,1,0,0,0,0
238356,1786553430575.254073,0,0,0,1,0,0,0,0
238357,1786553430576.262960,0,0,0,1,0,0,0,0
238358,1786553430577.289351,0,0,0,1,0,0,0,0
238359,1786553430578.305939,0,0,0,1,0,0,0,0
238360,1786553430579.294825,0,0,0,1,0,0,0,0
238361,1786553430580.302913,0,0,0,1,0,0,0,0
238362,1786553430581.307401,0,0,0,1,0,0,0,0
238363,1786553430582.317690,0,0,0,1,0,0,0,0
238364,1786553430583.322278,0,0,0,1,0,0,0,0
238365,1786553430584.332466,0,0,0,1,0,0,0,0
238366,1786553430585.338054,0,0,0,1,0,0,0,0
238367,1786553430586.347342,0,0,0,1,0,0,0,0
238368,1786553430587.355629,0,0,0,1,0,0,0,0
238369,1786553430588.364618,0,0,0,1,0,0,0,0
238370,1786553430589.370005,0,0,0,1,0,0,0,0
238371,1786553430590.393095,0,0,0,1,0,0,0,0
238372,1786553430591.388884,0,0,0,1,0,0,0,0
238373,1786553430592.395971,0,0,0,1,0,0,0,0
238374,1786553430593.412060,0,0,0,1,0,0,0,0
238375,1786553430594.418848,0,0,0,1,0,0,0,0
238376,1786553430595.427835,0,0,0,1,0,0,0,0
238377,1786553430596.435223,0,0,0,1,0,0,0,0
238378,1786553430597.442709,0,0,0,1,0,0,0,0
238379,1786553430598.450097,0,0,0,1,0,0,0,0
238380,1786553430599.458286,0,0,0,1,0,0,0,0
238381,1786553430600.468374,0,0,0,1,0,0,0,0
238382,1786553430601.475464,0,0,0,1,0,0,0,0
238383,1786553430602.484250,0,0,0,1,0,0,0,0
238384,1786553430603.495738,0,0,0,1,0,0,0,0
238385,1786553430604.501126,0,0,0,1,0,0,0,0
238386,1786553430605.511412,0,0,0,1,0,0,0,0
238387,1786553430606.518400,0,0,0,1,0,0,0,0
238388,1786553430607.528889,0,0,0,1,0,0,0,0
238389,1786553430608.757596,0,0,0,1,0,0,0,0
238390,1786553430609.783586,0,0,0,1,0,0,0,0
238391,1786553430610.730667,0,0,0,1,0,0,0,0
238392,1786553430611.747156,0,0,0,1,0,0,0,0
238393,1786553430612.747841,0,0,0,1,0,0,0,0
238394,1786553430613.752929,0,0,0,1,0,0,0,0
238395,1786553430614.760215,0,0,0,1,0,0,0,0
238396,1786553430615.768903,0,0,0,1,0,0,0,0
238397,1786553430616.779192,0,0,0,1,0,0,0,0
238398,1786553430617.786880,0,0,0,1,0,0,0,0
238399,1786553430618.802168,0,0,0,1,0,0,0,0
238400,1786553430619.807856,0,0,0,1,0,0,0,0
238401,1786553430620.815242,0,0,0,1,0,0,0,0
238402,1786553430621.832631,0,0,0,1,0,0,0,0
238403,1786553430622.845018,0,0,0,1,0,0,0,0
238404,1786553430623.880408,0,0,0,1,0,0,0,0
238405,1786553430624.877694,0,0,0,1,0,0,0,0
238406,1786553430625.870979,0,0,0,1,0,0,0,0
238407,1786553430626.881568,0,0,0,1,0,0,0,0
238408,1786553430627.891656,0,0,0,1,0,0,0,0
238409,1786553430628.897744,0,0,0,1,0,0,0,0
238410,1786553430629.902932,0,0,0,1,0,0,0,0
238411,1786553430630.912519,0,0,0,1,0,0,0,0
238412,1786553430631.917806,0,0,0,1,0,0,0,0
238413,1786553430632.929194,0,0,0,1,0,0,0,0
238414,1786553430633.935180,0,0,0,1,0,0,0,0
238415,1786553430634.952666,0,0,0,1,0,0,0,0
238416,1786553430635.954353,0,0,0,1,0,0,0,0
238417,1786553430636.963041,0,0,0,1,0,0,0,0
238418,1786553430637.969829,0,0,0,1,0,0,0,0
238419,1786553430639.374254,0,0,0,1,0,0,0,0
238420,1786553430640.005009,0,0,0,1,0,0,0,0
238421,1786553430641.009598,0,0,0,1,0,0,0,0
238422,1786553430642.009583,0,0,0,1,0,0,0,0
238423,1786553430643.015370,0,0,0,1,0,0,0,0
238424,1786553430644.030959,0,0,0,1,0,0,0,0
238425,1786553430645.032343,0,0,0,1,0,0,0,0
238426,1786553430646.039131,0,0,0,1,0,0,0,0
238427,1786553430647.048218,0,0,0,1,0,0,0,0
238428,1786553430648.055805,0,0,0,1,0,0,0,0
238429,1786553430649.064592,0,0,0,1,0,0,0,0
238430,1786553430650.072979,0,0,0,1,0,0,0,0
238431,1786553430651.080467,0,0,0,1,0,0,0,0
238432,1786553430652.088755,0,0,0,1,0,0,0,0
238433,1786553430653.096343,0,0,0,1,0,0,0,0
238434,1786553430654.115332,0,0,0,1,0,0,0,0
238435,1786553430655.156822,0,0,0,1,0,0,0,0
238436,1786553430656.164310,0,0,0,1,0,0,0,0
238437,1786553430657.142195,0,0,0,1,0,0,0,0
238438,1786553430658.148282,0,0,0,1,0,0,0,0
238439,1786553430659.157071,0,0,0,1,0,0,0,0
238440,1786553430660.170560,0,0,0,1,0,0,0,0
238441,1786553430661.176146,0,0,0,1,0,0,0,0
238442,1786553430662.226039,0,0,0,1,0,0,0,0
238443,1786553430663.220226,0,0,0,1,0,0,0,0
238444,1786553430664.208713,0,0,0,1,0,0,0,0
238445,1786553430665.221700,0,0,0,1,0,0,0,0
238446,1786553430666.227988,0,0,0,1,0,0,0,0
238447,1786553430667.233675,0,0,0,1,0,0,0,0
238448,1786553430668.244262,0,0,0,1,0,0,0,0
238449,1786553430669.248451,0,0,0,1,0,0,0,0
238450,1786553430670.280740,0,0,0,1,0,0,0,0
238451,1786553430671.266825,0,0,0,1,0,0,0,0
238452,1786553430672.269214,0,0,0,1,0,0,0,0
238453,1786553430673.299105,0,0,0,1,0,0,0,0
238454,1786553430674.286189,0,0,0,1,0,0,0,0
238455,1786553430675.291375,0,0,0,1,0,0,0,0
238456,1786553430676.316964,0,0,0,1,0,0,0,0
238457,1786553430677.353554,0,0,0,1,0,0,0,0
238458,1786553430678.363743,0,0,0,1,0,0,0,0
238459,1786553430679.373732,0,0,0,1,0,0,0,0
238460,1786553430680.399220,0,0,0,1,0,0,0,0
238461,1786553430681.409310,0,0,0,1,0,0,0,0
238462,1786553430682.425798,0,0,0,1,0,0,0,0
238463,1786553430683.402782,0,0,0,1,0,0,0,0
238464,1786553430684.405971,0,0,0,1,0,0,0,0
238465,1786553430685.421459,0,0,0,1,0,0,0,0
238466,1786553430686.457848,0,0,0,1,0,0,0,0
238467,1786553430687.433133,0,0,0,1,0,0,0,0
238468,1786553430688.440518,0,0,0,1,0,0,0,0
238469,1786553430689.447305,0,0,0,1,0,0,0,0
238470,1786553430690.467194,0,0,0,1,0,0,0,0
238471,1786553430691.460680,0,0,0,1,0,0,0,0
238472,1786553430692.475268,0,0,0,1,0,0,0,0
238473,1786553430693.483157,0,0,0,1,0,0,0,0
238474,1786553430694.498145,0,0,0,1,0,0,0,0
238475,1786553430695.500832,0,0,0,1,0,0,0,0
238476,1786553430696.505920,0,0,0,1,0,0,0,0
238477,1786553430697.512607,0,0,0,1,0,0,0,0
238478,1786553430698.521695,0,0,0,1,0,0,0,0
238479,1786553430699.527983,0,0,0,1,0,0,0,0
238480,1786553430700.558674,0,0,0,1,0,0,0,0
238481,1786553430701.552561,0,0,0,1,0,0,0,0
238482,1786553430702.563449,0,0,0,1,0,0,0,0
238483,1786553430703.568935,0,0,0,1,0,0,0,0
238484,1786553430704.576021,0,0,0,1,0,0,0,0
238485,1786553430705.585408,0,0,0,1,0,0,0,0
238486,1786553430706.594196,0,0,0,1,0,0,0,0
238487,1786553430707.602085,0,0,0,1,0,0,0,0
238488,1786553430708.611472,0,0,0,1,0,0,0,0
238489,1786553430709.636161,0,0,0,1,0,0,0,0
238490,1786553430710.637548,0,0,0,1,0,0,0,0
238491,1786553430711.644434,0,0,0,1,0,0,0,0
238492,1786553430712.652123,0,0,0,1,0,0,0,0
238493,1786553430713.659310,0,0,0,1,0,0,0,0
238494,1786553430714.668598,0,0,0,1,0,0,0,0
238495,1786553430715.676385,0,0,0,1,0,0,0,0
238496,1786553430716.690873,0,0,0,1,0,0,0,0
238497,1786553430717.696861,0,0,0,1,0,0,0,0
238498,1786553430718.703748,0,0,0,1,0,0,0,0
238499,1786553430719.714435,0,0,0,1,0,0,0,0
238500,1786553430720.722422,0,0,0,1,0,0,0,0
238501,1786553430721.732009,0,0,0,1,0,0,0,0
238502,1786553430722.741396,0,0,0,1,0,0,0,0
238503,1786553430723.750185,0,0,0,1,0,0,0,0
238504,1786553430724.758873,0,0,0,1,0,0,0,0
238505,1786553430725.787762,0,0,0,1,0,0,0,0
238506,1786553430726.781048,0,0,0,1,0,0,0,0
238507,1786553430727.785933,0,0,0,1,0,0,0,0
238508,1786553430728.793821,0,0,0,1,0,0,0,0
238509,1786553430729.800308,0,0,0,1,0,0,0,0
238510,1786553430730.807895,0,0,0,1,0,0,0,0
238511,1786553430732.263221,0,0,0,1,0,0,0,0
238512,1786553430732.859274,0,0,0,1,0,0,0,0
238513,1786553430733.867063,0,0,0,1,0,0,0,0
238514,1786553430734.889652,0,0,0,1,0,0,0,0
238515,1786553430735.873938,0,0,0,1,0,0,0,0
238516,1786553430736.878824,0,0,0,1,0,0,0,0
238517,1786553430737.884410,0,0,0,1,0,0,0,0
238518,1786553430738.889097,0,0,0,1,0,0,0,0
238519,1786553430739.894686,0,0,0,1,0,0,0,0
238520,1786553430740.902474,0,0,0,1,0,0,0,0
238521,1786553430741.915062,0,0,0,1,0,0,0,0
238522,1786553430742.926751,0,0,0,1,0,0,0,0
238523,1786553430743.929838,0,0,0,1,0,0,0,0
238524,1786553430744.942627,0,0,0,1,0,0,0,0
238525,1786553430745.949613,0,0,0,1,0,0,0,0
238526,1786553430746.961200,0,0,0,1,0,0,0,0
238527,1786553430747.975289,0,0,0,1,0,0,0,0
238528,1786553430748.976176,0,0,0,1,0,0,0,0
238529,1786553430749.978162,0,0,0,1,0,0,0,0
238530,1786553430750.985150,0,0,0,1,0,0,0,0
238531,1786553430751.997937,0,0,0,1,0,0,0,0
238532,1786553430753.003420,0,0,0,1,0,0,0,0
238533,1786553430754.010508,0,0,0,1,0,0,0,0
238534,1786553430755.017995,0,0,0,1,0,0,0,0
238535,1786553430756.032383,0,0,0,1,0,0,0,0
238536,1786553430757.037172,0,0,0,1,0,0,0,0
238537,1786553430758.053160,0,0,0,1,0,0,0,0
238538,1786553430759.054745,0,0,0,1,0,0,0,0
238539,1786553430760.061933,0,0,0,1,0,0,0,0
238540,1786553430761.069621,0,0,0,1,0,0,0,0
238541,1786553430762.091709,0,0,0,1,0,0,0,0
238542,1786553430763.106195,0,0,0,1,0,0,0,0
238543,1786553430764.106082,0,0,0,1,0,0,0,0
238544,1786553430765.108567,0,0,0,1,0,0,0,0
238545,1786553430766.115255,0,0,0,1,0,0,0,0
238546,1786553430767.126842,0,0,0,1,0,0,0,0
238547,1786553430768.131930,0,0,0,1,0,0,0,0
238548,1786553430769.139518,0,0,0,1,0,0,0,0
238549,1786553430770.146603,0,0,0,1,0,0,0,0
238550,1786553430771.163793,0,0,0,1,0,0,0,0
238551,1786553430772.172280,0,0,0,1,0,0,0,0
238552,1786553430773.179569,0,0,0,1,0,0,0,0
238553,1786553430774.198759,0,0,0,1,0,0,0,0
238554,1786553430775.199343,0,0,0,1,0,0,0,0
238555,1786553430776.204229,0,0,0,1,0,0,0,0
238556,1786553430777.227519,0,0,0,1,0,0,0,0
238557,1786553430778.222905,0,0,0,1,0,0,0,0
238558,1786553430779.229993,0,0,0,1,0,0,0,0
238559,1786553430780.238182,0,0,0,1,0,0,0,0
238560,1786553430781.244971,0,0,0,1,0,0,0,0
238561,1786553430782.254559,0,0,0,1,0,0,0,0
238562,1786553430783.262648,0,0,0,1,0,0,0,0
238563,1786553430784.269835,0,0,0,1,0,0,0,0
238564,1786553430785.277824,0,0,0,1,0,0,0,0
238565,1786553430786.284409,0,0,0,1,0,0,0,0
238566,1786553430787.295296,0,0,0,1,0,0,0,0
238567,1786553430788.301084,0,0,0,1,0,0,0,0
238568,1786553430789.310672,0,0,0,1,0,0,0,0
238569,1786553430790.317960,0,0,0,1,0,0,0,0
238570,1786553430791.336650,0,0,0,1,0,0,0,0
238571,1786553430792.339337,0,0,0,1,0,0,0,0
238572,1786553430793.351724,0,0,0,1,0,0,0,0
238573,1786553430794.358612,0,0,0,1,0,0,0,0
238574,1786553430795.364900,0,0,0,1,0,0,0,0
238575,1786553430796.372388,0,0,0,1,0,0,0,0
238576,1786553430797.381676,0,0,0,1,0,0,0,0
238577,1786553430798.387963,0,0,0,1,0,0,0,0
238578,1786553430799.395351,0,0,0,1,0,0,0,0
238579,1786553430800.404138,0,0,0,1,0,0,0,0
238580,1786553430801.412727,0,0,0,1,0,0,0,0
238581,1786553430802.420715,0,0,0,1,0,0,0,0
238582,1786553430803.430201,0,0,0,1,0,0,0,0
238583,1786553430804.437888,0,0,0,1,0,0,0,0
238584,1786553430805.444976,0,0,0,1,0,0,0,0
238585,1786553430806.452462,0,0,0,1,0,0,0,0
238586,1786553430807.497953,0,0,0,1,0,0,0,0
238587,1786553430808.661754,0,0,0,1,0,0,0,0
238588,1786553430809.503829,0,0,0,1,0,0,0,0
238589,1786553430810.504216,0,0,0,1,0,0,0,0
238590,1786553430811.508803,0,0,0,1,0,0,0,0
238591,1786553430812.519391,0,0,0,1,0,0,0,0
238592,1786553430813.522877,0,0,0,1,0,0,0,0
238593,1786553430814.532065,0,0,0,1,0,0,0,0
238594,1786553430815.540153,0,0,0,1,0,0,0,0
238595,1786553430816.548140,0,0,0,1,0,0,0,0
238596,1786553430817.554128,0,0,0,1,0,0,0,0
238597,1786553430818.573716,0,0,0,1,0,0,0,0
238598,1786553430819.582202,0,0,0,1,0,0,0,0
238599,1786553430820.588190,0,0,0,1,0,0,0,0
238600,1786553430821.597478,0,0,0,1,0,0,0,0
238601,1786553430822.612766,0,0,0,1,0,0,0,0
238602,1786553430823.623454,0,0,0,1,0,0,0,0
238603,1786553430824.624642,0,0,0,1,0,0,0,0
238604,1786553430825.643631,0,0,0,1,0,0,0,0
238605,1786553430826.646018,0,0,0,1,0,0,0,0
238606,1786553430827.653107,0,0,0,1,0,0,0,0
238607,1786553430828.657594,0,0,0,1,0,0,0,0
238608,1786553430829.667683,0,0,0,1,0,0,0,0
238609,1786553430830.673370,0,0,0,1,0,0,0,0
238610,1786553430831.728862,0,0,0,1,0,0,0,0
238611,1786553430832.691545,0,0,0,1,0,0,0,0
238612,1786553430833.697233,0,0,0,1,0,0,0,0
238613,1786553430834.704019,0,0,0,1,0,0,0,0
238614,1786553430835.712308,0,0,0,1,0,0,0,0
238615,1786553430836.725396,0,0,0,1,0,0,0,0
238616,1786553430838.040910,0,0,0,1,0,0,0,0
238617,1786553430839.001994,0,0,0,1,0,0,0,0
238618,1786553430840.007283,0,0,0,1,0,0,0,0
238619,1786553430841.016471,0,0,0,1,0,0,0,0
238620,1786553430842.022658,0,0,0,1,0,0,0,0
238621,1786553430843.030446,0,0,0,1,0,0,0,0
238622,1786553430844.039134,0,0,0,1,0,0,0,0
238623,1786553430845.046021,0,0,0,1,0,0,0,0
238624,1786553430846.053808,0,0,0,1,0,0,0,0
238625,1786553430847.061795,0,0,0,1,0,0,0,0
238626,1786553430848.069983,0,0,0,1,0,0,0,0
238627,1786553430849.077770,0,0,0,1,0,0,0,0
238628,1786553430850.084156,0,0,0,1,0,0,0,0
238629,1786553430851.092744,0,0,0,1,0,0,0,0
238630,1786553430852.105830,0,0,0,1,0,0,0,0
238631,1786553430853.114819,0,0,0,1,0,0,0,0
238632,1786553430854.120705,0,0,0,1,0,0,0,0
238633,1786553430855.130592,0,0,0,1,0,0,0,0
238634,1786553430856.145981,0,0,0,1,0,0,0,0
238635,1786553430857.151567,0,0,0,1,0,0,0,0
238636,1786553430858.155953,0,0,0,1,0,0,0,0
238637,1786553430859.164441,0,0,0,1,0,0,0,0
238638,1786553430860.173929,0,0,0,1,0,0,0,0
238639,1786553430861.181718,0,0,0,1,0,0,0,0
238640,1786553430862.191307,0,0,0,1,0,0,0,0
238641,1786553430863.197594,0,0,0,1,0,0,0,0
238642,1786553430864.211481,0,0,0,1,0,0,0,0
238643,1786553430865.215869,0,0,0,1,0,0,0,0
238644,1786553430866.223955,0,0,0,1,0,0,0,0
238645,1786553430867.231544,0,0,0,1,0,0,0,0
238646,1786553430868.260133,0,0,0,1,0,0,0,0
238647,1786553430869.257619,0,0,0,1,0,0,0,0
238648,1786553430870.263007,0,0,0,1,0,0,0,0
238649,1786553430871.268693,0,0,0,1,0,0,0,0
238650,1786553430872.278880,0,0,0,1,0,0,0,0
238651,1786553430873.282667,0,0,0,1,0,0,0,0
238652,1786553430874.289554,0,0,0,1,0,0,0,0
238653,1786553430875.297341,0,0,0,1,0,0,0,0
238654,1786553430876.305429,0,0,0,1,0,0,0,0
238655,1786553430877.312416,0,0,0,1,0,0,0,0
238656,1786553430878.320803,0,0,0,1,0,0,0,0
238657,1786553430879.331190,0,0,0,1,0,0,0,0
238658,1786553430880.336778,0,0,0,1,0,0,0,0
238659,1786553430881.349466,0,0,0,1,0,0,0,0
238660,1786553430882.379656,0,0,0,1,0,0,0,0
238661,1786553430883.375042,0,0,0,1,0,0,0,0
238662,1786553430884.376329,0,0,0,1,0,0,0,0
238663,1786553430885.384617,0,0,0,1,0,0,0,0
238664,1786553430886.424308,0,0,0,1,0,0,0,0
238665,1786553430887.399991,0,0,0,1,0,0,0,0
238666,1786553430888.410679,0,0,0,1,0,0,0,0
238667,1786553430889.415366,0,0,0,1,0,0,0,0
238668,1786553430890.467859,0,0,0,1,0,0,0,0
238669,1786553430891.437143,0,0,0,1,0,0,0,0
238670,1786553430892.442632,0,0,0,1,0,0,0,0
238671,1786553430893.450220,0,0,0,1,0,0,0,0
238672,1786553430894.460505,0,0,0,1,0,0,0,0
238673,1786553430895.465192,0,0,0,1,0,0,0,0
238674,1786553430896.469478,0,0,0,1,0,0,0,0
238675,1786553430897.792193,0,0,0,1,0,0,0,0
238676,1786553430898.503255,0,0,0,1,0,0,0,0
238677,1786553430899.502541,0,0,0,1,0,0,0,0
238678,1786553430900.508630,0,0,0,1,0,0,0,0
238679,1786553430901.514718,0,0,0,1,0,0,0,0
238680,1786553430902.521605,0,0,0,1,0,0,0,0
238681,1786553430903.530094,0,0,0,1,0,0,0,0
238682,1786553430904.547682,0,0,0,1,0,0,0,0
238683,1786553430905.548069,0,0,0,1,0,0,0,0
238684,1786553430906.554857,0,0,0,1,0,0,0,0
238685,1786553430907.566644,0,0,0,1,0,0,0,0
238686,1786553430908.574931,0,0,0,1,0,0,0,0
238687,1786553430909.581619,0,0,0,1,0,0,0,0
238688,1786553430910.588606,0,0,0,1,0,0,0,0
238689,1786553430911.595595,0,0,0,1,0,0,0,0
238690,1786553430912.607982,0,0,0,1,0,0,0,0
238691,1786553430913.618769,0,0,0,1,0,0,0,0
238692,1786553430914.621358,0,0,0,1,0,0,0,0
238693,1786553430915.627746,0,0,0,1,0,0,0,0
238694,1786553430916.637633,0,0,0,1,0,0,0,0
238695,1786553430917.643920,0,0,0,1,0,0,0,0
238696,1786553430918.653108,0,0,0,1,0,0,0,0
238697,1786553430919.659794,0,0,0,1,0,0,0,0
238698,1786553430920.684183,0,0,0,1,0,0,0,0
238699,1786553430921.681871,0,0,0,1,0,0,0,0
238700,1786553430922.690859,0,0,0,1,0,0,0,0
238701,1786553430923.695246,0,0,0,1,0,0,0,0
238702,1786553430924.705733,0,0,0,1,0,0,0,0
238703,1786553430925.712120,0,0,0,1,0,0,0,0
238704,1786553430926.721707,0,0,0,1,0,0,0,0
238705,1786553430927.727594,0,0,0,1,0,0,0,0
238706,1786553430928.768884,0,0,0,1,0,0,0,0
238707,1786553430929.767771,0,0,0,1,0,0,0,0
238708,1786553430930.815262,0,0,0,1,0,0,0,0
238709,1786553430931.779947,0,0,0,1,0,0,0,0
238710,1786553430932.790336,0,0,0,1,0,0,0,0
238711,1786553430933.793823,0,0,0,1,0,0,0,0
238712,1786553430934.813012,0,0,0,1,0,0,0,0
238713,1786553430935.807398,0,0,0,1,0,0,0,0
238714,1786553430936.834186,0,0,0,1,0,0,0,0
238715,1786553430937.835775,0,0,0,1,0,0,0,0
238716,1786553430938.842163,0,0,0,1,0,0,0,0
238717,1786553430939.849651,0,0,0,1,0,0,0,0
238718,1786553430940.859639,0,0,0,1,0,0,0,0
238719,1786553430941.869928,0,0,0,1,0,0,0,0
238720,1786553430942.887115,0,0,0,1,0,0,0,0
238721,1786553430943.885102,0,0,0,1,0,0,0,0
238722,1786553430944.903691,0,0,0,1,0,0,0,0
238723,1786553430945.900376,0,0,0,1,0,0,0,0
238724,1786553430946.909263,0,0,0,1,0,0,0,0
238725,1786553430947.917851,0,0,0,1,0,0,0,0
238726,1786553430948.930539,0,0,0,1,0,0,0,0
238727,1786553430949.939027,0,0,0,1,0,0,0,0
238728,1786553430950.947114,0,0,0,1,0,0,0,0
238729,1786553430951.954402,0,0,0,1,0,0,0,0
238730,1786553430952.971090,0,0,0,1,0,0,0,0
238731,1786553430953.975576,0,0,0,1,0,0,0,0
238732,1786553430954.982363,0,0,0,1,0,0,0,0
238733,1786553430955.986551,0,0,0,1,0,0,0,0
238734,1786553430956.996940,0,0,0,1,0,0,0,0
238735,1786553430958.364858,0,0,0,1,0,0,0,0
238736,1786553430959.341940,0,0,0,1,0,0,0,0
238737,1786553430960.340028,0,0,0,1,0,0,0,0
238738,1786553430961.348816,0,0,0,1,0,0,0,0
238739,1786553430962.357704,0,0,0,1,0,0,0,0
238740,1786553430963.361289,0,0,0,1,0,0,0,0
238741,1786553430964.373576,0,0,0,1,0,0,0,0
238742,1786553430965.374963,0,0,0,1,0,0,0,0
238743,1786553430966.383252,0,0,0,1,0,0,0,0
238744,1786553430967.387239,0,0,0,1,0,0,0,0
238745,1786553430968.397328,0,0,0,1,0,0,0,0
238746,1786553430969.424716,0,0,0,1,0,0,0,0
238747,1786553430970.425404,0,0,0,1,0,0,0,0
238748,1786553430971.421591,0,0,0,1,0,0,0,0
238749,1786553430972.433378,0,0,0,1,0,0,0,0
238750,1786553430973.443964,0,0,0,1,0,0,0,0
238751,1786553430974.447851,0,0,0,1,0,0,0,0
238752,1786553430975.455738,0,0,0,1,0,0,0,0
238753,1786553430976.464126,0,0,0,1,0,0,0,0
238754,1786553430977.472412,0,0,0,1,0,0,0,0
238755,1786553430978.480798,0,0,0,1,0,0,0,0
238756,1786553430979.488186,0,0,0,1,0,0,0,0
238757,1786553430980.496672,0,0,0,1,0,0,0,0
238758,1786553430981.503659,0,0,0,1,0,0,0,0
238759,1786553430982.511847,0,0,0,1,0,0,0,0
238760,1786553430983.520134,0,0,0,1,0,0,0,0
238761,1786553430984.527320,0,0,0,1,0,0,0,0
238762,1786553430985.555210,0,0,0,1,0,0,0,0
238763,1786553430986.579399,0,0,0,1,0,0,0,0
238764,1786553430987.582385,0,0,0,1,0,0,0,0
238765,1786553430988.644880,0,0,0,1,0,0,0,0
238766,1786553430989.613764,0,0,0,1,0,0,0,0
238767,1786553430990.610550,0,0,0,1,0,0,0,0
238768,1786553430991.617938,0,0,0,1,0,0,0,0
238769,1786553430992.622927,0,0,0,1,0,0,0,0
238770,1786553430993.636414,0,0,0,1,0,0,0,0
238771,1786553430994.645002,0,0,0,1,0,0,0,0
238772,1786553430995.652189,0,0,0,1,0,0,0,0
238773,1786553430996.657876,0,0,0,1,0,0,0,0
238774,1786553430997.667266,0,0,0,1,0,0,0,0
238775,1786553430998.673055,0,0,0,1,0,0,0,0
238776,1786553430999.683242,0,0,0,1,0,0,0,0
238777,1786553431000.687829,0,0,0,1,0,0,0,0
238778,1786553431001.722520,0,0,0,1,0,0,0,0
238779,1786553431002.726407,0,0,0,1,0,0,0,0
238780,1786553431003.724595,0,0,0,1,0,0,0,0
238781,1786553431004.731181,0,0,0,1,0,0,0,0
238782,1786553431005.738969,0,0,0,1,0,0,0,0
238783,1786553431006.746257,0,0,0,1,0,0,0,0
238784,1786553431007.754245,0,0,0,1,0,0,0,0
238785,1786553431008.761833,0,0,0,1,0,0,0,0
238786,1786553431009.770922,0,0,0,1,0,0,0,0
238787,1786553431010.780009,0,0,0,1,0,0,0,0
238788,1786553431011.788898,0,0,0,1,0,0,0,0
238789,1786553431012.801686,0,0,0,1,0,0,0,0
238790,1786553431013.806273,0,0,0,1,0,0,0,0
238791,1786553431014.830562,0,0,0,1,0,0,0,0
238792,1786553431015.831148,0,0,0,1,0,0,0,0
238793,1786553431016.836637,0,0,0,1,0,0,0,0
238794,1786553431018.251562,0,0,0,1,0,0,0,0
238795,1786553431019.119136,0,0,0,1,0,0,0,0
238796,1786553431020.091821,0,0,0,1,0,0,0,0
238797,1786553431021.095108,0,0,0,1,0,0,0,0
238798,1786553431022.101096,0,0,0,1,0,0,0,0
238799,1786553431023.107383,0,0,0,1,0,0,0,0
238800,1786553431024.117171,0,0,0,1,0,0,0,0
238801,1786553431025.124258,0,0,0,1,0,0,0,0
238802,1786553431026.132745,0,0,0,1,0,0,0,0
238803,1786553431027.139732,0,0,0,1,0,0,0,0
238804,1786553431028.147820,0,0,0,1,0,0,0,0
238805,1786553431029.155506,0,0,0,1,0,0,0,0
238806,1786553431030.165393,0,0,0,1,0,0,0,0
238807,1786553431031.171181,0,0,0,1,0,0,0,0
238808,1786553431032.181169,0,0,0,1,0,0,0,0
238809,1786553431033.196857,0,0,0,1,0,0,0,0
238810,1786553431034.218346,0,0,0,1,0,0,0,0
238811,1786553431035.219433,0,0,0,1,0,0,0,0
238812,1786553431036.225120,0,0,0,1,0,0,0,0
238813,1786553431037.236208,0,0,0,1,0,0,0,0
238814,1786553431038.242897,0,0,0,1,0,0,0,0
238815,1786553431039.252585,0,0,0,1,0,0,0,0
238816,1786553431040.258573,0,0,0,1,0,0,0,0
238817,1786553431041.271560,0,0,0,1,0,0,0,0
238818,1786553431042.276247,0,0,0,1,0,0,0,0
238819,1786553431043.285934,0,0,0,1,0,0,0,0
238820,1786553431044.291722,0,0,0,1,0,0,0,0
238821,1786553431045.304210,0,0,0,1,0,0,0,0
238822,1786553431046.308596,0,0,0,1,0,0,0,0
238823,1786553431047.319283,0,0,0,1,0,0,0,0
238824,1786553431048.459583,0,0,0,1,0,0,0,0
238825,1786553431049.409966,0,0,0,1,0,0,0,0
238826,1786553431050.405252,0,0,0,1,0,0,0,0
238827,1786553431051.441843,0,0,0,1,0,0,0,0
238828,1786553431052.405827,0,0,0,1,0,0,0,0
238829,1786553431053.410615,0,0,0,1,0,0,0,0
238830,1786553431054.417102,0,0,0,1,0,0,0,0
238831,1786553431055.424390,0,0,0,1,0,0,0,0
238832,1786553431056.431377,0,0,0,1,0,0,0,0
238833,1786553431057.448266,0,0,0,1,0,0,0,0
238834,1786553431058.484456,0,0,0,1,0,0,0,0
238835,1786553431059.475241,0,0,0,1,0,0,0,0
238836,1786553431060.480027,0,0,0,1,0,0,0,0
238837,1786553431061.483113,0,0,0,1,0,0,0,0
238838,1786553431062.488000,0,0,0,1,0,0,0,0
238839,1786553431063.512290,0,0,0,1,0,0,0,0
238840,1786553431064.519479,0,0,0,1,0,0,0,0
238841,1786553431065.522964,0,0,0,1,0,0,0,0
238842,1786553431066.544251,0,0,0,1,0,0,0,0
238843,1786553431067.541038,0,0,0,1,0,0,0,0
238844,1786553431068.540225,0,0,0,1,0,0,0,0
238845,1786553431069.547313,0,0,0,1,0,0,0,0
238846,1786553431070.554900,0,0,0,1,0,0,0,0
238847,1786553431071.567589,0,0,0,1,0,0,0,0
238848,1786553431072.573877,0,0,0,1,0,0,0,0
238849,1786553431073.587764,0,0,0,1,0,0,0,0
238850,1786553431074.592651,0,0,0,1,0,0,0,0
238851,1786553431075.600538,0,0,0,1,0,0,0,0
238852,1786553431076.608125,0,0,0,1,0,0,0,0
238853,1786553431077.617110,0,0,0,1,0,0,0,0
238854,1786553431078.639899,0,0,0,1,0,0,0,0
238855,1786553431079.689790,0,0,0,1,0,0,0,0
238856,1786553431080.679177,0,0,0,1,0,0,0,0
238857,1786553431081.664562,0,0,0,1,0,0,0,0
238858,1786553431082.674350,0,0,0,1,0,0,0,0
238859,1786553431083.699839,0,0,0,1,0,0,0,0
238860,1786553431084.696427,0,0,0,1,0,0,0,0
238861,1786553431085.701314,0,0,0,1,0,0,0,0
238862,1786553431086.709501,0,0,0,1,0,0,0,0
238863,1786553431087.712688,0,0,0,1,0,0,0,0
238864,1786553431088.719977,0,0,0,1,0,0,0,0
238865,1786553431089.725066,0,0,0,1,0,0,0,0
238866,1786553431090.730452,0,0,0,1,0,0,0,0
238867,1786553431091.736640,0,0,0,1,0,0,0,0
238868,1786553431092.742028,0,0,0,1,0,0,0,0
238869,1786553431093.750616,0,0,0,1,0,0,0,0
238870,1786553431094.765603,0,0,0,1,0,0,0,0
238871,1786553431095.770291,0,0,0,1,0,0,0,0
238872,1786553431096.779178,0,0,0,1,0,0,0,0
238873,1786553431097.786266,0,0,0,1,0,0,0,0
238874,1786553431098.794555,0,0,0,1,0,0,0,0
238875,1786553431099.808245,0,0,0,1,0,0,0,0
238876,1786553431100.810734,0,0,0,1,0,0,0,0
238877,1786553431101.817421,0,0,0,1,0,0,0,0
238878,1786553431102.835308,0,0,0,1,0,0,0,0
238879,1786553431103.841996,0,0,0,1,0,0,0,0
238880,1786553431104.895988,0,0,0,1,0,0,0,0
238881,1786553431105.869971,0,0,0,1,0,0,0,0
238882,1786553431106.882360,0,0,0,1,0,0,0,0
238883,1786553431107.888046,0,0,0,1,0,0,0,0
238884,1786553431108.896632,0,0,0,1,0,0,0,0
238885,1786553431109.914620,0,0,0,1,0,0,0,0
238886,1786553431110.921109,0,0,0,1,0,0,0,0
238887,1786553431111.921395,0,0,0,1,0,0,0,0
238888,1786553431112.929882,0,0,0,1,0,0,0,0
238889,1786553431113.933570,0,0,0,1,0,0,0,0
238890,1786553431114.948957,0,0,0,1,0,0,0,0
238891,1786553431115.981947,0,0,0,1,0,0,0,0
238892,1786553431116.974034,0,0,0,1,0,0,0,0
238893,1786553431117.979321,0,0,0,1,0,0,0,0
238894,1786553431118.989408,0,0,0,1,0,0,0,0
238895,1786553431119.996096,0,0,0,1,0,0,0,0
238896,1786553431121.006085,0,0,0,1,0,0,0,0
238897,1786553431122.013971,0,0,0,1,0,0,0,0
238898,1786553431123.024260,0,0,0,1,0,0,0,0
238899,1786553431124.031947,0,0,0,1,0,0,0,0
238900,1786553431125.042135,0,0,0,1,0,0,0,0
238901,1786553431126.079425,0,0,0,1,0,0,0,0
238902,1786553431127.066611,0,0,0,1,0,0,0,0
238903,1786553431128.072699,0,0,0,1,0,0,0,0
238904,1786553431129.080887,0,0,0,1,0,0,0,0
238905,1786553431130.088476,0,0,0,1,0,0,0,0
238906,1786553431131.098164,0,0,0,1,0,0,0,0
238907,1786553431132.106851,0,0,0,1,0,0,0,0
238908,1786553431133.116237,0,0,0,1,0,0,0,0
238909,1786553431134.122425,0,0,0,1,0,0,0,0
238910,1786553431135.131412,0,0,0,1,0,0,0,0
238911,1786553431136.136699,0,0,0,1,0,0,0,0
238912,1786553431137.146287,0,0,0,1,0,0,0,0
238913,1786553431138.156276,0,0,0,1,0,0,0,0
238914,1786553431139.163465,0,0,0,1,0,0,0,0
238915,1786553431140.221856,0,0,0,1,0,0,0,0
238916,1786553431141.201342,0,0,0,1,0,0,0,0
238917,1786553431142.199629,0,0,0,1,0,0,0,0
238918,1786553431143.207417,0,0,0,1,0,0,0,0
238919,1786553431144.211604,0,0,0,1,0,0,0,0
238920,1786553431145.218491,0,0,0,1,0,0,0,0
238921,1786553431146.227981,0,0,0,1,0,0,0,0
238922,1786553431147.246169,0,0,0,1,0,0,0,0
238923,1786553431148.245755,0,0,0,1,0,0,0,0
238924,1786553431149.259143,0,0,0,1,0,0,0,0
238925,1786553431150.264630,0,0,0,1,0,0,0,0
238926,1786553431151.273315,0,0,0,1,0,0,0,0
238927,1786553431152.279301,0,0,0,1,0,0,0,0
238928,1786553431153.289290,0,0,0,1,0,0,0,0
238929,1786553431154.306278,0,0,0,1,0,0,0,0
238930,1786553431155.310366,0,0,0,1,0,0,0,0
238931,1786553431156.313352,0,0,0,1,0,0,0,0
238932,1786553431157.321640,0,0,0,1,0,0,0,0
238933,1786553431158.329329,0,0,0,1,0,0,0,0
238934,1786553431159.337517,0,0,0,1,0,0,0,0
238935,1786553431160.345903,0,0,0,1,0,0,0,0
238936,1786553431161.355391,0,0,0,1,0,0,0,0
238937,1786553431162.362480,0,0,0,1,0,0,0,0
238938,1786553431163.377468,0,0,0,1,0,0,0,0
238939,1786553431164.380554,0,0,0,1,0,0,0,0
238940,1786553431165.387641,0,0,0,1,0,0,0,0
238941,1786553431166.395227,0,0,0,1,0,0,0,0
238942,1786553431167.403316,0,0,0,1,0,0,0,0
238943,1786553431168.411604,0,0,0,1,0,0,0,0
238944,1786553431169.427595,0,0,0,1,0,0,0,0
238945,1786553431170.436583,0,0,0,1,0,0,0,0
238946,1786553431171.442670,0,0,0,1,0,0,0,0
238947,1786553431172.450358,0,0,0,1,0,0,0,0
238948,1786553431173.457946,0,0,0,1,0,0,0,0
238949,1786553431174.465634,0,0,0,1,0,0,0,0
238950,1786553431175.475222,0,0,0,1,0,0,0,0
238951,1786553431176.483609,0,0,0,1,0,0,0,0
238952,1786553431177.496296,0,0,0,1,0,0,0,0
238953,1786553431178.498285,0,0,0,1,0,0,0,0
238954,1786553431179.507173,0,0,0,1,0,0,0,0
238955,1786553431180.518860,0,0,0,1,0,0,0,0
238956,1786553431181.524347,0,0,0,1,0,0,0,0
238957,1786553431182.532735,0,0,0,1,0,0,0,0
238958,1786553431183.540625,0,0,0,1,0,0,0,0
238959,1786553431184.566613,0,0,0,1,0,0,0,0
238960,1786553431185.557400,0,0,0,1,0,0,0,0
238961,1786553431186.575487,0,0,0,1,0,0,0,0
238962,1786553431187.579374,0,0,0,1,0,0,0,0
238963,1786553431188.590763,0,0,0,1,0,0,0,0
238964,1786553431189.595650,0,0,0,1,0,0,0,0
238965,1786553431190.605138,0,0,0,1,0,0,0,0
238966,1786553431191.613625,0,0,0,1,0,0,0,0
238967,1786553431192.621814,0,0,0,1,0,0,0,0
238968,1786553431193.626701,0,0,0,1,0,0,0,0
238969,1786553431194.641092,0,0,0,1,0,0,0,0
238970,1786553431195.644079,0,0,0,1,0,0,0,0
238971,1786553431196.662368,0,0,0,1,0,0,0,0
238972,1786553431197.672557,0,0,0,1,0,0,0,0
238973,1786553431198.677444,0,0,0,1,0,0,0,0
238974,1786553431199.683330,0,0,0,1,0,0,0,0
238975,1786553431200.711820,0,0,0,1,0,0,0,0
238976,1786553431201.707506,0,0,0,1,0,0,0,0
238977,1786553431202.713193,0,0,0,1,0,0,0,0
238978,1786553431203.721578,0,0,0,1,0,0,0,0
238979,1786553431204.731065,0,0,0,1,0,0,0,0
238980,1786553431205.739552,0,0,0,1,0,0,0,0
238981,1786553431206.745740,0,0,0,1,0,0,0,0
238982,1786553431207.754128,0,0,0,1,0,0,0,0
238983,1786553431208.762915,0,0,0,1,0,0,0,0
238984,1786553431209.772502,0,0,0,1,0,0,0,0
238985,1786553431210.783290,0,0,0,1,0,0,0,0
238986,1786553431211.789978,0,0,0,1,0,0,0,0
238987,1786553431212.831768,0,0,0,1,0,0,0,0
238988,1786553431213.810554,0,0,0,1,0,0,0,0
238989,1786553431214.832341,0,0,0,1,0,0,0,0
238990,1786553431216.450285,0,0,0,1,0,0,0,0
238991,1786553431217.180047,0,0,0,1,0,0,0,0
238992,1786553431218.151432,0,0,0,1,0,0,0,0
238993,1786553431219.155919,0,0,0,1,0,0,0,0
238994,1786553431220.166606,0,0,0,1,0,0,0,0
238995,1786553431221.176994,0,0,0,1,0,0,0,0
238996,1786553431222.181381,0,0,0,1,0,0,0,0
238997,1786553431223.189070,0,0,0,1,0,0,0,0
238998,1786553431224.197858,0,0,0,1,0,0,0,0
238999,1786553431225.205546,0,0,0,1,0,0,0,0
239000,1786553431226.212633,0,0,0,1,0,0,0,0
239001,1786553431227.222719,0,0,0,1,0,0,0,0
239002,1786553431228.244008,0,0,0,1,0,0,0,0
239003,1786553431229.244596,0,0,0,1,0,0,0,0
239004,1786553431230.247884,0,0,0,1,0,0,0,0
239005,1786553431231.263573,0,0,0,1,0,0,0,0
239006,1786553431232.264660,0,0,0,1,0,0,0,0
239007,1786553431233.272347,0,0,0,1,0,0,0,0
239008,1786553431234.282035,0,0,0,1,0,0,0,0
239009,1786553431235.290525,0,0,0,1,0,0,0,0
239010,1786553431236.298411,0,0,0,1,0,0,0,0
239011,1786553431237.306500,0,0,0,1,0,0,0,0
239012,1786553431238.312586,0,0,0,1,0,0,0,0
239013,1786553431239.322274,0,0,0,1,0,0,0,0
239014,1786553431240.329862,0,0,0,1,0,0,0,0
239015,1786553431241.338050,0,0,0,1,0,0,0,0
239016,1786553431242.345936,0,0,0,1,0,0,0,0
239017,1786553431243.354223,0,0,0,1,0,0,0,0
239018,1786553431244.361710,0,0,0,1,0,0,0,0
239019,1786553431245.374697,0,0,0,1,0,0,0,0
239020,1786553431246.403087,0,0,0,1,0,0,0,0
239021,1786553431247.398572,0,0,0,1,0,0,0,0
239022,1786553431248.404158,0,0,0,1,0,0,0,0
239023,1786553431249.410245,0,0,0,1,0,0,0,0
239024,1786553431250.419031,0,0,0,1,0,0,0,0
239025,1786553431251.424318,0,0,0,1,0,0,0,0
239026,1786553431252.434505,0,0,0,1,0,0,0,0
239027,1786553431253.440893,0,0,0,1,0,0,0,0
239028,1786553431254.450881,0,0,0,1,0,0,0,0
239029,1786553431255.456769,0,0,0,1,0,0,0,0
239030,1786553431256.465857,0,0,0,1,0,0,0,0
239031,1786553431257.472344,0,0,0,1,0,0,0,0
239032,1786553431258.481432,0,0,0,1,0,0,0,0
239033,1786553431259.489818,0,0,0,1,0,0,0,0
239034,1786553431260.504807,0,0,0,1,0,0,0,0
239035,1786553431261.528395,0,0,0,1,0,0,0,0
239036,1786553431262.544684,0,0,0,1,0,0,0,0
239037,1786553431263.547270,0,0,0,1,0,0,0,0
239038,1786553431264.570160,0,0,0,1,0,0,0,0
239039,1786553431265.557945,0,0,0,1,0,0,0,0
239040,1786553431266.565634,0,0,0,1,0,0,0,0
239041,1786553431267.569521,0,0,0,1,0,0,0,0
239042,1786553431268.577209,0,0,0,1,0,0,0,0
239043,1786553431269.584395,0,0,0,1,0,0,0,0
239044,1786553431270.593483,0,0,0,1,0,0,0,0
239045,1786553431271.601170,0,0,0,1,0,0,0,0
239046,1786553431272.609457,0,0,0,1,0,0,0,0
239047,1786553431273.617545,0,0,0,1,0,0,0,0
239048,1786553431274.626633,0,0,0,1,0,0,0,0
239049,1786553431275.635420,0,0,0,1,0,0,0,0
239050,1786553431276.652108,0,0,0,1,0,0,0,0
239051,1786553431277.656293,0,0,0,1,0,0,0,0
239052,1786553431278.669280,0,0,0,1,0,0,0,0
239053,1786553431279.678668,0,0,0,1,0,0,0,0
239054,1786553431280.678753,0,0,0,1,0,0,0,0
239055,1786553431281.684442,0,0,0,1,0,0,0,0
239056,1786553431282.693528,0,0,0,1,0,0,0,0
239057,1786553431283.701715,0,0,0,1,0,0,0,0
239058,1786553431284.709401,0,0,0,1,0,0,0,0
239059,1786553431285.717888,0,0,0,1,0,0,0,0
239060,1786553431286.725475,0,0,0,1,0,0,0,0
239061,1786553431287.733863,0,0,0,1,0,0,0,0
239062,1786553431288.749251,0,0,0,1,0,0,0,0
239063,1786553431289.747339,0,0,0,1,0,0,0,0
239064,1786553431290.755527,0,0,0,1,0,0,0,0
239065,1786553431292.006936,0,0,0,1,0,0,0,0
239066,1786553431292.946918,0,0,0,1,0,0,0,0
239067,1786553431294.025614,0,0,0,1,0,0,0,0
239068,1786553431294.903090,0,0,0,1,0,0,0,0
239069,1786553431295.900377,0,0,0,1,0,0,0,0
239070,1786553431296.907866,0,0,0,1,0,0,0,0
239071,1786553431297.916553,0,0,0,1,0,0,0,0
239072,1786553431298.925942,0,0,0,1,0,0,0,0
239073,1786553431299.936430,0,0,0,1,0,0,0,0
239074,1786553431300.941417,0,0,0,1,0,0,0,0
239075,1786553431301.948805,0,0,0,1,0,0,0,0
239076,1786553431302.956693,0,0,0,1,0,0,0,0
239077,1786553431303.964782,0,0,0,1,0,0,0,0
239078,1786553431304.982270,0,0,0,1,0,0,0,0
239079,1786553431305.989058,0,0,0,1,0,0,0,0
239080,1786553431306.990843,0,0,0,1,0,0,0,0
239081,1786553431307.996830,0,0,0,1,0,0,0,0
239082,1786553431309.010418,0,0,0,1,0,0,0,0
239083,1786553431310.016304,0,0,0,1,0,0,0,0
239084,1786553431311.023491,0,0,0,1,0,0,0,0
239085,1786553431312.032877,0,0,0,1,0,0,0,0
239086,1786553431313.040265,0,0,0,1,0,0,0,0
239087,1786553431314.048151,0,0,0,1,0,0,0,0
239088,1786553431315.058538,0,0,0,1,0,0,0,0
239089,1786553431316.065626,0,0,0,1,0,0,0,0
239090,1786553431317.072213,0,0,0,1,0,0,0,0
239091,1786553431318.081004,0,0,0,1,0,0,0,0
239092,1786553431319.091390,0,0,0,1,0,0,0,0
239093,1786553431320.096978,0,0,0,1,0,0,0,0
239094,1786553431321.570507,0,0,0,1,0,0,0,0
239095,1786553431322.361375,0,0,0,1,0,0,0,0
239096,1786553431323.360662,0,0,0,1,0,0,0,0
239097,1786553431324.364450,0,0,0,1,0,0,0,0
239098,1786553431325.376938,0,0,0,1,0,0,0,0
239099,1786553431326.383125,0,0,0,1,0,0,0,0
239100,1786553431327.390513,0,0,0,1,0,0,0,0
239101,1786553431328.399200,0,0,0,1,0,0,0,0
239102,1786553431329.409286,0,0,0,1,0,0,0,0
239103,1786553431330.418275,0,0,0,1,0,0,0,0
239104,1786553431331.425663,0,0,0,1,0,0,0,0
239105,1786553431332.443652,0,0,0,1,0,0,0,0
239106,1786553431333.442938,0,0,0,1,0,0,0,0
239107,1786553431334.451024,0,0,0,1,0,0,0,0
239108,1786553431335.462311,0,0,0,1,0,0,0,0
239109,1786553431336.491599,0,0,0,1,0,0,0,0
239110,1786553431337.487684,0,0,0,1,0,0,0,0
239111,1786553431338.487070,0,0,0,1,0,0,0,0
239112,1786553431339.494557,0,0,0,1,0,0,0,0
239113,1786553431340.510245,0,0,0,1,0,0,0,0
239114,1786553431341.530532,0,0,0,1,0,0,0,0
239115,1786553431342.529018,0,0,0,1,0,0,0,0
239116,1786553431343.535905,0,0,0,1,0,0,0,0
239117,1786553431344.542193,0,0,0,1,0,0,0,0
239118,1786553431345.549880,0,0,0,1,0,0,0,0
239119,1786553431346.562468,0,0,0,1,0,0,0,0
239120,1786553431347.570254,0,0,0,1,0,0,0,0
239121,1786553431348.577141,0,0,0,1,0,0,0,0
239122,1786553431349.592730,0,0,0,1,0,0,0,0
239123,1786553431350.601117,0,0,0,1,0,0,1,0
239124,1786553431351.623006,0,0,0,1,0,0,1,0
239125,1786553431352.615190,0,0,0,1,0,0,1,0
239126,1786553431353.620179,0,0,0,1,0,0,1,0
239127,1786553431354.627066,0,0,0,1,0,0,1,0
239128,1786553431355.637454,0,0,0,1,0,0,1,0
239129,1786553431356.645041,0,0,0,1,0,0,1,0
239130,1786553431357.652427,0,0,0,1,0,0,1,0
239131,1786553431358.663916,0,0,0,1,0,0,1,0
239132,1786553431359.668102,0,0,0,1,0,0,1,0
239133,1786553431360.675189,0,0,0,1,0,0,1,0
239134,1786553431361.683677,0,0,0,1,0,0,1,0
239135,1786553431362.691264,0,0,0,1,0,0,1,0
239136,1786553431363.699253,0,0,0,1,0,0,1,0
239137,1786553431364.708940,0,0,0,1,0,0,1,0
239138,1786553431365.716527,0,0,0,1,0,0,1,0
239139,1786553431367.235656,0,0,0,1,0,0,1,0
239140,1786553431367.750801,0,0,0,1,0,0,1,0
239141,1786553431368.941905,0,0,0,1,0,0,1,0
239142,1786553431369.955592,0,0,0,1,0,0,1,0
239143,1786553431370.951279,0,0,0,1,0,0,1,0
239144,1786553431371.954667,0,0,0,1,0,0,1,0
239145,1786553431372.961355,0,0,0,1,0,0,1,0
239146,1786553431373.977044,0,0,0,1,0,0,1,0
239147,1786553431374.983931,0,0,0,1,0,0,1,0
239148,1786553431375.990417,0,0,0,1,0,0,1,0
239149,1786553431376.997705,0,0,0,1,0,0,1,0
239150,1786553431378.006593,0,0,0,1,0,0,1,0
239151,1786553431379.014782,0,0,0,1,0,0,1,0
239152,1786553431380.025670,0,0,0,1,0,0,1,0
239153,1786553431381.040060,0,0,0,1,0,0,1,0
239154,1786553431382.041546,0,0,0,1,0,0,1,0
239155,1786553431383.048434,0,0,0,1,0,0,1,0
239156,1786553431384.055122,0,0,0,1,0,0,1,0
239157,1786553431385.064809,0,0,0,1,0,0,1,0
239158,1786553431386.073297,0,0,0,1,0,0,1,0
239159,1786553431387.082584,0,0,0,1,0,0,1,0
239160,1786553431388.089571,0,0,0,1,0,0,1,0
239161,1786553431389.109059,0,0,0,1,0,0,1,0
239162,1786553431390.108546,0,0,0,1,0,0,1,0
239163,1786553431391.118531,0,0,0,1,0,0,1,0
239164,1786553431392.124520,0,0,0,1,0,0,1,0
239165,1786553431393.131907,0,0,0,1,0,0,1,0
239166,1786553431394.144295,0,0,0,1,0,0,1,0
239167,1786553431395.149183,0,0,0,1,0,0,1,0
239168,1786553431396.160971,0,0,0,1,0,0,1,0
239169,1786553431397.185061,0,0,0,1,0,0,1,0
239170,1786553431398.181648,0,0,0,1,0,0,1,0
239171,1786553431399.188036,0,0,0,1,0,0,1,0
239172,1786553431400.195423,0,0,0,1,0,0,1,0
239173,1786553431401.202411,0,0,0,1,0,0,1,0
239174,1786553431402.210698,0,0,0,1,0,0,1,0
239175,1786553431403.220985,0,0,0,1,0,0,1,0
239176,1786553431404.228874,0,0,0,1,0,0,1,0
239177,1786553431405.237662,0,0,0,1,0,0,1,0
239178,1786553431406.244851,0,0,0,1,0,0,1,0
239179,1786553431407.253339,0,0,0,1,0,0,1,0
239180,1786553431408.260228,0,0,0,1,0,0,1,0
239181,1786553431409.270516,0,0,0,1,0,0,1,0
239182,1786553431410.277603,0,0,0,1,0,0,1,0
239183,1786553431411.286289,0,0,0,1,0,0,1,0
239184,1786553431412.753617,0,0,0,1,0,0,1,0
239185,1786553431413.541387,0,0,0,1,0,0,1,0
239186,1786553431414.540173,0,0,0,1,0,0,1,0
239187,1786553431415.544859,0,0,0,1,0,0,1,0
239188,1786553431416.663356,0,0,0,1,0,0,1,0
239189,1786553431417.568037,0,0,0,1,0,0,1,0
239190,1786553431418.576023,0,0,0,1,0,0,1,0
239191,1786553431419.581011,0,0,0,1,0,0,1,0
239192,1786553431420.591196,0,0,0,1,0,0,1,0
239193,1786553431421.594783,0,0,0,1,0,0,1,0
239194,1786553431422.613872,0,0,0,1,0,0,1,0
239195,1786553431423.619759,0,0,0,1,0,0,1,0
239196,1786553431424.627247,0,0,0,1,0,0,1,0
239197,1786553431425.636834,0,0,0,1,0,0,1,0
239198,1786553431426.643822,0,0,0,1,0,0,1,0
239199,1786553431427.663712,0,0,0,1,0,0,1,0
239200,1786553431428.664099,0,0,0,1,0,0,1,0
239201,1786553431429.670386,0,0,0,1,0,0,1,0
239202,1786553431430.678374,0,0,0,1,0,0,1,0
239203,1786553431431.684762,0,0,0,1,0,0,1,0
239204,1786553431432.694449,0,0,0,1,0,0,1,0
239205,1786553431433.702236,0,0,0,1,0,0,1,0
239206,1786553431434.710125,0,0,0,1,0,0,1,0
239207,1786553431435.718514,0,0,0,1,0,0,1,0
239208,1786553431436.726501,0,0,0,1,0,0,1,0
239209,1786553431437.734887,0,0,0,1,0,0,1,0
239210,1786553431438.745275,0,0,0,1,0,0,1,0
239211,1786553431439.765864,0,0,0,1,0,0,1,0
239212,1786553431440.764652,0,0,0,1,0,0,1,0
239213,1786553431441.771638,0,0,0,1,0,0,1,0
239214,1786553431443.059046,0,0,0,1,0,0,1,0
239215,1786553431443.890819,0,0,0,1,0,0,1,0
239216,1786553431444.868203,0,0,0,1,0,0,1,0
239217,1786553431445.867191,0,0,0,1,0,0,1,0
239218,1786553431446.892680,0,0,0,1,0,0,1,0
239219,1786553431447.888167,0,0,0,1,0,0,1,0
239220,1786553431448.909155,0,0,0,1,0,0,1,0
239221,1786553431449.909042,0,0,0,1,0,0,1,0
239222,1786553431450.918629,0,0,0,1,0,0,1,0
239223,1786553431451.920614,0,0,0,1,0,0,1,0
239224,1786553431452.931702,0,0,0,1,0,0,1,0
239225,1786553431453.937890,0,0,0,1,0,0,1,0
239226,1786553431454.967378,0,0,0,1,0,0,1,0
239227,1786553431455.969465,0,0,0,1,0,0,1,0
239228,1786553431456.980454,0,0,0,1,0,0,1,0
239229,1786553431457.983240,0,0,0,1,0,0,1,0
239230,1786553431458.985728,0,0,0,1,0,0,1,0
239231,1786553431459.991516,0,0,0,1,0,0,1,0
239232,1786553431461.000103,0,0,0,1,0,0,1,0
239233,1786553431462.008091,0,0,0,1,0,0,1,0
239234,1786553431463.016780,0,0,0,1,0,0,1,0
239235,1786553431464.025369,0,0,0,1,0,0,1,0
239236,1786553431465.034156,0,0,0,1,0,0,1,0
239237,1786553431466.041543,0,0,0,1,0,0,1,0
239238,1786553431467.051131,0,0,0,1,0,0,1,0
239239,1786553431468.061119,0,0,0,1,0,0,1,0
239240,1786553431469.070706,0,0,0,1,0,0,1,0
239241,1786553431470.078394,0,0,0,1,0,0,1,0
239242,1786553431471.087983,0,0,0,1,0,0,1,0
239243,1786553431472.107571,0,0,0,1,0,0,1,0
239244,1786553431473.110359,0,0,0,1,0,0,1,0
239245,1786553431474.116747,0,0,0,1,0,0,1,0
239246,1786553431475.126732,0,0,0,1,0,0,1,0
239247,1786553431476.135520,0,0,0,1,0,0,1,0
239248,1786553431477.143809,0,0,0,1,0,0,1,0
239249,1786553431478.152795,0,0,0,1,0,0,1,0
239250,1786553431479.162382,0,0,0,1,0,0,1,0
239251,1786553431480.172970,0,0,0,1,0,0,1,0
239252,1786553431481.179355,0,0,0,1,0,0,1,0
239253,1786553431482.186142,0,0,0,1,0,0,1,0
239254,1786553431483.196429,0,0,0,1,0,0,1,0
239255,1786553431484.207917,0,0,0,1,0,0,1,0
239256,1786553431485.211204,0,0,0,1,0,0,1,0
239257,1786553431486.219490,0,0,0,1,0,0,1,0
239258,1786553431487.223876,0,0,0,1,0,0,1,0
239259,1786553431488.292269,0,0,0,1,0,0,1,0
239260,1786553431489.298456,0,0,0,1,0,0,1,0
239261,1786553431490.285441,0,0,0,1,0,0,1,0
239262,1786553431491.284327,0,0,0,1,0,0,1,0
239263,1786553431492.291716,0,0,0,1,0,0,1,0
239264,1786553431493.305705,0,0,0,1,0,0,1,0
239265,1786553431494.311894,0,0,0,1,0,0,1,0
239266,1786553431495.318881,0,0,0,1,0,0,1,0
239267,1786553431496.327670,0,0,0,1,0,0,1,0
239268,1786553431497.337556,0,0,0,1,0,0,1,0
239269,1786553431498.345045,0,0,0,1,0,0,1,0
239270,1786553431499.355331,0,0,0,1,0,0,1,0
239271,1786553431500.362718,0,0,0,1,0,0,1,0
239272,1786553431501.372506,0,0,0,1,0,0,1,0
239273,1786553431502.385194,0,0,0,1,0,0,1,0
239274,1786553431503.801017,0,0,0,1,0,0,1,0
239275,1786553431504.758101,0,0,0,1,0,0,1,0
239276,1786553431505.697782,0,0,0,1,0,0,1,0
239277,1786553431506.653966,0,0,0,1,0,0,1,0
239278,1786553431507.658453,0,0,0,1,0,0,1,0
239279,1786553431508.664940,0,0,0,1,0,0,1,0
239280,1786553431509.673627,0,0,0,1,0,0,1,0
239281,1786553431510.675515,0,0,0,1,0,0,1,0
239282,1786553431511.680002,0,0,0,1,0,0,1,0
239283,1786553431512.686188,0,0,0,1,0,0,1,0
239284,1786553431513.694275,0,0,0,1,0,0,1,0
239285,1786553431514.702864,0,0,0,1,0,0,1,0
239286,1786553431515.714250,0,0,0,1,0,0,1,0
239287,1786553431516.733939,0,0,0,1,0,0,1,0
239288,1786553431517.739426,0,0,0,1,0,0,1,0
239289,1786553431518.755114,0,0,0,1,0,0,1,0
239290,1786553431519.758601,0,0,0,1,0,0,1,0
239291,1786553431520.761989,0,0,0,1,0,0,1,0
239292,1786553431521.769677,0,0,0,1,0,0,1,0
239293,1786553431522.780265,0,0,0,1,0,0,1,0
239294,1786553431523.787753,0,0,0,1,0,0,1,0
239295,1786553431524.806042,0,0,0,1,0,0,1,0
239296,1786553431525.803528,0,0,0,1,0,0,1,0
239297,1786553431526.810917,0,0,0,1,0,0,1,0
239298,1786553431527.822205,0,0,0,1,0,0,1,0
239299,1786553431528.835392,0,0,0,1,0,0,1,0
239300,1786553431529.842780,0,0,0,1,0,0,1,0
239301,1786553431530.849065,0,0,0,1,0,0,1,0
239302,1786553431531.857152,0,0,0,1,0,0,1,0
239303,1786553431532.905344,0,0,0,1,0,0,1,0
239304,1786553431533.899231,0,0,0,1,0,0,1,0
239305,1786553431534.918321,0,0,0,1,0,0,1,0
239306,1786553431535.913206,0,0,0,1,0,0,1,0
239307,1786553431536.914792,0,0,0,1,0,0,1,0
239308,1786553431537.922279,0,0,0,1,0,0,1,0
239309,1786553431538.928564,0,0,0,1,0,0,1,0
239310,1786553431539.938353,0,0,0,1,0,0,1,0
239311,1786553431540.945640,0,0,0,1,0,0,1,0
239312,1786553431541.953727,0,0,0,1,0,0,1,0
239313,1786553431542.960616,0,0,0,1,0,0,1,0
239314,1786553431543.970503,0,0,0,1,0,0,1,0
239315,1786553431544.979089,0,0,0,1,0,0,1,0
239316,1786553431545.984675,0,0,0,1,0,0,1,0
239317,1786553431546.993863,0,0,0,1,0,0,1,0
239318,1786553431548.008151,0,0,0,1,0,0,1,0
239319,1786553431549.117747,0,0,0,1,0,0,1,0
239320,1786553431550.024226,0,0,0,1,0,0,1,0
239321,1786553431551.032314,0,0,0,1,0,0,1,0
239322,1786553431552.059802,0,0,0,1,0,0,1,0
239323,1786553431553.057490,0,0,0,1,0,0,1,0
239324,1786553431554.066677,0,0,0,1,0,0,1,0
239325,1786553431555.074966,0,0,0,1,0,0,1,0
239326,1786553431556.084153,0,0,0,1,0,0,1,0
239327,1786553431557.093941,0,0,0,1,0,0,1,0
239328,1786553431558.101429,0,0,0,1,0,0,1,0
239329,1786553431559.110916,0,0,0,1,0,0,1,0
239330,1786553431560.120205,0,0,0,1,0,0,1,0
239331,1786553431561.128494,0,0,0,1,0,0,1,0
239332,1786553431562.137982,0,0,0,1,0,0,1,0
239333,1786553431563.166372,0,0,0,1,0,0,1,0
239334,1786553431564.160660,0,0,0,1,0,0,1,0
239335,1786553431565.264955,0,0,0,1,0,0,1,0
239336,1786553431566.177535,0,0,0,1,0,0,1,0
239337,1786553431567.199224,0,0,0,1,0,0,1,0
239338,1786553431568.232615,0,0,0,1,0,0,1,0
239339,1786553431569.229601,0,0,0,1,0,0,1,0
239340,1786553431570.222086,0,0,0,1,0,0,1,0
239341,1786553431571.227574,0,0,0,1,0,0,1,0
239342,1786553431572.233062,0,0,0,1,0,0,1,0
239343,1786553431573.239549,0,0,0,1,0,0,1,0
239344,1786553431574.245236,0,0,0,1,0,0,1,0
239345,1786553431575.253724,0,0,0,1,0,0,1,0
239346,1786553431576.278614,0,0,0,1,0,0,1,0
239347,1786553431577.279502,0,0,0,1,0,0,1,0
239348,1786553431578.289990,0,0,0,1,0,0,1,0
239349,1786553431579.296977,0,0,0,1,0,0,1,0
239350,1786553431580.303367,0,0,0,1,0,0,1,0
239351,1786553431581.311554,0,0,0,1,0,0,1,0
239352,1786553431582.318441,0,0,0,1,0,0,1,0
239353,1786553431583.328727,0,0,0,1,0,0,1,0
239354,1786553431584.343815,0,0,0,1,0,0,1,0
239355,1786553431585.347504,0,0,0,1,0,0,1,0
239356,1786553431586.352192,0,0,0,1,0,0,1,0
239357,1786553431587.363480,0,0,0,1,0,0,1,0
239358,1786553431588.368766,0,0,0,1,0,0,1,0
239359,1786553431589.376853,0,0,0,1,0,0,1,0
239360,1786553431590.385342,0,0,0,1,0,0,1,0
239361,1786553431591.393830,0,0,0,1,0,0,1,0
239362,1786553431592.614933,0,0,0,1,0,0,1,0
239363,1786553431593.610220,0,0,0,1,0,0,1,0
239364,1786553431594.635307,0,0,0,1,0,0,1,0
239365,1786553431595.630794,0,0,0,1,0,0,1,0
239366,1786553431596.638983,0,0,0,1,0,0,1,0
239367,1786553431597.645271,0,0,0,1,0,0,1,0
239368,1786553431598.654057,0,0,0,1,0,0,1,0
239369,1786553431599.663545,0,0,0,1,0,0,1,0
239370,1786553431600.671132,0,0,0,1,0,0,1,0
239371,1786553431601.677820,0,0,0,1,0,0,1,0
239372,1786553431602.687308,0,0,0,1,0,0,1,0
239373,1786553431603.692396,0,0,0,1,0,0,1,0
239374,1786553431604.702883,0,0,0,1,0,0,1,0
239375,1786553431605.710670,0,0,0,1,0,0,1,0
239376,1786553431606.732058,0,0,0,1,0,0,1,0
239377,1786553431607.767748,0,0,0,1,0,0,1,0
239378,1786553431608.743033,0,0,0,1,0,0,1,0
239379,1786553431609.749819,0,0,0,1,0,0,1,0
239380,1786553431610.757208,0,0,0,1,0,0,1,0
239381,1786553431611.765095,0,0,0,1,0,0,1,0
239382,1786553431612.778683,0,0,0,1,0,0,1,0
239383,1786553431613.784168,0,0,0,1,0,0,1,0
239384,1786553431614.802157,0,0,0,1,0,0,1,0
239385,1786553431615.798643,0,0,0,1,0,0,1,0
239386,1786553431616.815831,0,0,0,1,0,0,1,0
239387,1786553431617.960430,0,0,0,1,0,0,1,0
239388,1786553431618.876709,0,0,0,1,0,0,1,0
239389,1786553431619.879596,0,0,0,1,0,0,1,0
239390,1786553431620.889983,0,0,0,1,0,0,1,0
239391,1786553431622.186596,0,0,0,1,0,0,1,0
239392,1786553431623.191383,0,0,0,1,0,0,1,0
239393,1786553431624.189469,0,0,0,1,0,0,1,0
239394,1786553431625.196558,0,0,0,1,0,0,1,0
239395,1786553431626.204645,0,0,0,1,0,0,1,0
239396,1786553431627.210434,0,0,0,1,0,0,1,0
239397,1786553431628.216921,0,0,0,1,0,0,1,0
239398,1786553431629.226409,0,0,0,1,0,0,1,0
239399,1786553431630.233499,0,0,0,1,0,0,1,0
239400,1786553431631.241785,0,0,0,1,0,0,1,0
239401,1786553431632.255872,0,0,0,1,0,0,1,0
239402,1786553431633.270561,0,0,0,1,0,0,1,0
239403,1786553431634.270747,0,0,0,1,0,0,1,0
239404,1786553431635.279634,0,0,0,1,0,0,1,0
239405,1786553431636.324624,0,0,0,1,0,0,1,0
239406,1786553431637.319911,0,0,0,1,0,0,1,0
239407,1786553431638.316199,0,0,0,1,0,0,1,0
239408,1786553431639.324487,0,0,0,1,0,0,1,0
239409,1786553431640.332273,0,0,0,1,0,0,1,0
239410,1786553431641.341861,0,0,0,1,0,0,1,0
239411,1786553431642.352650,0,0,0,1,0,0,1,0
239412,1786553431643.358338,0,0,0,1,0,0,1,0
239413,1786553431644.369725,0,0,0,1,0,0,1,0
239414,1786553431645.374412,0,0,0,1,0,0,1,0
239415,1786553431646.384699,0,0,0,1,0,0,1,0
239416,1786553431647.391888,0,0,0,1,0,0,1,0
239417,1786553431648.402975,0,0,0,1,0,0,1,0
239418,1786553431649.432665,0,0,0,1,0,0,1,0
239419,1786553431650.433252,0,0,0,1,0,0,1,0
239420,1786553431651.441240,0,0,0,1,0,0,1,0
239421,1786553431652.573740,0,0,0,1,0,0,1,0
239422,1786553431653.468617,0,0,0,1,0,0,1,0
239423,1786553431654.469805,0,0,0,1,0,0,1,0
239424,1786553431655.476493,0,0,0,1,0,0,1,0
239425,1786553431656.487081,0,0,0,1,0,0,1,0
239426,1786553431657.493869,0,0,0,1,0,0,1,0
239427,1786553431658.500555,0,0,0,1,0,0,1,0
239428,1786553431659.510144,0,0,0,1,0,0,1,0
239429,1786553431660.518532,0,0,0,1,0,0,1,0
239430,1786553431661.527420,0,0,0,1,0,0,1,0
239431,1786553431662.534206,0,0,0,1,0,0,1,0
239432,1786553431663.542193,0,0,0,1,0,0,1,0
239433,1786553431664.550080,0,0,0,1,0,0,1,0
239434,1786553431665.572668,0,0,0,1,0,0,1,0
239435,1786553431666.574656,0,0,0,1,0,0,1,0
239436,1786553431667.606446,0,0,0,1,0,0,1,0
239437,1786553431668.603132,0,0,0,1,0,0,1,0
239438,1786553431669.605919,0,0,0,1,0,0,1,0
239439,1786553431670.619207,0,0,0,1,0,0,1,0
239440,1786553431671.621894,0,0,0,1,0,0,1,0
239441,1786553431672.627882,0,0,0,1,0,0,1,0
239442,1786553431673.636870,0,0,0,1,0,0,1,0
239443,1786553431674.645258,0,0,0,1,0,0,1,0
239444,1786553431675.652546,0,0,0,1,0,0,1,0
239445,1786553431676.658932,0,0,0,1,0,0,1,0
239446,1786553431677.667019,0,0,0,1,0,0,1,0
239447,1786553431678.675506,0,0,0,1,0,0,1,0
239448,1786553431679.683293,0,0,0,1,0,0,1,0
239449,1786553431680.692780,0,0,0,1,0,0,1,0
239450,1786553431681.722569,0,0,0,1,0,0,1,0
239451,1786553431682.723656,0,0,0,1,0,0,1,0
239452,1786553431684.094075,0,0,0,1,0,0,1,0
239453,1786553431685.010855,0,0,0,1,0,0,1,0
239454,1786553431686.014742,0,0,0,1,0,0,1,0
239455,1786553431687.013528,0,0,0,1,0,0,1,0
239456,1786553431688.013216,0,0,0,1,0,0,1,0
239457,1786553431689.019102,0,0,0,1,0,0,1,0
239458,1786553431690.024488,0,0,0,1,0,0,1,0
239459,1786553431691.033878,0,0,0,1,0,0,1,0
239460,1786553431692.036666,0,0,0,1,0,0,1,0
239461,1786553431693.042354,0,0,0,1,0,0,1,0
239462,1786553431694.122146,0,0,0,1,0,0,1,0
239463,1786553431695.127632,0,0,0,1,0,0,1,0
239464,1786553431696.135520,0,0,0,1,0,0,1,0
239465,1786553431697.143607,0,0,0,1,0,0,1,0
239466,1786553431698.194198,0,0,0,1,0,0,1,0
239467,1786553431699.177886,0,0,0,1,0,0,1,0
239468,1786553431700.180674,0,0,0,1,0,0,1,0
239469,1786553431701.182461,0,0,0,1,0,0,1,0
239470,1786553431702.189550,0,0,0,1,0,0,1,0
239471,1786553431703.198637,0,0,0,1,0,0,1,0
239472,1786553431704.206924,0,0,0,1,0,0,1,0
239473,1786553431705.215012,0,0,0,1,0,0,1,0
239474,1786553431706.222998,0,0,0,1,0,0,1,0
239475,1786553431707.231187,0,0,0,1,0,0,1,0
239476,1786553431708.239775,0,0,0,1,0,0,1,0
239477,1786553431709.246263,0,0,0,1,0,0,1,0
239478,1786553431710.254751,0,0,0,1,0,0,1,0
239479,1786553431711.262138,0,0,0,1,0,0,1,0
239480,1786553431712.270727,0,0,0,1,0,0,1,0
239481,1786553431713.286114,0,0,0,1,0,0,1,0
239482,1786553431714.357506,0,0,0,1,0,0,1,0
239483,1786553431715.323988,0,0,0,1,0,0,1,0
239484,1786553431716.335477,0,0,0,1,0,0,1,0
239485,1786553431717.331064,0,0,0,1,0,0,1,0
239486,1786553431718.339352,0,0,0,1,0,0,1,0
239487,1786553431719.343240,0,0,0,1,0,0,1,0
239488,1786553431720.354427,0,0,0,1,0,0,1,0
239489,1786553431721.359915,0,0,0,1,0,0,1,0
239490,1786553431722.370105,0,0,0,1,0,0,1,0
239491,1786553431723.375092,0,0,0,1,0,0,1,0
239492,1786553431724.382979,0,0,0,1,0,0,1,0
239493,1786553431725.391366,0,0,0,1,0,0,1,0
239494,1786553431726.399054,0,0,0,1,0,0,1,0
239495,1786553431727.406640,0,0,0,1,0,0,1,0
239496,1786553431728.424828,0,0,0,1,0,0,1,0
239497,1786553431729.427516,0,0,0,1,0,0,1,0
239498,1786553431730.445105,0,0,0,1,0,0,1,0
239499,1786553431731.450092,0,0,0,1,0,0,1,0
239500,1786553431732.456079,0,0,0,1,0,0,1,0
239501,1786553431733.462367,0,0,0,1,0,0,1,0
239502,1786553431734.470755,0,0,0,1,0,0,1,0
239503,1786553431735.478842,0,0,0,1,0,0,1,0
239504,1786553431736.486131,0,0,0,1,0,0,1,0
239505,1786553431737.494418,0,0,0,1,0,0,1,0
239506,1786553431738.502306,0,0,0,1,0,0,1,0
239507,1786553431739.510995,0,0,0,1,0,0,1,0
239508,1786553431740.518582,0,0,0,1,0,0,1,0
239509,1786553431741.525671,0,0,0,1,0,0,1,0
239510,1786553431742.533757,0,0,0,1,0,0,1,0
239511,1786553431743.909075,0,0,0,1,0,0,1,0
239512,1786553431744.570234,0,0,0,1,0,0,1,0
239513,1786553431745.567922,0,0,0,1,0,0,1,0
239514,1786553431746.588010,0,0,0,1,0,0,1,0
239515,1786553431747.593998,0,0,0,1,0,0,1,0
239516,1786553431748.615187,0,0,0,1,0,0,1,0
239517,1786553431749.612374,0,0,0,1,0,0,1,0
239518,1786553431750.613761,0,0,0,1,0,0,1,0
239519,1786553431751.621350,0,0,0,1,0,0,1,0
239520,1786553431752.627239,0,0,0,1,0,0,1,0
239521,1786553431753.635927,0,0,0,1,0,0,1,0
239522,1786553431754.643714,0,0,0,1,0,0,1,0
239523,1786553431755.653202,0,0,0,1,0,0,1,0
239524,1786553431756.661189,0,0,0,1,0,0,1,0
239525,1786553431757.667276,0,0,0,1,0,0,1,0
239526,1786553431758.681162,0,0,0,1,0,0,1,0
239527,1786553431759.687150,0,0,0,1,0,0,1,0
239528,1786553431760.694339,0,0,0,1,0,0,1,0
239529,1786553431761.703626,0,0,0,1,0,0,1,0
239530,1786553431762.722914,0,0,0,1,0,0,1,0
239531,1786553431763.731701,0,0,0,1,0,0,1,0
239532,1786553431764.737988,0,0,0,1,0,0,1,0
239533,1786553431765.746975,0,0,0,1,0,0,1,0
239534,1786553431766.754863,0,0,0,1,0,0,1,0
239535,1786553431767.764750,0,0,0,1,0,0,1,0
239536,1786553431768.773838,0,0,0,1,0,0,1,0
239537,1786553431769.785926,0,0,0,1,0,0,1,0
239538,1786553431770.792313,0,0,0,1,0,0,1,0
239539,1786553431771.799000,0,0,0,1,0,0,1,0
239540,1786553431772.807987,0,0,0,1,0,0,1,0
239541,1786553431773.830675,0,0,0,1,0,0,1,0
239542,1786553431774.855464,0,0,0,1,0,0,1,0
239543,1786553431775.847349,0,0,0,1,0,0,1,0
239544,1786553431776.854638,0,0,0,1,0,0,1,0
239545,1786553431777.863925,0,0,0,1,0,0,1,0
239546,1786553431778.873012,0,0,0,1,0,0,1,0
239547,1786553431779.914401,0,0,0,1,0,0,1,0
239548,1786553431780.921890,0,0,0,1,0,0,1,0
239549,1786553431781.915774,0,0,0,1,0,0,1,0
239550,1786553431782.921761,0,0,0,1,0,0,1,0
239551,1786553431783.927348,0,0,0,1,0,0,1,0
239552,1786553431784.945335,0,0,0,1,0,0,1,0
239553,1786553431785.943222,0,0,0,1,0,0,1,0
239554,1786553431786.953308,0,0,0,1,0,0,1,0
239555,1786553431787.963596,0,0,0,1,0,0,1,0
239556,1786553431788.972085,0,0,0,1,0,0,1,0
239557,1786553431790.198790,0,0,0,1,0,0,1,0
239558,1786553431791.010561,0,0,0,1,0,0,1,0
239559,1786553431792.013350,0,0,0,1,0,0,1,0
239560,1786553431793.013438,0,0,0,1,0,0,1,0
239561,1786553431794.133134,0,0,0,1,0,0,1,0
239562,1786553431795.139720,0,0,0,1,0,0,1,0
239563,1786553431796.157210,0,0,0,1,0,0,1,0
239564,1786553431797.205801,0,0,0,1,0,0,1,0
239565,1786553431798.211588,0,0,0,1,0,0,1,0
239566,1786553431799.229476,0,0,0,1,0,0,1,0
239567,1786553431800.225363,0,0,0,1,0,0,1,0
239568,1786553431801.216148,0,0,0,1,0,0,1,0
239569,1786553431802.224835,0,0,0,1,0,0,1,0
239570,1786553431803.237423,0,0,0,1,0,0,1,0
239571,1786553431804.244510,0,0,0,1,0,0,1,0
239572,1786553431805.254299,0,0,0,1,0,0,1,0
239573,1786553431807.035656,0,0,0,1,0,0,1,0
239574,1786553431807.867629,0,0,0,1,0,0,1,0
239575,1786553431808.851713,0,0,0,1,0,0,1,0
239576,1786553431809.848999,0,0,0,1,0,0,1,0
239577,1786553431810.881788,0,0,0,1,0,0,1,0
239578,1786553431811.880076,0,0,0,1,0,0,1,0
239579,1786553431812.877163,0,0,0,1,0,0,1,0
239580,1786553431813.887350,0,0,0,1,0,0,1,0
239581,1786553431814.905840,0,0,0,1,0,0,1,0
239582,1786553431815.904526,0,0,0,1,0,0,1,0
239583,1786553431816.910414,0,0,0,1,0,0,1,0
239584,1786553431817.919901,0,0,0,1,0,0,1,0
239585,1786553431818.924989,0,0,0,1,0,0,1,0
239586,1786553431819.936478,0,0,0,1,0,0,1,0
239587,1786553431820.949766,0,0,0,1,0,0,1,0
239588,1786553431821.957254,0,0,0,1,0,0,1,0
239589,1786553431822.961741,0,0,0,1,0,0,1,0
239590,1786553431823.970529,0,0,0,1,0,0,1,0
239591,1786553431824.978918,0,0,0,1,0,0,1,0
239592,1786553431825.986806,0,0,0,1,0,0,1,0
239593,1786553431826.994894,0,0,0,1,0,0,1,0
239594,1786553431828.012783,0,0,0,1,0,0,1,0
239595,1786553431829.014871,0,0,0,1,0,0,1,0
239596,1786553431830.021958,0,0,0,1,0,0,1,0
239597,1786553431831.033447,0,0,0,1,0,0,1,0
239598,1786553431832.042334,0,0,0,1,0,0,1,0
239599,1786553431833.050722,0,0,0,1,0,0,1,0
239600,1786553431834.057709,0,0,0,1,0,0,1,0
239601,1786553431835.066896,0,0,0,1,0,0,1,0
239602,1786553431836.093687,0,0,0,1,0,0,1,0
239603,1786553431837.088074,0,0,0,1,0,0,1,0
239604,1786553431838.094661,0,0,0,1,0,0,1,0
239605,1786553431839.102149,0,0,0,1,0,0,1,0
239606,1786553431840.110737,0,0,0,1,0,0,1,0
239607,1786553431841.127125,0,0,0,1,0,0,1,0
239608,1786553431842.145913,0,0,0,1,0,0,1,0
239609,1786553431843.146001,0,0,0,1,0,0,1,0
239610,1786553431844.159089,0,0,0,1,0,0,1,0
239611,1786553431845.158575,0,0,0,1,0,0,1,0
239612,1786553431846.165761,0,0,0,1,0,0,1,0
239613,1786553431847.175850,0,0,0,1,0,0,1,0
239614,1786553431848.197940,0,0,0,1,0,0,1,0
239615,1786553431849.193127,0,0,0,1,0,0,1,0
239616,1786553431850.201714,0,0,0,1,0,0,1,0
239617,1786553431851.218802,0,0,0,1,0,0,1,0
239618,1786553431852.229491,0,0,0,1,0,0,1,0
239619,1786553431853.236179,0,0,0,1,0,0,1,0
239620,1786553431854.244364,0,0,0,1,0,0,1,0
239621,1786553431855.256453,0,0,0,1,0,0,1,0
239622,1786553431856.258840,0,0,0,1,0,0,1,0
239623,1786553431857.267128,0,0,0,1,0,0,1,0
239624,1786553431858.275315,0,0,0,1,0,0,1,0
239625,1786553431859.285603,0,0,0,1,0,0,1,0
239626,1786553431860.308692,0,0,0,1,0,0,1,0
239627,1786553431861.315980,0,0,0,1,0,0,1,0
239628,1786553431862.314167,0,0,0,1,0,0,1,0
239629,1786553431863.322154,0,0,0,1,0,0,1,0
239630,1786553431864.330541,0,0,0,1,0,0,1,0
239631,1786553431865.341028,0,0,0,1,0,0,1,0
239632,1786553431866.349416,0,0,0,1,0,0,1,0
239633,1786553431868.048866,0,0,0,1,0,0,1,0
239634,1786553431868.539110,0,0,0,1,0,0,1,0
239635,1786553431869.412484,0,0,0,1,0,0,1,0
239636,1786553431870.425474,0,0,0,1,0,0,1,0
239637,1786553431871.427360,0,0,0,1,0,0,1,0
239638,1786553431872.428747,0,0,0,1,0,0,1,0
239639,1786553431873.436235,0,0,0,1,0,0,1,0
239640,1786553431874.445422,0,0,0,1,0,0,1,0
239641,1786553431875.456010,0,0,0,1,0,0,1,0
239642,1786553431876.469397,0,0,0,1,0,0,1,0
239643,1786553431877.472283,0,0,0,1,0,0,1,0
239644,1786553431878.483170,0,0,0,1,0,0,1,0
239645,1786553431879.492358,0,0,0,1,0,0,1,0
239646,1786553431880.501045,0,0,0,1,0,0,1,0
239647,1786553431881.512534,0,0,0,1,0,0,1,0
239648,1786553431882.520821,0,0,0,1,0,0,1,0
239649,1786553431883.529409,0,0,0,1,0,0,1,0
239650,1786553431884.535696,0,0,0,1,0,0,1,0
239651,1786553431885.546984,0,0,0,1,0,0,1,0
239652,1786553431886.586673,0,0,0,1,0,0,1,0
239653,1786553431887.596760,0,0,0,1,0,0,1,0
239654,1786553431888.603148,0,0,0,1,0,0,1,0
239655,1786553431889.611435,0,0,0,1,0,0,1,0
239656,1786553431890.618924,0,0,0,1,0,0,1,0
239657,1786553431891.625411,0,0,0,1,0,0,1,0
239658,1786553431892.639400,0,0,0,1,0,0,1,0
239659,1786553431893.646887,0,0,0,1,0,0,1,0
239660,1786553431894.655176,0,0,0,1,0,0,1,0
239661,1786553431895.663063,0,0,0,1,0,0,1,0
239662,1786553431896.670350,0,0,0,1,0,0,1,0
239663,1786553431897.785245,0,0,0,1,0,0,1,0
239664,1786553431898.700824,0,0,0,1,0,0,1,0
239665,1786553431899.699209,0,0,0,1,0,0,1,0
239666,1786553431900.708697,0,0,0,1,0,0,1,0
239667,1786553431901.709883,0,0,0,1,0,0,1,0
239668,1786553431902.716470,0,0,0,1,0,0,1,0
239669,1786553431903.719655,0,0,0,1,0,0,1,0
239670,1786553431904.736844,0,0,0,1,0,0,1,0
239671,1786553431905.737931,0,0,0,1,0,0,1,0
239672,1786553431906.747217,0,0,0,1,0,0,1,0
239673,1786553431907.759204,0,0,0,1,0,0,1,0
239674,1786553431908.766792,0,0,0,1,0,0,1,0
239675,1786553431909.778079,0,0,0,1,0,0,1,0
239676,1786553431910.787166,0,0,0,1,0,0,1,0
239677,1786553431911.802154,0,0,0,1,0,0,1,0
239678,1786553431912.805041,0,0,0,1,0,0,1,0
239679,1786553431913.812927,0,0,0,1,0,0,1,0
239680,1786553431914.839416,0,0,0,1,0,0,1,0
239681,1786553431915.840204,0,0,0,1,0,0,1,0
239682,1786553431916.847392,0,0,0,1,0,0,1,0
239683,1786553431917.855980,0,0,0,1,0,0,1,0
239684,1786553431918.867569,0,0,0,1,0,0,1,0
239685,1786553431919.873956,0,0,0,1,0,0,1,0
239686,1786553431920.881443,0,0,0,1,0,0,1,0
239687,1786553431921.887530,0,0,0,1,0,0,1,0
239688,1786553431922.894918,0,0,0,1,0,0,1,0
239689,1786553431923.899904,0,0,0,1,0,0,1,0
239690,1786553431924.921193,0,0,0,1,0,0,1,0
239691,1786553431925.926280,0,0,0,1,0,0,1,0
239692,1786553431927.369305,0,0,0,1,0,0,1,0
239693,1786553431928.342288,0,0,0,1,0,0,1,0
239694,1786553431929.338174,0,0,0,1,0,0,1,0
239695,1786553431930.346861,0,0,0,1,0,0,1,0
239696,1786553431931.353750,0,0,0,1,0,0,1,0
239697,1786553431932.362937,0,0,0,1,0,0,1,0
239698,1786553431933.370424,0,0,0,1,0,0,1,0
239699,1786553431934.379112,0,0,0,1,0,0,1,0
239700,1786553431935.388300,0,0,0,1,0,0,1,0
239701,1786553431936.398285,0,0,0,1,0,0,1,0
239702,1786553431937.407273,0,0,0,1,0,0,1,0
239703,1786553431938.416760,0,0,0,1,0,0,1,0
239704,1786553431939.425548,0,0,0,1,0,0,1,0
239705,1786553431940.443536,0,0,0,1,0,0,1,0
239706,1786553431941.446524,0,0,0,1,0,0,1,0
239707,1786553431942.469612,0,0,0,1,0,0,1,0
239708,1786553431943.469799,0,0,0,1,0,0,1,0
239709,1786553431944.476486,0,0,0,1,0,0,1,0
239710,1786553431945.485874,0,0,0,1,0,0,1,0
239711,1786553431946.493863,0,0,0,1,0,0,1,0
239712,1786553431947.503551,0,0,0,1,0,0,1,0
239713,1786553431948.512937,0,0,0,1,0,0,1,0
239714,1786553431949.521125,0,0,0,1,0,0,1,0
239715,1786553431950.529212,0,0,0,1,0,0,1,0
239716,1786553431951.536200,0,0,0,1,0,0,1,0
239717,1786553431952.544988,0,0,0,1,0,0,1,0
239718,1786553431953.554576,0,0,0,1,0,0,1,0
239719,1786553431954.567064,0,0,0,1,0,0,1,0
239720,1786553431955.576353,0,0,0,1,0,0,1,0
239721,1786553431956.581340,0,0,0,1,0,0,1,0
239722,1786553431957.612829,0,0,0,1,0,0,1,0
239723,1786553431958.605218,0,0,0,1,0,0,1,0
239724,1786553431959.609106,0,0,0,1,0,0,1,0
239725,1786553431960.617693,0,0,0,1,0,0,1,0
239726,1786553431961.629280,0,0,0,1,0,0,1,0
239727,1786553431962.632466,0,0,0,1,0,0,1,0
239728,1786553431963.640455,0,0,0,1,0,0,1,0
239729,1786553431964.648442,0,0,0,1,0,0,1,0
239730,1786553431965.657528,0,0,0,1,0,0,1,0
239731,1786553431966.665014,0,0,0,1,0,0,1,0
239732,1786553431967.673901,0,0,0,1,0,0,1,0
239733,1786553431968.682089,0,0,0,1,0,0,1,0
239734,1786553431969.691976,0,0,0,1,0,0,1,0
239735,1786553431971.329719,0,0,0,1,0,0,1,0
239736,1786553431971.741655,0,0,0,1,0,0,1,0
239737,1786553431972.728740,0,0,0,1,0,0,1,0
239738,1786553431973.740428,0,0,0,1,0,0,1,0
239739,1786553431974.744215,0,0,0,1,0,0,1,0
239740,1786553431975.751603,0,0,0,1,0,0,1,0
239741,1786553431976.758590,0,0,0,1,0,0,1,0
239742,1786553431977.766378,0,0,0,1,0,0,1,0
239743,1786553431978.777865,0,0,0,1,0,0,1,0
239744,1786553431979.785653,0,0,0,1,0,0,1,0
239745,1786553431980.795241,0,0,0,1,0,0,1,0
239746,1786553431981.804130,0,0,0,1,0,0,1,0
239747,1786553431982.811116,0,0,0,1,0,0,1,0
239748,1786553431983.829705,0,0,0,1,0,0,1,0
239749,1786553431984.854394,0,0,0,1,0,0,1,0
239750,1786553431985.850779,0,0,0,1,0,0,1,0
239751,1786553431986.858166,0,0,0,1,0,0,1,0
239752,1786553431987.937660,0,0,0,1,0,0,1,0
239753,1786553431988.945446,0,0,0,1,0,0,1,0
239754,1786553431989.914631,0,0,0,1,0,0,1,0
239755,1786553431990.914818,0,0,0,1,0,0,1,0
239756,1786553431991.921705,0,0,0,1,0,0,1,0
239757,1786553431992.929791,0,0,0,1,0,0,1,0
239758,1786553431994.081592,0,0,0,1,0,0,1,0
239759,1786553431994.955368,0,0,0,1,0,0,1,0
239760,1786553431995.950255,0,0,0,1,0,0,1,0
239761,1786553431996.958343,0,0,0,1,0,0,1,0
239762,1786553431997.966230,0,0,0,1,0,0,1,0
239763,1786553431998.974319,0,0,0,1,0,0,1,0
239764,1786553431999.982606,0,0,0,1,0,0,1,0
239765,1786553432001.051699,0,0,0,1,0,0,1,0
239766,1786553432002.024183,0,0,0,1,0,0,1,0
239767,1786553432003.018871,0,0,0,1,0,0,1,0
239768,1786553432004.031458,0,0,0,1,0,0,1,0
239769,1786553432005.038644,0,0,0,1,0,0,1,0
239770,1786553432006.043332,0,0,0,1,0,0,1,0
239771,1786553432007.055423,0,0,0,1,0,0,1,0
239772,1786553432008.061710,0,0,0,1,0,0,1,0
239773,1786553432009.070197,0,0,0,1,0,0,1,0
239774,1786553432010.075283,0,0,0,1,0,0,1,0
239775,1786553432011.086170,0,0,0,1,0,0,1,0
239776,1786553432012.093158,0,0,0,1,0,0,1,0
239777,1786553432013.104346,0,0,0,1,0,0,1,0
239778,1786553432014.110434,0,0,0,1,0,0,1,0
239779,1786553432015.120920,0,0,0,1,0,0,1,0
239780,1786553432016.146110,0,0,0,1,0,0,1,0
239781,1786553432017.150799,0,0,0,1,0,0,1,0
239782,1786553432018.158085,0,0,0,1,0,0,1,0
239783,1786553432019.164974,0,0,0,1,0,0,1,0
239784,1786553432020.187962,0,0,0,1,0,0,1,0
239785,1786553432021.187150,0,0,0,1,0,0,1,0
239786,1786553432022.196337,0,0,0,1,0,0,1,0
239787,1786553432023.199325,0,0,0,1,0,0,1,0
239788,1786553432024.207212,0,0,0,1,0,0,1,0
239789,1786553432025.216901,0,0,0,1,0,0,1,0
239790,1786553432026.225187,0,0,0,1,0,0,1,0
239791,1786553432027.233575,0,0,0,1,0,0,1,0
239792,1786553432028.243063,0,0,0,1,0,0,1,0
239793,1786553432029.253152,0,0,0,1,0,0,1,0
239794,1786553432030.262240,0,0,0,1,0,0,1,0
239795,1786553432031.269528,0,0,0,1,0,0,1,0
239796,1786553432032.297918,0,0,0,1,0,0,1,0
239797,1786553432033.293104,0,0,0,1,0,0,1,0
239798,1786553432034.368797,0,0,0,1,0,0,1,0
239799,1786553432035.321181,0,0,0,1,0,0,1,0
239800,1786553432036.334869,0,0,0,1,0,0,1,0
239801,1786553432037.333955,0,0,0,1,0,0,1,0
239802,1786553432038.341842,0,0,0,1,0,0,1,0
239803,1786553432039.349528,0,0,0,1,0,0,1,0
239804,1786553432040.357218,0,0,0,1,0,0,1,0
239805,1786553432041.363705,0,0,0,1,0,0,1,0
239806,1786553432042.372293,0,0,0,1,0,0,1,0
239807,1786553432043.380480,0,0,0,1,0,0,1,0
239808,1786553432044.388068,0,0,0,1,0,0,1,0
239809,1786553432045.398955,0,0,0,1,0,0,1,0
239810,1786553432046.405243,0,0,0,1,0,0,1,0
239811,1786553432047.423434,0,0,0,1,0,0,1,0
239812,1786553432048.429322,0,0,0,1,0,0,1,0
239813,1786553432049.436210,0,0,0,1,0,0,1,0
239814,1786553432050.443997,0,0,0,1,0,0,1,0
239815,1786553432051.452085,0,0,0,1,0,0,1,0
239816,1786553432052.465874,0,0,0,1,0,0,1,0
239817,1786553432053.470260,0,0,0,1,0,0,1,0
239818,1786553432054.477446,0,0,0,1,0,0,1,0
239819,1786553432055.485932,0,0,0,1,0,0,1,0
239820,1786553432056.493121,0,0,0,1,0,0,1,0
239821,1786553432057.500708,0,0,0,1,0,0,1,0
239822,1786553432058.508897,0,0,0,1,0,0,1,0
239823,1786553432059.517186,0,0,0,1,0,0,1,0
239824,1786553432060.524573,0,0,0,1,0,0,1,0
239825,1786553432061.532760,0,0,0,1,0,0,1,0
239826,1786553432062.604953,0,0,0,1,0,0,1,0
239827,1786553432063.556336,0,0,0,1,0,0,1,0
239828,1786553432064.563423,0,0,0,1,0,0,1,0
239829,1786553432065.570612,0,0,0,1,0,0,1,0
239830,1786553432066.578998,0,0,0,1,0,0,1,0
239831,1786553432067.591986,0,0,0,1,0,0,1,0
239832,1786553432068.598874,0,0,0,1,0,0,1,0
239833,1786553432069.620763,0,0,0,1,0,0,1,0
239834,1786553432070.619351,0,0,0,1,0,0,1,0
239835,1786553432071.627638,0,0,0,1,0,0,1,0
239836,1786553432072.637626,0,0,0,1,0,0,1,0
239837,1786553432073.643614,0,0,0,1,0,0,1,0
239838,1786553432074.654400,0,0,0,1,0,0,1,0
239839,1786553432075.658988,0,0,0,1,0,0,1,0
239840,1786553432076.671175,0,0,0,1,0,0,1,0
239841,1786553432077.702264,0,0,0,1,0,0,1,0
239842,1786553432078.690951,0,0,0,1,0,0,1,0
239843,1786553432079.698038,0,0,0,1,0,0,1,0
239844,1786553432080.702326,0,0,0,1,0,0,1,0
239845,1786553432081.713013,0,0,0,1,0,0,1,0
239846,1786553432082.719300,0,0,0,1,0,0,1,0
239847,1786553432083.732788,0,0,0,1,0,0,1,0
239848,1786553432084.739776,0,0,0,1,0,0,1,0
239849,1786553432085.751365,0,0,0,1,0,0,1,0
239850,1786553432086.759651,0,0,0,1,0,0,1,0
239851,1786553432087.767138,0,0,0,1,0,0,1,0
239852,1786553432088.780926,0,0,0,1,0,0,1,0
239853,1786553432089.789414,0,0,0,1,0,0,1,0
239854,1786553432090.798401,0,0,0,1,0,0,1,0
239855,1786553432091.805989,0,0,0,1,0,0,1,0
239856,1786553432092.815576,0,0,0,1,0,0,1,0
239857,1786553432094.634032,0,0,0,1,0,0,1,0
239858,1786553432095.644019,0,0,0,1,0,0,1,0
239859,1786553432096.658307,0,0,0,1,0,0,1,0
239860,1786553432097.648892,0,0,0,1,0,0,1,0
239861,1786553432098.655981,0,0,0,1,0,0,1,0
239862,1786553432099.664167,0,0,0,1,0,0,1,0
239863,1786553432100.670652,0,0,0,1,0,0,1,0
239864,1786553432101.692841,0,0,0,1,0,0,1,0
239865,1786553432102.696827,0,0,0,1,0,0,1,0
239866,1786553432103.708615,0,0,0,1,0,0,1,0
239867,1786553432104.715002,0,0,0,1,0,0,1,0
239868,1786553432105.722889,0,0,0,1,0,0,1,0
239869,1786553432106.727075,0,0,0,1,0,0,1,0
239870,1786553432107.736863,0,0,0,1,0,0,1,0
239871,1786553432108.753252,0,0,0,1,0,0,1,0
239872,1786553432109.758338,0,0,0,1,0,0,1,0
239873,1786553432110.767626,0,0,0,1,0,0,1,0
239874,1786553432111.777513,0,0,0,1,0,0,1,0
239875,1786553432112.783802,0,0,0,1,0,0,1,0
239876,1786553432113.790988,0,0,0,1,0,0,1,0
239877,1786553432114.807877,0,0,0,1,0,0,1,0
239878,1786553432115.806263,0,0,0,1,0,0,1,0
239879,1786553432116.813551,0,0,0,1,0,0,1,0
239880,1786553432117.855343,0,0,0,1,0,0,1,0
239881,1786553432118.847129,0,0,0,1,0,0,1,0
239882,1786553432119.854717,0,0,0,1,0,0,1,0
239883,1786553432120.857505,0,0,0,1,0,0,1,0
239884,1786553432121.871792,0,0,0,1,0,0,1,0
239885,1786553432122.879380,0,0,0,1,0,0,1,0
239886,1786553432123.909271,0,0,0,1,0,0,1,0
239887,1786553432124.925160,0,0,0,1,0,0,1,0
239888,1786553432125.912645,0,0,0,1,0,0,1,0
239889,1786553432126.917032,0,0,0,1,0,0,1,0
239890,1786553432127.924119,0,0,0,1,0,0,1,0
239891,1786553432128.930907,0,0,0,1,0,0,1,0
239892,1786553432129.937796,0,0,0,1,0,0,1,0
239893,1786553432130.948183,0,0,0,1,0,0,1,0
239894,1786553432131.955670,0,0,0,1,0,0,1,0
239895,1786553432132.963656,0,0,0,1,0,0,1,0
239896,1786553432133.991046,0,0,0,1,0,0,1,0
239897,1786553432134.992033,0,0,0,1,0,0,1,0
239898,1786553432136.002419,0,0,0,1,0,0,1,0
239899,1786553432137.007908,0,0,0,1,0,0,1,0
239900,1786553432138.033297,0,0,0,1,0,0,1,0
239901,1786553432139.064788,0,0,0,1,0,0,1,0
239902,1786553432140.040073,0,0,0,1,0,0,1,0
239903,1786553432141.052762,0,0,0,1,0,0,1,0
239904,1786553432142.058348,0,0,0,1,0,0,1,0
239905,1786553432143.066937,0,0,0,1,0,0,1,0
239906,1786553432144.076825,0,0,0,1,0,0,1,0
239907,1786553432145.084512,0,0,0,1,0,0,1,0
239908,1786553432146.123203,0,0,0,1,0,0,1,0
239909,1786553432147.111888,0,0,0,1,0,0,1,0
239910,1786553432148.121477,0,0,0,1,0,0,1,0
239911,1786553432149.133364,0,0,0,1,0,0,1,0
239912,1786553432150.146052,0,0,0,1,0,0,1,0
239913,1786553432151.155440,0,0,0,1,0,0,1,0
239914,1786553432152.161627,0,0,0,1,0,0,1,0
239915,1786553432153.166014,0,0,0,1,0,0,1,0
239916,1786553432154.192403,0,0,0,1,0,0,1,0
239917,1786553432155.187090,0,0,0,1,0,0,1,0
239918,1786553432156.193977,0,0,0,1,0,0,1,0
239919,1786553432157.202764,0,0,0,1,0,0,1,0
239920,1786553432158.210651,0,0,0,1,0,0,1,0
239921,1786553432159.219938,0,0,0,1,0,0,1,0
239922,1786553432160.228325,0,0,0,1,0,0,1,0
239923,1786553432161.238012,0,0,0,1,0,0,1,0
239924,1786553432162.246401,0,0,0,1,0,0,1,0
239925,1786553432163.254887,0,0,0,1,0,0,1,0
239926,1786553432164.263575,0,0,0,1,0,0,1,0
239927,1786553432165.273065,0,0,0,1,0,0,1,0
239928,1786553432166.286451,0,0,0,1,0,0,1,0
239929,1786553432167.310041,0,0,0,1,0,0,1,0
239930,1786553432168.312429,0,0,0,1,0,0,1,0
239931,1786553432169.321117,0,0,0,1,0,0,1,0
239932,1786553432170.334504,0,0,0,1,0,0,1,0
239933,1786553432171.338191,0,0,0,1,0,0,1,0
239934,1786553432172.360580,0,0,0,1,0,0,1,0
239935,1786553432173.360567,0,0,0,1,0,0,1,0
239936,1786553432174.362654,0,0,0,1,0,0,1,0
239937,1786553432175.368642,0,0,0,1,0,0,1,0
239938,1786553432176.380331,0,0,0,1,0,0,1,0
239939,1786553432177.385518,0,0,0,1,0,0,1,0
239940,1786553432178.397107,0,0,0,1,0,0,1,0
239941,1786553432179.403393,0,0,0,1,0,0,1,0
239942,1786553432180.413480,0,0,0,1,0,0,1,0
239943,1786553432181.424068,0,0,0,1,0,0,1,0
239944,1786553432182.431457,0,0,0,1,0,0,1,0
239945,1786553432183.454345,0,0,0,1,0,0,1,0
239946,1786553432184.455532,0,0,0,1,0,0,1,0
239947,1786553432185.659637,0,0,0,1,0,0,1,0
239948,1786553432186.521513,0,0,0,1,0,0,1,0
239949,1786553432187.516298,0,0,0,1,0,0,1,0
239950,1786553432188.498883,0,0,0,1,0,0,1,0
239951,1786553432189.516572,0,0,0,1,0,0,1,0
239952,1786553432190.549562,0,0,0,1,0,0,1,0
239953,1786553432191.526946,0,0,0,1,0,0,1,0
239954,1786553432192.539835,0,0,0,1,0,0,1,0
239955,1786553432193.554024,0,0,0,1,0,0,1,0
239956,1786553432194.561712,0,0,0,1,0,0,1,0
239957,1786553432195.569800,0,0,0,1,0,0,1,0
239958,1786553432196.575487,0,0,0,1,0,0,1,0
239959,1786553432197.584274,0,0,0,1,0,0,1,0
239960,1786553432198.600263,0,0,0,1,0,0,1,0
239961,1786553432199.627352,0,0,0,1,0,0,1,0
239962,1786553432200.628238,0,0,0,1,0,0,1,0
239963,1786553432201.635028,0,0,0,1,0,0,1,0
239964,1786553432202.643615,0,0,0,1,0,0,1,0
239965,1786553432203.649704,0,0,0,1,0,0,1,0
239966,1786553432204.654991,0,0,0,1,0,0,1,0
239967,1786553432205.664180,0,0,0,1,0,0,1,0
239968,1786553432206.671266,0,0,0,1,0,0,1,0
239969,1786553432207.680854,0,0,0,1,0,0,1,0
239970,1786553432208.688741,0,0,0,1,0,0,1,0
239971,1786553432209.697628,0,0,0,1,0,0,1,0
239972,1786553432210.704515,0,0,0,1,0,0,1,0
239973,1786553432211.711802,0,0,0,1,0,0,1,0
239974,1786553432212.719890,0,0,0,1,0,0,1,0
239975,1786553432213.727077,0,0,0,1,0,0,1,0
239976,1786553432214.763366,0,0,0,1,0,0,1,0
239977,1786553432215.777853,0,0,0,1,0,0,1,0
239978,1786553432216.785141,0,0,0,1,0,0,1,0
239979,1786553432217.788128,0,0,0,1,0,0,1,0
239980,1786553432218.799116,0,0,0,1,0,0,1,0
239981,1786553432219.808203,0,0,0,1,0,0,1,0
239982,1786553432220.812291,0,0,0,1,0,0,1,0
239983,1786553432221.829379,0,0,0,1,0,0,1,0
239984,1786553432222.837767,0,0,0,1,0,0,1,0
239985,1786553432223.843655,0,0,0,1,0,0,1,0
239986,1786553432224.859544,0,0,0,1,0,0,1,0
239987,1786553432225.861231,0,0,0,1,0,0,1,0
239988,1786553432226.870319,0,0,0,1,0,0,1,0
239989,1786553432227.878305,0,0,0,1,0,0,1,0
239990,1786553432228.886493,0,0,0,1,0,0,1,0
239991,1786553432229.911782,0,0,0,1,0,0,1,0
239992,1786553432230.911068,0,0,0,1,0,0,1,0
239993,1786553432231.923957,0,0,0,1,0,0,1,0
239994,1786553432232.929045,0,0,0,1,0,0,1,0
239995,1786553432233.935733,0,0,0,1,0,0,1,0
239996,1786553432234.952822,0,0,0,1,0,0,1,0
239997,1786553432235.950908,0,0,0,1,0,0,1,0
239998,1786553432236.958396,0,0,0,1,0,0,1,0
239999,1786553432237.966384,0,0,0,1,0,0,1,0
240000,1786553432238.976871,0,0,0,1,0,0,1,0
240001,1786553432239.984558,0,0,0,1,0,0,1,0
240002,1786553432240.990744,0,0,0,1,0,0,1,0
240003,1786553432241.998632,0,0,0,1,0,0,1,0
240004,1786553432243.007719,0,0,0,1,0,0,1,0
240005,1786553432244.016507,0,0,0,1,0,0,1,0
240006,1786553432245.209412,0,0,0,1,0,0,1,0
240007,1786553432246.204997,0,0,0,1,0,0,1,0
240008,1786553432247.210785,0,0,0,1,0,0,1,0
240009,1786553432248.219272,0,0,0,1,0,0,1,0
240010,1786553432249.221359,0,0,0,1,0,0,1,0
240011,1786553432250.227147,0,0,0,1,0,0,1,0
240012,1786553432251.232533,0,0,0,1,0,0,1,0
240013,1786553432252.238319,0,0,0,1,0,0,1,0
240014,1786553432253.246008,0,0,0,1,0,0,1,0
240015,1786553432254.253495,0,0,0,1,0,0,1,0
240016,1786553432255.260883,0,0,0,1,0,0,1,0
240017,1786553432256.269571,0,0,0,1,0,0,1,0
240018,1786553432257.276757,0,0,0,1,0,0,1,0
240019,1786553432258.283645,0,0,0,1,0,0,1,0
240020,1786553432259.299332,0,0,0,1,0,0,1,0
240021,1786553432260.303220,0,0,0,1,0,0,1,0
240022,1786553432261.309607,0,0,0,1,0,0,1,0
240023,1786553432262.317296,0,0,0,1,0,0,1,0
240024,1786553432263.324083,0,0,0,1,0,0,1,0
240025,1786553432264.335170,0,0,0,1,0,0,1,0
240026,1786553432265.343358,0,0,0,1,0,0,1,0
240027,1786553432266.348046,0,0,0,1,0,0,1,0
240028,1786553432267.357436,0,0,0,1,0,0,1,0
240029,1786553432268.364823,0,0,0,1,0,0,1,0
240030,1786553432269.375312,0,0,0,1,0,0,1,0
240031,1786553432270.379499,0,0,0,1,0,0,1,0
240032,1786553432271.390088,0,0,0,1,0,0,1,0
240033,1786553432272.396076,0,0,0,1,0,0,1,0
240034,1786553432273.405965,0,0,0,1,0,0,1,0
240035,1786553432274.411452,0,0,0,1,0,0,1,0
240036,1786553432275.439841,0,0,0,1,0,0,1,0
240037,1786553432276.433427,0,0,0,1,0,0,1,0
240038,1786553432277.439314,0,0,0,1,0,0,1,0
240039,1786553432278.446901,0,0,0,1,0,0,1,0
240040,1786553432279.454089,0,0,0,1,0,0,1,0
240041,1786553432280.467477,0,0,0,1,0,0,1,0
240042,1786553432281.471064,0,0,0,1,0,0,1,0
240043,1786553432282.481851,0,0,0,1,0,0,1,0
240044,1786553432283.485938,0,0,0,1,0,0,1,0
240045,1786553432284.492725,0,0,0,1,0,0,1,0
240046,1786553432285.501112,0,0,0,1,0,0,1,0
240047,1786553432286.532000,0,0,0,1,0,0,1,0
240048,1786553432287.515488,0,0,0,1,0,0,1,0
240049,1786553432288.523076,0,0,0,1,0,0,1,0
240050,1786553432289.550464,0,0,0,1,0,0,1,0
240051,1786553432290.568055,0,0,0,1,0,0,1,0
240052,1786553432291.554540,0,0,0,1,0,0,1,0
240053,1786553432292.564528,0,0,0,1,0,0,1,0
240054,1786553432293.571716,0,0,0,1,0,0,1,0
240055,1786553432294.582105,0,0,0,1,0,0,1,0
240056,1786553432295.587993,0,0,0,1,0,0,1,0
240057,1786553432296.606483,0,0,0,1,0,0,1,0
240058,1786553432297.609571,0,0,0,1,0,0,1,0
240059,1786553432298.615959,0,0,0,1,0,0,1,0
240060,1786553432299.625948,0,0,0,1,0,0,1,0
240061,1786553432300.630937,0,0,0,1,0,0,1,0
240062,1786553432301.641725,0,0,0,1,0,0,1,0
240063,1786553432302.646412,0,0,0,1,0,0,1,0
240064,1786553432303.656199,0,0,0,1,0,0,1,0
240065,1786553432304.661786,0,0,0,1,0,0,1,0
240066,1786553432306.078210,0,0,0,1,0,0,1,0
240067,1786553432307.087899,0,0,0,1,0,0,1,0
240068,1786553432308.049483,0,0,0,1,0,0,1,0
240069,1786553432309.055169,0,0,0,1,0,0,1,0
240070,1786553432310.063359,0,0,0,1,0,0,1,0
240071,1786553432311.069746,0,0,0,1,0,0,1,0
240072,1786553432312.078633,0,0,0,1,0,0,1,0
240073,1786553432313.096522,0,0,0,1,0,0,1,0
240074,1786553432314.096208,0,0,0,1,0,0,1,0
240075,1786553432315.109796,0,0,0,1,0,0,1,0
240076,1786553432316.111184,0,0,0,1,0,0,1,0
240077,1786553432317.121673,0,0,0,1,0,0,1,0
240078,1786553432318.127761,0,0,0,1,0,0,1,0
240079,1786553432319.136946,0,0,0,1,0,0,1,0
240080,1786553432320.142633,0,0,0,1,0,0,1,0
240081,1786553432321.193322,0,0,0,1,0,0,1,0
240082,1786553432322.168207,0,0,0,1,0,0,1,0
240083,1786553432323.179496,0,0,0,1,0,0,1,0
240084,1786553432324.182083,0,0,0,1,0,0,1,0
240085,1786553432325.189670,0,0,0,1,0,0,1,0
240086,1786553432326.196158,0,0,0,1,0,0,1,0
240087,1786553432327.205745,0,0,0,1,0,0,1,0
240088,1786553432328.213933,0,0,0,1,0,0,1,0
240089,1786553432329.235222,0,0,0,1,0,0,1,0
240090,1786553432330.234809,0,0,0,1,0,0,1,0
240091,1786553432331.242098,0,0,0,1,0,0,1,0
240092,1786553432332.248986,0,0,0,1,0,0,1,0
240093,1786553432333.258973,0,0,0,1,0,0,1,0
240094,1786553432334.267262,0,0,0,1,0,0,1,0
240095,1786553432335.276349,0,0,0,1,0,0,1,0
240096,1786553432336.297035,0,0,0,1,0,0,1,0
240097,1786553432337.312524,0,0,0,1,0,0,1,0
240098,1786553432338.307811,0,0,0,1,0,0,1,0
240099,1786553432339.315598,0,0,0,1,0,0,1,0
240100,1786553432340.318686,0,0,0,1,0,0,1,0
240101,1786553432341.326373,0,0,0,1,0,0,1,0
240102,1786553432342.332060,0,0,0,1,0,0,1,0
240103,1786553432343.345349,0,0,0,1,0,0,1,0
240104,1786553432344.349637,0,0,0,1,0,0,1,0
240105,1786553432345.375925,0,0,0,1,0,0,1,0
240106,1786553432346.381813,0,0,0,1,0,0,1,0
240107,1786553432347.378199,0,0,0,1,0,0,1,0
240108,1786553432348.385886,0,0,0,1,0,0,1,0
240109,1786553432349.392673,0,0,0,1,0,0,1,0
240110,1786553432350.402161,0,0,0,1,0,0,1,0
240111,1786553432351.416350,0,0,0,1,0,0,1,0
240112,1786553432352.422136,0,0,0,1,0,0,1,0
240113,1786553432353.429423,0,0,0,1,0,0,1,0
240114,1786553432354.436310,0,0,0,1,0,0,1,0
240115,1786553432355.444999,0,0,0,1,0,0,1,0
240116,1786553432356.452688,0,0,0,1,0,0,1,0
240117,1786553432357.460375,0,0,0,1,0,0,1,0
240118,1786553432358.468060,0,0,0,1,0,0,1,0
240119,1786553432359.476549,0,0,0,1,0,0,1,0
240120,1786553432360.484639,0,0,0,1,0,0,1,0
240121,1786553432361.492226,0,0,0,1,0,0,1,0
240122,1786553432362.507713,0,0,0,1,0,0,1,0
240123,1786553432363.513102,0,0,0,1,0,0,1,0
240124,1786553432364.518489,0,0,0,1,0,0,1,0
240125,1786553432365.527179,0,0,0,1,0,0,1,0
240126,1786553432366.542768,0,0,0,1,0,0,1,0
240127,1786553432367.562855,0,0,0,1,0,0,1,0
240128,1786553432368.555540,0,0,0,1,0,0,1,0
240129,1786553432369.564328,0,0,0,1,0,0,1,0
240130,1786553432370.571614,0,0,0,1,0,0,1,0
240131,1786553432371.580904,0,0,0,1,0,0,1,0
240132,1786553432372.587393,0,0,0,1,0,0,1,0
240133,1786553432373.596079,0,0,0,1,0,0,1,0
240134,1786553432374.602767,0,0,0,1,0,0,1,0
240135,1786553432375.609955,0,0,0,1,0,0,1,0
240136,1786553432376.616543,0,0,0,1,0,0,1,0
240137,1786553432377.624731,0,0,0,1,0,0,1,0
240138,1786553432378.638019,0,0,0,1,0,0,1,0
240139,1786553432379.644308,0,0,0,1,0,0,1,0
240140,1786553432380.651595,0,0,0,1,0,0,1,0
240141,1786553432381.672783,0,0,0,1,0,0,1,0
240142,1786553432382.679269,0,0,0,1,0,0,1,0
240143,1786553432383.683456,0,0,0,1,0,0,1,0
240144,1786553432384.686543,0,0,0,1,0,0,1,0
240145,1786553432385.697932,0,0,0,1,0,0,1,0
240146,1786553432386.702818,0,0,0,1,0,0,1,0
240147,1786553432387.710906,0,0,0,1,0,0,1,0
240148,1786553432388.716394,0,0,0,1,0,0,1,0
240149,1786553432389.739784,0,0,0,1,0,0,1,0
240150,1786553432390.733269,0,0,0,1,0,0,1,0
240151,1786553432391.741057,0,0,0,1,0,0,1,0
240152,1786553432392.748845,0,0,0,1,0,0,1,0
240153,1786553432393.756231,0,0,0,1,0,0,1,0
240154,1786553432394.814123,0,0,0,1,0,0,1,0
240155,1786553432395.781707,0,0,0,1,0,0,1,0
240156,1786553432396.785994,0,0,0,1,0,0,1,0
240157,1786553432398.430638,0,0,0,1,0,0,1,0
240158,1786553432398.837373,0,0,0,1,0,0,1,0
240159,1786553432399.839660,0,0,0,1,0,0,1,0
240160,1786553432400.844148,0,0,0,1,0,0,1,0
240161,1786553432401.850735,0,0,0,1,0,0,1,0
240162,1786553432402.853422,0,0,0,1,0,0,1,0
240163,1786553432403.865109,0,0,0,1,0,0,1,0
240164,1786553432404.880397,0,0,0,1,0,0,1,0
240165,1786553432405.879985,0,0,0,1,0,0,1,0
240166,1786553432406.885571,0,0,0,1,0,0,1,0
240167,1786553432407.893460,0,0,0,1,0,0,1,0
240168,1786553432408.903247,0,0,0,1,0,0,1,0
240169,1786553432409.910735,0,0,0,1,0,0,1,0
240170,1786553432410.926823,0,0,0,1,0,0,1,0
240171,1786553432411.931010,0,0,0,1,0,0,1,0
240172,1786553432412.966401,0,0,0,1,0,0,1,0
240173,1786553432413.961888,0,0,0,1,0,0,1,0
240174,1786553432414.960574,0,0,0,1,0,0,1,0
240175,1786553432415.967762,0,0,0,1,0,0,1,0
240176,1786553432416.974447,0,0,0,1,0,0,1,0
240177,1786553432417.980434,0,0,0,1,0,0,1,0
240178,1786553432418.988123,0,0,0,1,0,0,1,0
240179,1786553432419.996011,0,0,0,1,0,0,1,0
240180,1786553432421.005299,0,0,0,1,0,0,1,0
240181,1786553432422.012084,0,0,0,1,0,0,1,0
240182,1786553432423.021971,0,0,0,1,0,0,1,0
240183,1786553432424.029557,0,0,0,1,0,0,1,0
240184,1786553432425.038745,0,0,0,1,0,0,1,0
240185,1786553432426.046831,0,0,0,1,0,0,1,0
240186,1786553432427.061322,0,0,0,1,0,0,1,0
240187,1786553432428.066609,0,0,0,1,0,0,1,0
240188,1786553432429.093698,0,0,0,1,0,0,1,0
240189,1786553432430.093685,0,0,0,1,0,0,1,0
240190,1786553432431.098172,0,0,0,1,0,0,1,0
240191,1786553432432.104157,0,0,0,1,0,0,1,0
240192,1786553432433.114647,0,0,0,1,0,0,1,0
240193,1786553432434.122635,0,0,0,1,0,0,1,0
240194,1786553432435.127623,0,0,0,1,0,0,1,0
240195,1786553432436.135009,0,0,0,1,0,0,1,0
240196,1786553432437.140196,0,0,0,1,0,0,1,0
240197,1786553432438.146681,0,0,0,1,0,0,1,0
240198,1786553432439.154970,0,0,0,1,0,0,1,0
240199,1786553432440.163757,0,0,0,1,0,0,1,0
240200,1786553432441.172745,0,0,0,1,0,0,1,0
240201,1786553432442.180633,0,0,0,1,0,0,1,0
240202,1786553432443.196721,0,0,0,1,0,0,1,0
240203,1786553432444.206610,0,0,0,1,0,0,1,0
240204,1786553432445.212298,0,0,0,1,0,0,1,0
240205,1786553432446.216985,0,0,0,1,0,0,1,0
240206,1786553432447.223973,0,0,0,1,0,0,1,0
240207,1786553432448.231860,0,0,0,1,0,0,1,0
240208,1786553432449.239249,0,0,0,1,0,0,1,0
240209,1786553432450.247838,0,0,0,1,0,0,1,0
240210,1786553432451.255526,0,0,0,1,0,0,1,0
240211,1786553432452.263614,0,0,0,1,0,0,1,0
240212,1786553432453.273702,0,0,0,1,0,0,1,0
240213,1786553432454.279391,0,0,0,1,0,0,1,0
240214,1786553432455.289678,0,0,0,1,0,0,1,0
240215,1786553432456.295266,0,0,0,1,0,0,1,0
240216,1786553432457.305553,0,0,0,1,0,0,1,0
240217,1786553432458.311440,0,0,0,1,0,0,1,0
240218,1786553432459.322628,0,0,0,1,0,0,1,0
240219,1786553432460.381119,0,0,0,1,0,0,1,0
240220,1786553432461.362806,0,0,0,1,0,0,1,0
240221,1786553432462.357493,0,0,0,1,0,0,1,0
240222,1786553432463.366282,0,0,0,1,0,0,1,0
240223,1786553432464.371469,0,0,0,1,0,0,1,0
240224,1786553432465.391060,0,0,0,1,0,0,1,0
240225,1786553432466.387348,0,0,0,1,0,0,1,0
240226,1786553432467.395736,0,0,0,1,0,0,1,0
240227,1786553432468.403723,0,0,0,1,0,0,1,0
240228,1786553432469.410811,0,0,0,1,0,0,1,0
240229,1786553432470.417699,0,0,0,1,0,0,1,0
240230,1786553432471.428087,0,0,0,1,0,0,1,0
240231,1786553432472.434874,0,0,0,1,0,0,1,0
240232,1786553432473.443262,0,0,0,1,0,0,1,0
240233,1786553432474.454849,0,0,0,1,0,0,1,0
240234,1786553432475.689358,0,0,0,1,0,0,1,0
240235,1786553432476.499229,0,0,0,1,0,0,1,0
240236,1786553432477.513816,0,0,0,1,0,0,1,0
240237,1786553432478.507103,0,0,0,1,0,0,1,0
240238,1786553432479.517489,0,0,0,1,0,0,1,0
240239,1786553432480.522777,0,0,0,1,0,0,1,0
240240,1786553432481.534466,0,0,0,1,0,0,1,0
240241,1786553432482.542353,0,0,0,1,0,0,1,0
240242,1786553432483.549542,0,0,0,1,0,0,1,0
240243,1786553432484.557828,0,0,0,1,0,0,1,0
240244,1786553432485.567915,0,0,0,1,0,0,1,0
240245,1786553432486.576102,0,0,0,1,0,0,1,0
240246,1786553432487.584889,0,0,0,1,0,0,1,0
240247,1786553432488.622778,0,0,0,1,0,0,1,0
240248,1786553432489.651168,0,0,0,1,0,0,1,0
240249,1786553432490.660858,0,0,0,1,0,0,1,0
240250,1786553432491.680246,0,0,0,1,0,0,1,0
240251,1786553432492.647329,0,0,0,1,0,0,1,0
240252,1786553432493.667017,0,0,0,1,0,0,1,0
240253,1786553432494.677907,0,0,0,1,0,0,1,0
240254,1786553432495.688395,0,0,0,1,0,0,1,0
240255,1786553432496.695282,0,0,0,1,0,0,1,0
240256,1786553432497.717670,0,0,0,1,0,0,1,0
240257,1786553432498.722656,0,0,0,1,0,0,1,0
240258,1786553432499.729243,0,0,0,1,0,0,1,0
240259,1786553432500.732731,0,0,0,1,0,0,1,0
240260,1786553432501.740218,0,0,0,1,0,0,1,0
240261,1786553432502.748506,0,0,0,1,0,0,1,0
240262,1786553432503.756495,0,0,0,1,0,0,1,0
240263,1786553432504.802584,0,0,0,1,0,0,1,0
240264,1786553432505.801670,0,0,0,1,0,0,1,0
240265,1786553432506.792357,0,0,0,1,0,0,1,0
240266,1786553432507.814247,0,0,0,1,0,0,1,0
240267,1786553432508.814533,0,0,0,1,0,0,1,0
240268,1786553432509.835621,0,0,0,1,0,0,1,0
240269,1786553432510.837608,0,0,0,1,0,0,1,0
240270,1786553432511.845096,0,0,0,1,0,0,1,0
240271,1786553432512.853085,0,0,0,1,0,0,1,0
240272,1786553432513.862072,0,0,0,1,0,0,1,0
240273,1786553432514.882161,0,0,0,1,0,0,1,0
240274,1786553432515.880048,0,0,0,1,0,0,1,0
240275,1786553432516.885834,0,0,0,1,0,0,1,0
240276,1786553432517.896521,0,0,0,1,0,0,1,0
240277,1786553432518.905009,0,0,0,1,0,0,1,0
240278,1786553432519.921297,0,0,0,1,0,0,1,0
240279,1786553432520.924683,0,0,0,1,0,0,1,0
240280,1786553432521.932670,0,0,0,1,0,0,1,0
240281,1786553432522.938258,0,0,0,1,0,0,1,0
240282,1786553432523.949046,0,0,0,1,0,0,1,0
240283,1786553432524.971535,0,0,0,1,0,0,1,0
240284,1786553432525.975522,0,0,0,1,0,0,1,0
240285,1786553432526.995211,0,0,0,1,0,0,1,0
240286,1786553432527.990897,0,0,0,1,0,0,1,0
240287,1786553432528.993584,0,0,0,1,0,0,1,0
240288,1786553432530.001171,0,0,0,1,0,0,1,0
240289,1786553432531.009760,0,0,0,1,0,0,1,0
240290,1786553432532.021149,0,0,0,1,0,0,1,0
240291,1786553432533.029336,0,0,0,1,0,0,1,0
240292,1786553432534.037723,0,0,0,1,0,0,1,0
240293,1786553432535.046812,0,0,0,1,0,0,1,0
240294,1786553432536.067599,0,0,0,1,0,0,1,0
240295,1786553432537.069286,0,0,0,1,0,0,1,0
240296,1786553432538.075875,0,0,0,1,0,0,1,0
240297,1786553432539.084163,0,0,0,1,0,0,1,0
240298,1786553432540.092150,0,0,0,1,0,0,1,0
240299,1786553432541.108637,0,0,0,1,0,0,1,0
240300,1786553432542.113625,0,0,0,1,0,0,1,0
240301,1786553432543.118913,0,0,0,1,0,0,1,0
240302,1786553432544.128600,0,0,0,1,0,0,1,0
240303,1786553432545.136988,0,0,0,1,0,0,1,0
240304,1786553432546.145177,0,0,0,1,0,0,1,0
240305,1786553432547.154864,0,0,0,1,0,0,1,0
240306,1786553432548.164852,0,0,0,1,0,0,1,0
240307,1786553432549.172739,0,0,0,1,0,0,1,0
240308,1786553432550.181327,0,0,0,1,0,0,1,0
240309,1786553432551.196214,0,0,0,1,0,0,1,0
240310,1786553432552.199700,0,0,0,1,0,0,1,0
240311,1786553432553.207988,0,0,0,1,0,0,1,0
240312,1786553432554.217176,0,0,0,1,0,0,1,0
240313,1786553432555.329672,0,0,0,1,0,0,1,0
240314,1786553432556.325658,0,0,0,1,0,0,1,0
240315,1786553432557.343745,0,0,0,1,0,0,1,0
240316,1786553432558.346831,0,0,0,1,0,0,1,0
240317,1786553432559.354818,0,0,0,1,0,0,1,0
240318,1786553432560.363406,0,0,0,1,0,0,1,0
240319,1786553432561.372194,0,0,0,1,0,0,1,0
240320,1786553432562.382281,0,0,0,1,0,0,1,0
240321,1786553432563.389368,0,0,0,1,0,0,1,0
240322,1786553432564.399457,0,0,0,1,0,0,1,0
240323,1786553432565.410647,0,0,0,1,0,0,1,0
240324,1786553432566.961783,0,0,0,1,0,0,1,0
240325,1786553432567.619037,0,0,0,1,0,0,1,0
240326,1786553432568.466311,0,0,0,1,0,0,1,0
240327,1786553432569.465598,0,0,0,1,0,0,1,0
240328,1786553432570.536793,0,0,0,1,0,0,1,0
240329,1786553432571.485274,0,0,0,1,0,0,1,0
240330,1786553432572.503463,0,0,0,1,0,0,1,0
240331,1786553432573.507149,0,0,0,1,0,0,1,0
240332,1786553432574.529236,0,0,0,1,0,0,1,0
240333,1786553432575.532424,0,0,0,1,0,0,1,0
240334,1786553432576.537911,0,0,0,1,0,0,1,0
240335,1786553432577.545998,0,0,0,1,0,0,1,0
240336,1786553432578.553387,0,0,0,1,0,0,1,0
240337,1786553432579.565175,0,0,0,1,0,0,1,0
240338,1786553432580.574764,0,0,0,1,0,0,1,0
240339,1786553432581.595853,0,0,0,1,0,0,1,0
240340,1786553432582.598241,0,0,0,1,0,0,1,0
240341,1786553432583.604227,0,0,0,1,0,0,1,0
240342,1786553432584.611515,0,0,0,1,0,0,1,0
240343,1786553432585.616803,0,0,0,1,0,0,1,0
240344,1786553432586.624790,0,0,0,1,0,0,1,0
240345,1786553432587.629377,0,0,0,1,0,0,1,0
240346,1786553432588.637664,0,0,0,1,0,0,1,0
240347,1786553432589.650453,0,0,0,1,0,0,1,0
240348,1786553432590.672042,0,0,0,1,0,0,1,0
240349,1786553432591.665128,0,0,0,1,0,0,1,0
240350,1786553432592.672015,0,0,0,1,0,0,1,0
240351,1786553432593.678802,0,0,0,1,0,0,1,0
240352,1786553432594.690690,0,0,0,1,0,0,1,0
240353,1786553432595.694679,0,0,0,1,0,0,1,0
240354,1786553432596.708768,0,0,0,1,0,0,1,0
240355,1786553432597.714355,0,0,0,1,0,0,1,0
240356,1786553432598.723944,0,0,0,1,0,0,1,0
240357,1786553432599.732931,0,0,0,1,0,0,1,0
240358,1786553432600.743719,0,0,0,1,0,0,1,0
240359,1786553432601.752204,0,0,0,1,0,0,1,0
240360,1786553432602.761691,0,0,0,1,0,0,1,0
240361,1786553432603.772079,0,0,0,1,0,0,1,0
240362,1786553432604.793168,0,0,0,1,0,0,1,0
240363,1786553432605.806057,0,0,0,1,0,0,1,0
240364,1786553432606.805345,0,0,0,1,0,0,1,0
240365,1786553432607.813232,0,0,0,1,0,0,1,0
240366,1786553432608.833221,0,0,0,1,0,0,1,0
240367,1786553432609.840009,0,0,0,1,0,0,1,0
240368,1786553432610.845995,0,0,0,1,0,0,1,0
240369,1786553432611.863683,0,0,0,1,0,0,1,0
240370,1786553432612.865669,0,0,0,1,0,0,1,0
240371,1786553432613.877057,0,0,0,1,0,0,1,0
240372,1786553432614.890145,0,0,0,1,0,0,1,0
240373,1786553432615.888430,0,0,0,1,0,0,1,0
240374,1786553432616.896317,0,0,0,1,0,0,1,0
240375,1786553432617.906606,0,0,0,1,0,0,1,0
240376,1786553432618.915392,0,0,0,1,0,0,1,0
240377,1786553432619.924480,0,0,0,1,0,0,1,0
240378,1786553432620.929967,0,0,0,1,0,0,1,0
240379,1786553432622.028566,0,0,0,1,0,0,1,0
240380,1786553432622.969847,0,0,0,1,0,0,1,0
240381,1786553432623.967734,0,0,0,1,0,0,1,0
240382,1786553432624.972522,0,0,0,1,0,0,1,0
240383,1786553432625.977309,0,0,0,1,0,0,1,0
240384,1786553432626.977897,0,0,0,1,0,0,1,0
240385,1786553432627.989685,0,0,0,1,0,0,1,0
240386,1786553432628.990969,0,0,0,1,0,0,1,0
240387,1786553432629.998356,0,0,0,1,0,0,1,0
240388,1786553432631.006044,0,0,0,1,0,0,1,0
240389,1786553432632.013732,0,0,0,1,0,0,1,0
240390,1786553432633.022520,0,0,0,1,0,0,1,0
240391,1786553432634.030708,0,0,0,1,0,0,1,0
240392,1786553432635.044595,0,0,0,1,0,0,1,0
240393,1786553432636.050884,0,0,0,1,0,0,1,0
240394,1786553432637.057469,0,0,0,1,0,0,1,0
240395,1786553432638.067454,0,0,0,1,0,0,1,0
240396,1786553432639.087441,0,0,0,1,0,0,1,0
240397,1786553432640.084627,0,0,0,1,0,0,1,0
240398,1786553432641.091916,0,0,0,1,0,0,1,0
240399,1786553432642.100603,0,0,0,1,0,0,1,0
240400,1786553432643.112290,0,0,0,1,0,0,1,0
240401,1786553432644.117477,0,0,0,1,0,0,1,0
240402,1786553432645.124264,0,0,0,1,0,0,1,0
240403,1786553432646.131850,0,0,0,1,0,0,1,0
240404,1786553432647.140237,0,0,0,1,0,0,1,0
240405,1786553432648.151324,0,0,0,1,0,0,1,0
240406,1786553432649.156713,0,0,0,1,0,0,1,0
240407,1786553432650.166300,0,0,0,1,0,0,1,0
240408,1786553432651.172888,0,0,0,1,0,0,1,0
240409,1786553432652.180976,0,0,0,1,0,0,1,0
240410,1786553432653.187961,0,0,0,1,0,0,1,0
240411,1786553432654.253355,0,0,0,1,0,0,1,0
240412,1786553432655.217939,0,0,0,1,0,0,1,0
240413,1786553432656.219826,0,0,0,1,0,0,1,0
240414,1786553432657.225612,0,0,0,1,0,0,1,0
240415,1786553432658.248601,0,0,0,1,0,0,1,0
240416,1786553432659.246487,0,0,0,1,0,0,1,0
240417,1786553432660.256375,0,0,0,1,0,0,1,0
240418,1786553432661.264062,0,0,0,1,0,0,1,0
240419,1786553432662.272852,0,0,0,1,0,0,1,0
240420,1786553432663.279640,0,0,0,1,0,0,1,0
240421,1786553432664.287829,0,0,0,1,0,0,1,0
240422,1786553432665.299715,0,0,0,1,0,0,1,0
240423,1786553432666.305503,0,0,0,1,0,0,1,0
240424,1786553432667.314091,0,0,0,1,0,0,1,0
240425,1786553432668.321679,0,0,0,1,0,0,1,0
240426,1786553432669.330264,0,0,0,1,0,0,1,0
240427,1786553432670.337451,0,0,0,1,0,0,1,0
240428,1786553432671.345138,0,0,0,1,0,0,1,0
240429,1786553432672.356026,0,0,0,1,0,0,1,0
240430,1786553432673.642841,0,0,0,1,0,0,1,0
240431,1786553432674.395107,0,0,0,1,0,0,1,0
240432,1786553432675.392095,0,0,0,1,0,0,1,0
240433,1786553432676.398784,0,0,0,1,0,0,1,0
240434,1786553432677.408072,0,0,0,1,0,0,1,0
240435,1786553432678.415958,0,0,0,1,0,0,1,0
240436,1786553432679.424345,0,0,0,1,0,0,1,0
240437,1786553432680.431332,0,0,0,1,0,0,1,0
240438,1786553432681.464521,0,0,0,1,0,0,1,0
240439,1786553432682.453109,0,0,0,1,0,0,1,0
240440,1786553432683.466898,0,0,0,1,0,0,1,0
240441,1786553432684.467486,0,0,0,1,0,0,1,0
240442,1786553432685.480775,0,0,0,1,0,0,1,0
240443,1786553432686.515866,0,0,0,1,0,0,1,0
240444,1786553432687.519953,0,0,0,1,0,0,1,0
240445,1786553432688.645052,0,0,0,1,0,0,1,0
240446,1786553432689.546630,0,0,0,1,0,0,1,0
240447,1786553432690.577420,0,0,0,1,0,0,1,0
240448,1786553432691.550204,0,0,0,1,0,0,1,0
240449,1786553432692.583195,0,0,0,1,0,0,1,0
240450,1786553432693.579980,0,0,0,1,0,0,1,0
240451,1786553432694.587868,0,0,0,1,0,0,1,0
240452,1786553432695.595655,0,0,0,1,0,0,1,0
240453,1786553432696.600741,0,0,0,1,0,0,1,0
240454,1786553432697.611229,0,0,0,1,0,0,1,0
240455,1786553432698.623916,0,0,0,1,0,0,1,0
240456,1786553432699.628903,0,0,0,1,0,0,1,0
240457,1786553432700.635590,0,0,0,1,0,0,1,0
240458,1786553432701.661277,0,0,0,1,0,0,1,0
240459,1786553432702.661164,0,0,0,1,0,0,1,0
240460,1786553432703.671551,0,0,0,1,0,0,1,0
240461,1786553432704.676839,0,0,0,1,0,0,1,0
240462,1786553432705.689227,0,0,0,1,0,0,1,0
240463,1786553432706.696915,0,0,0,1,0,0,1,0
240464,1786553432707.707603,0,0,0,1,0,0,1,0
240465,1786553432708.713091,0,0,0,1,0,0,1,0
240466,1786553432709.722679,0,0,0,1,0,0,1,0
240467,1786553432710.731565,0,0,0,1,0,0,1,0
240468,1786553432711.741854,0,0,0,1,0,0,1,0
240469,1786553432712.749342,0,0,0,1,0,0,1,0
240470,1786553432713.758431,0,0,0,1,0,0,1,0
240471,1786553432714.767318,0,0,0,1,0,0,1,0
240472,1786553432715.779807,0,0,0,1,0,0,1,0
240473,1786553432716.798595,0,0,0,1,0,0,1,0
240474,1786553432717.800080,0,0,0,1,0,0,1,0
240475,1786553432718.832470,0,0,0,1,0,0,1,0
240476,1786553432719.832457,0,0,0,1,0,0,1,0
240477,1786553432720.842145,0,0,0,1,0,0,1,0
240478,1786553432721.844832,0,0,0,1,0,0,1,0
240479,1786553432722.852520,0,0,0,1,0,0,1,0
240480,1786553432723.859708,0,0,0,1,0,0,1,0
240481,1786553432724.877997,0,0,0,1,0,0,1,0
240482,1786553432725.879183,0,0,0,1,0,0,1,0
240483,1786553432726.884870,0,0,0,1,0,0,1,0
240484,1786553432727.892557,0,0,0,1,0,0,1,0
240485,1786553432728.900044,0,0,0,1,0,0,1,0
240486,1786553432729.911331,0,0,0,1,0,0,1,0
240487,1786553432730.918820,0,0,0,1,0,0,1,0
240488,1786553432731.926508,0,0,0,1,0,0,1,0
240489,1786553432732.944697,0,0,0,1,0,0,1,0
240490,1786553432733.951784,0,0,0,1,0,0,1,0
240491,1786553432734.959874,0,0,0,1,0,0,1,0
240492,1786553432735.988063,0,0,0,1,0,0,1,0
240493,1786553432736.979347,0,0,0,1,0,0,1,0
240494,1786553432737.986534,0,0,0,1,0,0,1,0
240495,1786553432738.989321,0,0,0,1,0,0,1,0
240496,1786553432739.997810,0,0,0,1,0,0,1,0
240497,1786553432741.006497,0,0,0,1,0,0,1,0
240498,1786553432742.015484,0,0,0,1,0,0,1,0
240499,1786553432743.023970,0,0,0,1,0,0,1,0
240500,1786553432744.032758,0,0,0,1,0,0,1,0
240501,1786553432745.040845,0,0,0,1,0,0,1,0
240502,1786553432746.049332,0,0,0,1,0,0,1,0
240503,1786553432747.058719,0,0,0,1,0,0,1,0
240504,1786553432748.067506,0,0,0,1,0,0,1,0
240505,1786553432749.084695,0,0,0,1,0,0,1,0
240506,1786553432750.087780,0,0,0,1,0,0,1,0
240507,1786553432751.095868,0,0,0,1,0,0,1,0
240508,1786553432752.175762,0,0,0,1,0,0,1,0
240509,1786553432753.122145,0,0,0,1,0,0,1,0
240510,1786553432754.129432,0,0,0,1,0,0,1,0
240511,1786553432755.138420,0,0,0,1,0,0,1,0
240512,1786553432756.144407,0,0,0,1,0,0,1,0
240513,1786553432757.160797,0,0,0,1,0,0,1,0
240514,1786553432758.165985,0,0,0,1,0,0,1,0
240515,1786553432759.176773,0,0,0,1,0,0,1,0
240516,1786553432760.184060,0,0,0,1,0,0,1,0
240517,1786553432761.193046,0,0,0,1,0,0,1,0
240518,1786553432762.199834,0,0,0,1,0,0,1,0
240519,1786553432763.209422,0,0,0,1,0,0,1,0
240520,1786553432764.709651,0,0,0,1,0,0,1,0
240521,1786553432765.250998,0,0,0,1,0,0,1,0
240522,1786553432766.254384,0,0,0,1,0,0,1,0
240523,1786553432767.259071,0,0,0,1,0,0,1,0
240524,1786553432768.264258,0,0,0,1,0,0,1,0
240525,1786553432769.269446,0,0,0,1,0,0,1,0
240526,1786553432770.274733,0,0,0,1,0,0,1,0
240527,1786553432771.281020,0,0,0,1,0,0,1,0
240528,1786553432772.291807,0,0,0,1,0,0,1,0
240529,1786553432773.301695,0,0,0,1,0,0,1,0
240530,1786553432774.309884,0,0,0,1,0,0,1,0
240531,1786553432775.317071,0,0,0,1,0,0,1,0
240532,1786553432776.324857,0,0,0,1,0,0,1,0
240533,1786553432777.394152,0,0,0,1,0,0,1,0
240534,1786553432778.375837,0,0,0,1,0,0,1,0
240535,1786553432779.358922,0,0,0,1,0,0,1,0
240536,1786553432780.363710,0,0,0,1,0,0,1,0
240537,1786553432781.370296,0,0,0,1,0,0,1,0
240538,1786553432782.378284,0,0,0,1,0,0,1,0
240539,1786553432783.391273,0,0,0,1,0,0,1,0
240540,1786553432784.406460,0,0,0,1,0,0,1,0
240541,1786553432785.410948,0,0,0,1,0,0,1,0
240542,1786553432786.444236,0,0,0,1,0,0,1,0
240543,1786553432787.423022,0,0,0,1,0,0,1,0
240544,1786553432788.430611,0,0,0,1,0,0,1,0
240545,1786553432789.438198,0,0,0,1,0,0,1,0
240546,1786553432790.459288,0,0,0,1,0,0,1,0
240547,1786553432791.460277,0,0,0,1,0,0,1,0
240548,1786553432792.467463,0,0,0,1,0,0,1,0
240549,1786553432793.474951,0,0,0,1,0,0,1,0
240550,1786553432794.536440,0,0,0,1,0,0,1,0
240551,1786553432795.511224,0,0,0,1,0,0,1,0
240552,1786553432796.507209,0,0,0,1,0,0,1,0
240553,1786553432797.513896,0,0,0,1,0,0,1,0
240554,1786553432798.520883,0,0,0,1,0,0,1,0
240555,1786553432799.535271,0,0,0,1,0,0,1,0
240556,1786553432800.549959,0,0,0,1,0,0,1,0
240557,1786553432801.597751,0,0,0,1,0,0,1,0
240558,1786553432802.584138,0,0,0,1,0,0,1,0
240559,1786553432803.595027,0,0,0,1,0,0,1,0
240560,1786553432804.591912,0,0,0,1,0,0,1,0
240561,1786553432805.600200,0,0,0,1,0,0,1,0
240562,1786553432806.605189,0,0,0,1,0,0,1,0
240563,1786553432807.613675,0,0,0,1,0,0,1,0
240564,1786553432808.621762,0,0,0,1,0,0,1,0
240565,1786553432809.637351,0,0,0,1,0,0,1,0
240566,1786553432810.642638,0,0,0,1,0,0,1,0
240567,1786553432811.648325,0,0,0,1,0,0,1,0
240568,1786553432812.654716,0,0,0,1,0,0,1,0
240569,1786553432813.662403,0,0,0,1,0,0,1,0
240570,1786553432814.672291,0,0,0,1,0,0,1,0
240571,1786553432815.678479,0,0,0,1,0,0,1,0
240572,1786553432816.694366,0,0,0,1,0,0,1,0
240573,1786553432817.696053,0,0,0,1,0,0,1,0
240574,1786553432818.702941,0,0,0,1,0,0,1,0
240575,1786553432819.710727,0,0,0,1,0,0,1,0
240576,1786553432820.717314,0,0,0,1,0,0,1,0
240577,1786553432821.724102,0,0,0,1,0,0,1,0
240578,1786553432822.733191,0,0,0,1,0,0,1,0
240579,1786553432823.743576,0,0,0,1,0,0,1,0
240580,1786553432824.766365,0,0,0,1,0,0,1,0
240581,1786553432825.869562,0,0,0,1,0,0,1,0
240582,1786553432826.796742,0,0,0,1,0,0,1,0
240583,1786553432827.790628,0,0,0,1,0,0,1,0
240584,1786553432828.803216,0,0,0,1,0,0,1,0
240585,1786553432829.809003,0,0,0,1,0,0,1,0
240586,1786553432830.828090,0,0,0,1,0,0,1,0
240587,1786553432831.831578,0,0,0,1,0,0,1,0
240588,1786553432832.855668,0,0,0,1,0,0,1,0
240589,1786553432833.847954,0,0,0,1,0,0,1,0
240590,1786553432834.873143,0,0,0,1,0,0,1,0
240591,1786553432835.866929,0,0,0,1,0,0,1,0
240592,1786553432836.874817,0,0,0,1,0,0,1,0
240593,1786553432837.881305,0,0,0,1,0,0,1,0
240594,1786553432838.890194,0,0,0,1,0,0,1,0
240595,1786553432839.899880,0,0,0,1,0,0,1,0
240596,1786553432840.908169,0,0,0,1,0,0,1,0
240597,1786553432841.912458,0,0,0,1,0,0,1,0
240598,1786553432842.921747,0,0,0,1,0,0,1,0
240599,1786553432843.930333,0,0,0,1,0,0,1,0
240600,1786553432844.944222,0,0,0,1,0,0,1,0
240601,1786553432845.952908,0,0,0,1,0,0,1,0
240602,1786553432846.961095,0,0,0,1,0,0,1,0
240603,1786553432847.970984,0,0,0,1,0,0,1,0
240604,1786553432848.975770,0,0,0,1,0,0,1,0
240605,1786553432849.980256,0,0,0,1,0,0,1,0
240606,1786553432850.988144,0,0,0,1,0,0,1,0
240607,1786553432851.996933,0,0,0,1,0,0,1,0
240608,1786553432853.004620,0,0,0,1,0,0,1,0
240609,1786553432854.013706,0,0,0,1,0,0,1,0
240610,1786553432855.038295,0,0,0,1,0,0,1,0
240611,1786553432856.033980,0,0,0,1,0,0,1,0
240612,1786553432857.037467,0,0,0,1,0,0,1,0
240613,1786553432858.049455,0,0,0,1,0,0,1,0
240614,1786553432859.053844,0,0,0,1,0,0,1,0
240615,1786553432860.063232,0,0,0,1,0,0,1,0
240616,1786553432861.070719,0,0,0,1,0,0,1,0
240617,1786553432862.088806,0,0,0,1,0,0,1,0
240618,1786553432863.086793,0,0,0,1,0,0,1,0
240619,1786553432864.094981,0,0,0,1,0,0,1,0
240620,1786553432865.104869,0,0,0,1,0,0,1,0
240621,1786553432866.116857,0,0,0,1,0,0,1,0
240622,1786553432867.123545,0,0,0,1,0,0,1,0
240623,1786553432868.129133,0,0,0,1,0,0,1,0
240624,1786553432869.137420,0,0,0,1,0,0,1,0
240625,1786553432870.142908,0,0,0,1,0,0,1,0
240626,1786553432871.576332,0,0,0,1,0,0,1,0
240627,1786553432872.382901,0,0,0,1,0,0,1,0
240628,1786553432873.376987,0,0,0,1,0,0,1,0
240629,1786553432874.382974,0,0,0,1,0,0,1,0
240630,1786553432875.388262,0,0,0,1,0,0,1,0
240631,1786553432876.395852,0,0,0,1,0,0,1,0
240632,1786553432877.404238,0,0,0,1,0,0,1,0
240633,1786553432878.413026,0,0,0,1,0,0,1,0
240634,1786553432879.422112,0,0,0,1,0,0,1,0
240635,1786553432880.431799,0,0,0,1,0,0,1,0
240636,1786553432881.438186,0,0,0,1,0,0,1,0
240637,1786553432882.449273,0,0,0,1,0,0,1,0
240638,1786553432883.454760,0,0,0,1,0,0,1,0
240639,1786553432884.462146,0,0,0,1,0,0,1,0
240640,1786553432885.489837,0,0,0,1,0,0,1,0
240641,1786553432886.510426,0,0,0,1,0,0,1,0
240642,1786553432887.489012,0,0,0,1,0,0,1,0
240643,1786553432888.496100,0,0,0,1,0,0,1,0
240644,1786553432889.504687,0,0,0,1,0,0,1,0
240645,1786553432890.528277,0,0,0,1,0,0,1,0
240646,1786553432891.519363,0,0,0,1,0,0,1,0
240647,1786553432892.527450,0,0,0,1,0,0,1,0
240648,1786553432893.535637,0,0,0,1,0,0,1,0
240649,1786553432894.546124,0,0,0,1,0,0,1,0
240650,1786553432895.550111,0,0,0,1,0,0,1,0
240651,1786553432896.558099,0,0,0,1,0,0,1,0
240652,1786553432897.572889,0,0,0,1,0,0,1,0
240653,1786553432898.587375,0,0,0,1,0,0,1,0
240654,1786553432899.598463,0,0,0,1,0,0,1,0
240655,1786553432900.608451,0,0,0,1,0,0,1,0
240656,1786553432901.954268,0,0,0,1,0,0,1,0
240657,1786553432902.637431,0,0,0,1,0,0,1,0
240658,1786553432903.657218,0,0,0,1,0,0,1,0
240659,1786553432904.644303,0,0,0,1,0,0,1,0
240660,1786553432905.654690,0,0,0,1,0,0,1,0
240661,1786553432906.656876,0,0,0,1,0,0,1,0
240662,1786553432907.667865,0,0,0,1,0,0,1,0
240663,1786553432908.672651,0,0,0,1,0,0,1,0
240664,1786553432909.685338,0,0,0,1,0,0,1,0
240665,1786553432910.687925,0,0,0,1,0,0,1,0
240666,1786553432911.698613,0,0,0,1,0,0,1,0
240667,1786553432912.704999,0,0,0,1,0,0,1,0
240668,1786553432913.710386,0,0,0,1,0,0,1,0
240669,1786553432914.718274,0,0,0,1,0,0,1,0
240670,1786553432915.728061,0,0,0,1,0,0,1,0
240671,1786553432916.738748,0,0,0,1,0,0,1,0
240672,1786553432917.745934,0,0,0,1,0,0,1,0
240673,1786553432918.752121,0,0,0,1,0,0,1,0
240674,1786553432919.760711,0,0,0,1,0,0,1,0
240675,1786553432920.768298,0,0,0,1,0,0,1,0
240676,1786553432921.779686,0,0,0,1,0,0,1,0
240677,1786553432922.786073,0,0,0,1,0,0,1,0
240678,1786553432923.794561,0,0,0,1,0,0,1,0
240679,1786553432924.810046,0,0,0,1,0,0,1,0
240680,1786553432925.810834,0,0,0,1,0,0,1,0
240681,1786553432926.838424,0,0,0,1,0,0,1,0
240682,1786553432927.843912,0,0,0,1,0,0,1,0
240683,1786553432928.852499,0,0,0,1,0,0,1,0
240684,1786553432929.861886,0,0,0,1,0,0,1,0
240685,1786553432930.876473,0,0,0,1,0,0,1,0
240686,1786553432931.903862,0,0,0,1,0,0,1,0
240687,1786553432932.904349,0,0,0,1,0,0,1,0
240688,1786553432933.902337,0,0,0,1,0,0,1,0
240689,1786553432934.919425,0,0,0,1,0,0,1,0
240690,1786553432935.916512,0,0,0,1,0,0,1,0
240691,1786553432936.927102,0,0,0,1,0,0,1,0
240692,1786553432937.932090,0,0,0,1,0,0,1,0
240693,1786553432938.941878,0,0,0,1,0,0,1,0
240694,1786553432939.948364,0,0,0,1,0,0,1,0
240695,1786553432940.958951,0,0,0,1,0,0,1,0
240696,1786553432941.963737,0,0,0,1,0,0,1,0
240697,1786553432942.972924,0,0,0,1,0,0,1,0
240698,1786553432943.975410,0,0,0,1,0,0,1,0
240699,1786553432944.983999,0,0,0,1,0,0,1,0
240700,1786553432945.991186,0,0,0,1,0,0,1,0
240701,1786553432947.007972,0,0,0,1,0,0,1,0
240702,1786553432948.032060,0,0,0,1,0,0,1,0
240703,1786553432949.075152,0,0,0,1,0,0,1,0
240704,1786553432950.048737,0,0,0,1,0,0,1,0
240705,1786553432951.044923,0,0,0,1,0,0,1,0
240706,1786553432952.050411,0,0,0,1,0,0,1,0
240707,1786553432953.057498,0,0,0,1,0,0,1,0
240708,1786553432954.065688,0,0,0,1,0,0,1,0
240709,1786553432955.073576,0,0,0,1,0,0,1,0
240710,1786553432956.082364,0,0,0,1,0,0,1,0
240711,1786553432957.089751,0,0,0,1,0,0,1,0
240712,1786553432958.097839,0,0,0,1,0,0,1,0
240713,1786553432959.109127,0,0,0,1,0,0,1,0
240714,1786553432960.115314,0,0,0,1,0,0,1,0
240715,1786553432961.125101,0,0,0,1,0,0,1,0
240716,1786553432962.158190,0,0,0,1,0,0,1,0
240717,1786553432963.182778,0,0,0,1,0,0,1,0
240718,1786553432964.154665,0,0,0,1,0,0,1,0
240719,1786553432965.162952,0,0,0,1,0,0,1,0
240720,1786553432966.168836,0,0,0,1,0,0,1,0
240721,1786553432967.178523,0,0,0,1,0,0,1,0
240722,1786553432968.182710,0,0,0,1,0,0,1,0
240723,1786553432969.191897,0,0,0,1,0,0,1,0
240724,1786553432970.199783,0,0,0,1,0,0,1,0
240725,1786553432971.209572,0,0,0,1,0,0,1,0
240726,1786553432972.215858,0,0,0,1,0,0,1,0
240727,1786553432973.224546,0,0,0,1,0,0,1,0
240728,1786553432974.231233,0,0,0,1,0,0,1,0
240729,1786553432975.240421,0,0,0,1,0,0,1,0
240730,1786553432976.248207,0,0,0,1,0,0,1,0
240731,1786553432977.257993,0,0,0,1,0,0,1,0
240732,1786553432978.286183,0,0,0,1,0,0,1,0
240733,1786553432979.289971,0,0,0,1,0,0,1,0
240734,1786553432980.291558,0,0,0,1,0,0,1,0
240735,1786553432981.296646,0,0,0,1,0,0,1,0
240736,1786553432982.302332,0,0,0,1,0,0,1,0
240737,1786553432983.309320,0,0,0,1,0,0,1,0
240738,1786553432984.314308,0,0,0,1,0,0,1,0
240739,1786553432985.323094,0,0,0,1,0,0,1,0
240740,1786553432986.330082,0,0,0,1,0,0,1,0
240741,1786553432987.337469,0,0,0,1,0,0,1,0
240742,1786553432988.345357,0,0,0,1,0,0,1,0
240743,1786553432989.353445,0,0,0,1,0,0,1,0
240744,1786553432990.360631,0,0,0,1,0,0,1,0
240745,1786553432991.369017,0,0,0,1,0,0,1,0
240746,1786553432992.377302,0,0,0,1,0,0,1,0
240747,1786553432993.437294,0,0,0,1,0,0,1,0
240748,1786553432994.438081,0,0,0,1,0,0,1,0
240749,1786553432995.447768,0,0,0,1,0,0,1,0
240750,1786553432996.453855,0,0,0,1,0,0,1,0
240751,1786553432997.434640,0,0,0,1,0,0,1,0
240752,1786553432998.441026,0,0,0,1,0,0,1,0
240753,1786553432999.448414,0,0,0,1,0,0,1,0
240754,1786553433000.463502,0,0,0,1,0,0,1,0
240755,1786553433001.471391,0,0,0,1,0,0,1,0
240756,1786553433002.473477,0,0,0,1,0,0,1,0
240757,1786553433003.482163,0,0,0,1,0,0,1,0
240758,1786553433004.491551,0,0,0,1,0,0,1,0
240759,1786553433005.505538,0,0,0,1,0,0,1,0
240760,1786553433006.509425,0,0,0,1,0,0,1,0
240761,1786553433007.516111,0,0,0,1,0,0,1,0
240762,1786553433008.919933,0,0,0,1,0,0,1,0
240763,1786553433009.542988,0,0,0,1,0,0,1,0
240764,1786553433010.546174,0,0,0,1,0,0,1,0
240765,1786553433011.598964,0,0,0,1,0,0,1,0
240766,1786553433012.576049,0,0,0,1,0,0,1,0
240767,1786553433013.580437,0,0,0,1,0,0,1,0
240768,1786553433014.586124,0,0,0,1,0,0,1,0
240769,1786553433015.595310,0,0,0,1,0,0,1,0
240770,1786553433016.601498,0,0,0,1,0,0,1,0
240771,1786553433017.609487,0,0,0,1,0,0,1,0
240772,1786553433018.616974,0,0,0,1,0,0,1,0
240773,1786553433019.625761,0,0,0,1,0,0,1,0
240774,1786553433020.632847,0,0,0,1,0,0,1,0
240775,1786553433021.641334,0,0,0,1,0,0,1,0
240776,1786553433022.647421,0,0,0,1,0,0,1,0
240777,1786553433023.677612,0,0,0,1,0,0,1,0
240778,1786553433024.673397,0,0,0,1,0,0,1,0
240779,1786553433025.676384,0,0,0,1,0,0,1,0
240780,1786553433026.681572,0,0,0,1,0,0,1,0
240781,1786553433027.689458,0,0,0,1,0,0,1,0
240782,1786553433028.708447,0,0,0,1,0,0,1,0
240783,1786553433029.717236,0,0,0,1,0,0,1,0
240784,1786553433030.721424,0,0,0,1,0,0,1,0
240785,1786553433031.733410,0,0,0,1,0,0,1,0
240786,1786553433032.741600,0,0,0,1,0,0,1,0
240787,1786553433033.751587,0,0,0,1,0,0,1,0
240788,1786553433034.765374,0,0,0,1,0,0,1,0
240789,1786553433035.768162,0,0,0,1,0,0,1,0
240790,1786553433036.779049,0,0,0,1,0,0,1,0
240791,1786553433037.789135,0,0,0,1,0,0,1,0
240792,1786553433039.013141,0,0,0,1,0,0,1,0
240793,1786553433039.963122,0,0,0,1,0,0,1,0
240794,1786553433040.951408,0,0,0,1,0,0,1,0
240795,1786553433041.959695,0,0,0,1,0,0,1,0
240796,1786553433042.964380,0,0,0,1,0,0,1,0
240797,1786553433043.970967,0,0,0,1,0,0,1,0
240798,1786553433044.985454,0,0,0,1,0,0,1,0
240799,1786553433045.980941,0,0,0,1,0,0,1,0
240800,1786553433046.988328,0,0,0,1,0,0,1,0
240801,1786553433047.996917,0,0,0,1,0,0,1,0
240802,1786553433049.113514,0,0,0,1,0,0,1,0
240803,1786553433050.014889,0,0,0,1,0,0,1,0
240804,1786553433051.019678,0,0,0,1,0,0,1,0
240805,1786553433052.028066,0,0,0,1,0,0,1,0
240806,1786553433053.035454,0,0,0,1,0,0,1,0
240807,1786553433054.063444,0,0,0,1,0,0,1,0
240808,1786553433055.059730,0,0,0,1,0,0,1,0
240809,1786553433056.063717,0,0,0,1,0,0,1,0
240810,1786553433057.071805,0,0,0,1,0,0,1,0
240811,1786553433058.080494,0,0,0,1,0,0,1,0
240812,1786553433059.089481,0,0,0,1,0,0,1,0
240813,1786553433060.096167,0,0,0,1,0,0,1,0
240814,1786553433061.120455,0,0,0,1,0,0,1,0
240815,1786553433062.121442,0,0,0,1,0,0,1,0
240816,1786553433063.123829,0,0,0,1,0,0,1,0
240817,1786553433064.132117,0,0,0,1,0,0,1,0
240818,1786553433065.141304,0,0,0,1,0,0,1,0
240819,1786553433066.150293,0,0,0,1,0,0,1,0
240820,1786553433067.157180,0,0,0,1,0,0,1,0
240821,1786553433068.166068,0,0,0,1,0,0,1,0
240822,1786553433069.173955,0,0,0,1,0,0,1,0
240823,1786553433070.259650,0,0,0,1,0,0,1,0
240824,1786553433071.224334,0,0,0,1,0,0,1,0
240825,1786553433072.221119,0,0,0,1,0,0,1,0
240826,1786553433073.229108,0,0,0,1,0,0,1,0
240827,1786553433074.235196,0,0,0,1,0,0,1,0
240828,1786553433075.243683,0,0,0,1,0,0,1,0
240829,1786553433076.250869,0,0,0,1,0,0,1,0
240830,1786553433077.263257,0,0,0,1,0,0,1,0
240831,1786553433078.269644,0,0,0,1,0,0,1,0
240832,1786553433079.277332,0,0,0,1,0,0,1,0
240833,1786553433080.284318,0,0,0,1,0,0,1,0
240834,1786553433081.292106,0,0,0,1,0,0,1,0
240835,1786553433082.301794,0,0,0,1,0,0,1,0
240836,1786553433083.309683,0,0,0,1,0,0,1,0
240837,1786553433084.331572,0,0,0,1,0,0,1,0
240838,1786553433085.330659,0,0,0,1,0,0,1,0
240839,1786553433086.336146,0,0,0,1,0,0,1,0
240840,1786553433087.344933,0,0,0,1,0,0,1,0
240841,1786553433088.354621,0,0,0,1,0,0,1,0
240842,1786553433089.361709,0,0,0,1,0,0,1,0
240843,1786553433090.368995,0,0,0,1,0,0,1,0
240844,1786553433091.377684,0,0,0,1,0,0,1,0
240845,1786553433092.386170,0,0,0,1,0,0,1,0
240846,1786553433093.393458,0,0,0,1,0,0,1,0
240847,1786553433094.405046,0,0,0,1,0,0,1,0
240848,1786553433095.410333,0,0,0,1,0,0,1,0
240849,1786553433096.417822,0,0,0,1,0,0,1,0
240850,1786553433097.426009,0,0,0,1,0,0,1,0
240851,1786553433098.434097,0,0,0,1,0,0,1,0
240852,1786553433099.441184,0,0,0,1,0,0,1,0
240853,1786553433100.478474,0,0,0,1,0,0,1,0
240854,1786553433101.468159,0,0,0,1,0,0,1,0
240855,1786553433102.472646,0,0,0,1,0,0,1,0
240856,1786553433103.479133,0,0,0,1,0,0,1,0
240857,1786553433104.485620,0,0,0,1,0,0,1,0
240858,1786553433105.493807,0,0,0,1,0,0,1,0
240859,1786553433106.501093,0,0,0,1,0,0,1,0
240860,1786553433107.510381,0,0,0,1,0,0,1,0
240861,1786553433108.519170,0,0,0,1,0,0,1,0
240862,1786553433109.550058,0,0,0,1,0,0,1,0
240863,1786553433110.549744,0,0,0,1,0,0,1,0
240864,1786553433111.556333,0,0,0,1,0,0,1,0
240865,1786553433112.567121,0,0,0,1,0,0,1,0
240866,1786553433113.576608,0,0,0,1,0,0,1,0
240867,1786553433114.599997,0,0,0,1,0,0,1,0
240868,1786553433115.602587,0,0,0,1,0,0,1,0
240869,1786553433116.605974,0,0,0,1,0,0,1,0
240870,1786553433117.616162,0,0,0,1,0,0,1,0
240871,1786553433118.625150,0,0,0,1,0,0,1,0
240872,1786553433119.633138,0,0,0,1,0,0,1,0
240873,1786553433120.642725,0,0,0,1,0,0,1,0
240874,1786553433121.653213,0,0,0,1,0,0,1,0
240875,1786553433122.659601,0,0,0,1,0,0,1,0
240876,1786553433123.668989,0,0,0,1,0,0,1,0
240877,1786553433124.676276,0,0,0,1,0,0,1,0
240878,1786553433125.685064,0,0,0,1,0,0,1,0
240879,1786553433126.692152,0,0,0,1,0,0,1,0
240880,1786553433127.709341,0,0,0,1,0,0,1,0
240881,1786553433128.712428,0,0,0,1,0,0,1,0
240882,1786553433130.007041,0,0,0,1,0,0,1,0
240883,1786553433130.741405,0,0,0,1,0,0,1,0
240884,1786553433131.748992,0,0,0,1,0,0,1,0
240885,1786553433132.748880,0,0,0,1,0,0,1,0
240886,1786553433133.754466,0,0,0,1,0,0,1,0
240887,1786553433134.763552,0,0,0,1,0,0,1,0
240888,1786553433135.776441,0,0,0,1,0,0,1,0
240889,1786553433136.786830,0,0,0,1,0,0,1,0
240890,1786553433137.795418,0,0,0,1,0,0,1,0
240891,1786553433138.805006,0,0,0,1,0,0,1,0
240892,1786553433139.812593,0,0,0,1,0,0,1,0
240893,1786553433140.830780,0,0,0,1,0,0,1,0
240894,1786553433141.839866,0,0,0,1,0,0,1,0
240895,1786553433142.860855,0,0,0,1,0,0,1,0
240896,1786553433143.860642,0,0,0,1,0,0,1,0
240897,1786553433144.886632,0,0,0,1,0,0,1,0
240898,1786553433145.877619,0,0,0,1,0,0,1,0
240899,1786553433146.886106,0,0,0,1,0,0,1,0
240900,1786553433147.893492,0,0,0,1,0,0,1,0
240901,1786553433148.902580,0,0,0,1,0,0,1,0
240902,1786553433149.908968,0,0,0,1,0,0,1,0
240903,1786553433150.917057,0,0,0,1,0,0,1,0
240904,1786553433151.943546,0,0,0,1,0,0,1,0
240905,1786553433152.931233,0,0,0,1,0,0,1,0
240906,1786553433153.939321,0,0,0,1,0,0,1,0
240907,1786553433154.955110,0,0,0,1,0,0,1,0
240908,1786553433155.962397,0,0,0,1,0,0,1,0
240909,1786553433156.971885,0,0,0,1,0,0,1,0
240910,1786553433157.979273,0,0,0,1,0,0,1,0
240911,1786553433159.004064,0,0,0,1,0,0,1,0
240912,1786553433160.016152,0,0,0,1,0,0,1,0
240913,1786553433161.037241,0,0,0,1,0,0,1,0
240914,1786553433162.032927,0,0,0,1,0,0,1,0
240915,1786553433163.039014,0,0,0,1,0,0,1,0
240916,1786553433164.045102,0,0,0,1,0,0,1,0
240917,1786553433165.053890,0,0,0,1,0,0,1,0
240918,1786553433166.057979,0,0,0,1,0,0,1,0
240919,1786553433167.065167,0,0,0,1,0,0,1,0
240920,1786553433168.068953,0,0,0,1,0,0,1,0
240921,1786553433169.079241,0,0,0,1,0,0,1,0
240922,1786553433170.084628,0,0,0,1,0,0,1,0
240923,1786553433171.096516,0,0,0,1,0,0,1,0
240924,1786553433172.100804,0,0,0,1,0,0,1,0
240925,1786553433173.110792,0,0,0,1,0,0,1,0
240926,1786553433174.118380,0,0,0,1,0,0,1,0
240927,1786553433175.168972,0,0,0,1,0,0,1,0
240928,1786553433176.153058,0,0,0,1,0,0,1,0
240929,1786553433177.149345,0,0,0,1,0,0,1,0
240930,1786553433178.156531,0,0,0,1,0,0,1,0
240931,1786553433179.164019,0,0,0,1,0,0,1,0
240932,1786553433180.172006,0,0,0,1,0,0,1,0
240933,1786553433181.180194,0,0,0,1,0,0,1,0
240934,1786553433182.189081,0,0,0,1,0,0,1,0
240935,1786553433183.200869,0,0,0,1,0,0,1,0
240936,1786553433184.207757,0,0,0,1,0,0,1,0
240937,1786553433185.216146,0,0,0,1,0,0,1,0
240938,1786553433186.223833,0,0,0,1,0,0,1,0
240939,1786553433187.233523,0,0,0,1,0,0,1,0
240940,1786553433188.241110,0,0,0,1,0,0,1,0
240941,1786553433189.248897,0,0,0,1,0,0,1,0
240942,1786553433190.545209,0,0,0,1,0,0,1,0
240943,1786553433191.529796,0,0,0,1,0,0,1,0
240944,1786553433192.533282,0,0,0,1,0,0,1,0
240945,1786553433193.539771,0,0,0,1,0,0,1,0
240946,1786553433194.548859,0,0,0,1,0,0,1,0
240947,1786553433195.554746,0,0,0,1,0,0,1,0
240948,1786553433196.565633,0,0,0,1,0,0,1,0
240949,1786553433197.574121,0,0,0,1,0,0,1,0
240950,1786553433198.582910,0,0,0,1,0,0,1,0
240951,1786553433199.603298,0,0,0,1,0,0,1,0
240952,1786553433200.597184,0,0,0,1,0,0,1,0
240953,1786553433201.604472,0,0,0,1,0,0,1,0
240954,1786553433202.612860,0,0,0,1,0,0,1,0
240955,1786553433203.628848,0,0,0,1,0,0,1,0
240956,1786553433204.670839,0,0,0,1,0,0,1,0
240957,1786553433205.650224,0,0,0,1,0,0,1,0
240958,1786553433206.651210,0,0,0,1,0,0,1,0
240959,1786553433207.670998,0,0,0,1,0,0,1,0
240960,1786553433208.674688,0,0,0,1,0,0,1,0
240961,1786553433209.680376,0,0,0,1,0,0,1,0
240962,1786553433210.687865,0,0,0,1,0,0,1,0
240963,1786553433211.695852,0,0,0,1,0,0,1,0
240964,1786553433212.704740,0,0,0,1,0,0,1,0
240965,1786553433213.710128,0,0,0,1,0,0,1,0
240966,1786553433214.717815,0,0,0,1,0,0,1,0
240967,1786553433215.728202,0,0,0,1,0,0,1,0
240968,1786553433216.734487,0,0,0,1,0,0,1,0
240969,1786553433217.743675,0,0,0,1,0,0,1,0
240970,1786553433218.748362,0,0,0,1,0,0,1,0
240971,1786553433219.758950,0,0,0,1,0,0,1,0
240972,1786553433220.810241,0,0,0,1,0,0,1,0
240973,1786553433221.799527,0,0,0,1,0,0,1,0
240974,1786553433222.799414,0,0,0,1,0,0,1,0
240975,1786553433223.811102,0,0,0,1,0,0,1,0
240976,1786553433224.838091,0,0,0,1,0,0,1,0
240977,1786553433225.831475,0,0,0,1,0,0,1,0
240978,1786553433226.840563,0,0,0,1,0,0,1,0
240979,1786553433227.845551,0,0,0,1,0,0,1,0
240980,1786553433228.852738,0,0,0,1,0,0,1,0
240981,1786553433229.863226,0,0,0,1,0,0,1,0
240982,1786553433230.872215,0,0,0,1,0,0,1,0
240983,1786553433231.879402,0,0,0,1,0,0,1,0
240984,1786553433232.886989,0,0,0,1,0,0,1,0
240985,1786553433233.894277,0,0,0,1,0,0,1,0
240986,1786553433234.910965,0,0,0,1,0,0,1,0
240987,1786553433235.909051,0,0,0,1,0,0,1,0
240988,1786553433236.950740,0,0,0,1,0,0,1,0
240989,1786553433237.935624,0,0,0,1,0,0,1,0
240990,1786553433238.940511,0,0,0,1,0,0,1,0
240991,1786553433239.950398,0,0,0,1,0,0,1,0
240992,1786553433240.965386,0,0,0,1,0,0,1,0
240993,1786553433241.968274,0,0,0,1,0,0,1,0
240994,1786553433242.977262,0,0,0,1,0,0,1,0
240995,1786553433243.983349,0,0,0,1,0,0,1,0
240996,1786553433244.992337,0,0,0,1,0,0,1,0
240997,1786553433246.001324,0,0,0,1,0,0,1,0
240998,1786553433247.023513,0,0,0,1,0,0,1,0
240999,1786553433248.025600,0,0,0,1,0,0,1,0
241000,1786553433249.029087,0,0,0,1,0,0,1,0
241001,1786553433250.039675,0,0,0,1,0,0,1,0
241002,1786553433251.049564,0,0,0,1,0,0,1,0
241003,1786553433252.418881,0,0,0,1,0,0,1,0
241004,1786553433253.430569,0,0,0,1,0,0,1,0
241005,1786553433254.415554,0,0,0,1,0,0,1,0
241006,1786553433255.421041,0,0,0,1,0,0,1,0
241007,1786553433256.441431,0,0,0,1,0,0,1,0
241008,1786553433257.436517,0,0,0,1,0,0,1,0
241009,1786553433258.448305,0,0,0,1,0,0,1,0
241010,1786553433259.452092,0,0,0,1,0,0,1,0
241011,1786553433260.459579,0,0,0,1,0,0,1,0
241012,1786553433261.466466,0,0,0,1,0,0,1,0
241013,1786553433262.474354,0,0,0,1,0,0,1,0
241014,1786553433263.483740,0,0,0,1,0,0,1,0
241015,1786553433264.493329,0,0,0,1,0,0,1,0
241016,1786553433265.501716,0,0,0,1,0,0,1,0
241017,1786553433266.544807,0,0,0,1,0,0,1,0
241018,1786553433267.548895,0,0,0,1,0,0,1,0
241019,1786553433268.535981,0,0,0,1,0,0,1,0
241020,1786553433269.541369,0,0,0,1,0,0,1,0
241021,1786553433270.550659,0,0,0,1,0,0,1,0
241022,1786553433271.564148,0,0,0,1,0,0,1,0
241023,1786553433272.572834,0,0,0,1,0,0,1,0
241024,1786553433273.585122,0,0,0,1,0,0,1,0
241025,1786553433274.587611,0,0,0,1,0,0,1,0
241026,1786553433275.595200,0,0,0,1,0,0,1,0
241027,1786553433276.602487,0,0,0,1,0,0,1,0
241028,1786553433277.610276,0,0,0,1,0,0,1,0
241029,1786553433278.620963,0,0,0,1,0,0,1,0
241030,1786553433279.628550,0,0,0,1,0,0,1,0
241031,1786553433280.637034,0,0,0,1,0,0,1,0
241032,1786553433281.948148,0,0,0,1,0,0,1,0
241033,1786553433282.682612,0,0,0,1,0,0,1,0
241034,1786553433283.657897,0,0,0,1,0,0,1,0
241035,1786553433284.665283,0,0,0,1,0,0,1,0
241036,1786553433285.681074,0,0,0,1,0,0,1,0
241037,1786553433286.689761,0,0,0,1,0,0,1,0
241038,1786553433287.697250,0,0,0,1,0,0,1,0
241039,1786553433288.705837,0,0,0,1,0,0,1,0
241040,1786553433289.725926,0,0,0,1,0,0,1,0
241041,1786553433290.730314,0,0,0,1,0,0,1,0
241042,1786553433291.740902,0,0,0,1,0,0,1,0
241043,1786553433292.751290,0,0,0,1,0,0,1,0
241044,1786553433293.751776,0,0,0,1,0,0,1,0
241045,1786553433294.762361,0,0,0,1,0,0,1,0
241046,1786553433295.767746,0,0,0,1,0,0,1,0
241047,1786553433296.778533,0,0,0,1,0,0,1,0
241048,1786553433297.808223,0,0,0,1,0,0,1,0
241049,1786553433298.811110,0,0,0,1,0,0,1,0
241050,1786553433299.805097,0,0,0,1,0,0,1,0
241051,1786553433300.812186,0,0,0,1,0,0,1,0
241052,1786553433301.830474,0,0,0,1,0,0,1,0
241053,1786553433302.840761,0,0,0,1,0,0,1,0
241054,1786553433303.851450,0,0,0,1,0,0,1,0
241055,1786553433304.868838,0,0,0,1,0,0,1,0
241056,1786553433305.876725,0,0,0,1,0,0,1,0
241057,1786553433306.881914,0,0,0,1,0,0,1,0
241058,1786553433307.889603,0,0,0,1,0,0,1,0
241059,1786553433308.900292,0,0,0,1,0,0,1,0
241060,1786553433309.908780,0,0,0,1,0,0,1,0
241061,1786553433310.917367,0,0,0,1,0,0,1,0
241062,1786553433311.924356,0,0,0,1,0,0,1,0
241063,1786553433313.338778,0,0,0,1,0,0,1,0
241064,1786553433314.223356,0,0,0,1,0,0,1,0
241065,1786553433315.219742,0,0,0,1,0,0,1,0
241066,1786553433316.227730,0,0,0,1,0,0,1,0
241067,1786553433317.232717,0,0,0,1,0,0,1,0
241068,1786553433318.239304,0,0,0,1,0,0,1,0
241069,1786553433319.243392,0,0,0,1,0,0,1,0
241070,1786553433320.251181,0,0,0,1,0,0,1,0
241071,1786553433321.254468,0,0,0,1,0,0,1,0
241072,1786553433322.262854,0,0,0,1,0,0,1,0
241073,1786553433323.265641,0,0,0,1,0,0,1,0
241074,1786553433324.277928,0,0,0,1,0,0,1,0
241075,1786553433325.283216,0,0,0,1,0,0,1,0
241076,1786553433326.292903,0,0,0,1,0,0,1,0
241077,1786553433327.303490,0,0,0,1,0,0,1,0
241078,1786553433328.310378,0,0,0,1,0,0,1,0
241079,1786553433329.317965,0,0,0,1,0,0,1,0
241080,1786553433330.326153,0,0,0,1,0,0,1,0
241081,1786553433331.333840,0,0,0,1,0,0,1,0
241082,1786553433332.341727,0,0,0,1,0,0,1,0
241083,1786553433333.349214,0,0,0,1,0,0,1,0
241084,1786553433334.356699,0,0,0,1,0,0,1,0
241085,1786553433335.363387,0,0,0,1,0,0,1,0
241086,1786553433336.371875,0,0,0,1,0,0,1,0
241087,1786553433337.379763,0,0,0,1,0,0,1,0
241088,1786553433338.388249,0,0,0,1,0,0,1,0
241089,1786553433339.395838,0,0,0,1,0,0,1,0
241090,1786553433340.403425,0,0,0,1,0,0,1,0
241091,1786553433341.411413,0,0,0,1,0,0,1,0
241092,1786553433342.423700,0,0,0,1,0,0,1,0
241093,1786553433343.428786,0,0,0,1,0,0,1,0
241094,1786553433344.435272,0,0,0,1,0,0,1,0
241095,1786553433345.441860,0,0,0,1,0,0,1,0
241096,1786553433346.450148,0,0,0,1,0,0,1,0
241097,1786553433347.457236,0,0,0,1,0,0,1,0
241098,1786553433348.465125,0,0,0,1,0,0,1,0
241099,1786553433349.472713,0,0,0,1,0,0,1,0
241100,1786553433350.480401,0,0,0,1,0,0,1,0
241101,1786553433351.488888,0,0,0,1,0,0,1,0
241102,1786553433352.497075,0,0,0,1,0,0,1,0
241103,1786553433353.505063,0,0,0,1,0,0,1,0
241104,1786553433354.527052,0,0,0,1,0,0,1,0
241105,1786553433355.563441,0,0,0,1,0,0,1,0
241106,1786553433356.544223,0,0,0,1,0,0,1,0
241107,1786553433357.554110,0,0,0,1,0,0,1,0
241108,1786553433358.557097,0,0,0,1,0,0,1,0
241109,1786553433359.566984,0,0,0,1,0,0,1,0
241110,1786553433360.572771,0,0,0,1,0,0,1,0
241111,1786553433361.580658,0,0,0,1,0,0,1,0
241112,1786553433362.587944,0,0,0,1,0,0,1,0
241113,1786553433363.596232,0,0,0,1,0,0,1,0
241114,1786553433364.604219,0,0,0,1,0,0,1,0
241115,1786553433365.614205,0,0,0,1,0,0,1,0
241116,1786553433366.620094,0,0,0,1,0,0,1,0
241117,1786553433367.629883,0,0,0,1,0,0,1,0
241118,1786553433368.638169,0,0,0,1,0,0,1,0
241119,1786553433369.648457,0,0,0,1,0,0,1,0
241120,1786553433370.657747,0,0,0,1,0,0,1,0
241121,1786553433371.670633,0,0,0,1,0,0,1,0
241122,1786553433372.676920,0,0,0,1,0,0,1,0
241123,1786553433373.960431,0,0,0,1,0,0,1,0
241124,1786553433374.978520,0,0,0,1,0,0,1,0
241125,1786553433375.975207,0,0,0,1,0,0,1,0
241126,1786553433376.978594,0,0,0,1,0,0,1,0
241127,1786553433377.978681,0,0,0,1,0,0,1,0
241128,1786553433378.984968,0,0,0,1,0,0,1,0
241129,1786553433379.991156,0,0,0,1,0,0,1,0
241130,1786553433380.999445,0,0,0,1,0,0,1,0
241131,1786553433382.009332,0,0,0,1,0,0,1,0
241132,1786553433383.018321,0,0,0,1,0,0,1,0
241133,1786553433384.026807,0,0,0,1,0,0,1,0
241134,1786553433385.035696,0,0,0,1,0,0,1,0
241135,1786553433386.043884,0,0,0,1,0,0,1,0
241136,1786553433387.054271,0,0,0,1,0,0,1,0
241137,1786553433388.096061,0,0,0,1,0,0,1,0
241138,1786553433389.088746,0,0,0,1,0,0,1,0
241139,1786553433390.090233,0,0,0,1,0,0,1,0
241140,1786553433391.097321,0,0,0,1,0,0,1,0
241141,1786553433392.105107,0,0,0,1,0,0,1,0
241142,1786553433393.114596,0,0,0,1,0,0,1,0
241143,1786553433394.133984,0,0,0,1,0,0,1,0
241144,1786553433395.138272,0,0,0,1,0,0,1,0
241145,1786553433396.147660,0,0,0,1,0,0,1,0
241146,1786553433397.158750,0,0,0,1,0,0,1,0
241147,1786553433398.168337,0,0,0,1,0,0,1,0
241148,1786553433399.171523,0,0,0,1,0,0,1,0
241149,1786553433400.181211,0,0,0,1,0,0,1,0
241150,1786553433401.192199,0,0,0,1,0,0,1,0
241151,1786553433402.205687,0,0,0,1,0,0,1,0
241152,1786553433403.234276,0,0,0,1,0,0,1,0
241153,1786553433404.282366,0,0,0,1,0,0,1,0
241154,1786553433405.277252,0,0,0,1,0,0,1,0
241155,1786553433406.284139,0,0,0,1,0,0,1,0
241156,1786553433407.305227,0,0,0,1,0,0,1,0
241157,1786553433408.318915,0,0,0,1,0,0,1,0
241158,1786553433409.286098,0,0,0,1,0,0,1,0
241159,1786553433410.294985,0,0,0,1,0,0,1,0
241160,1786553433411.300371,0,0,0,1,0,0,1,0
241161,1786553433412.310659,0,0,0,1,0,0,1,0
241162,1786553433413.375351,0,0,0,1,0,0,1,0
241163,1786553433414.400338,0,0,0,1,0,0,1,0
241164,1786553433415.415626,0,0,0,1,0,0,1,0
241165,1786553433416.430815,0,0,0,1,0,0,1,0
241166,1786553433417.398299,0,0,0,1,0,0,1,0
241167,1786553433418.413387,0,0,0,1,0,0,1,0
241168,1786553433419.417275,0,0,0,1,0,0,1,0
241169,1786553433420.431764,0,0,0,1,0,0,1,0
241170,1786553433421.463054,0,0,0,1,0,0,1,0
241171,1786553433422.449940,0,0,0,1,0,0,1,0
241172,1786553433423.459027,0,0,0,1,0,0,1,0
241173,1786553433424.495618,0,0,0,1,0,0,1,0
241174,1786553433425.482904,0,0,0,1,0,0,1,0
241175,1786553433426.512493,0,0,0,1,0,0,1,0
241176,1786553433427.541983,0,0,0,1,0,0,1,0
241177,1786553433428.548370,0,0,0,1,0,0,1,0
241178,1786553433429.572457,0,0,0,1,0,0,1,0
241179,1786553433430.586643,0,0,0,1,0,0,1,0
241180,1786553433431.576730,0,0,0,1,0,0,1,0
241181,1786553433432.574216,0,0,0,1,0,0,1,0
241182,1786553433433.589504,0,0,0,1,0,0,1,0
241183,1786553433434.812409,0,0,0,1,0,0,1,0
241184,1786553433435.795596,0,0,0,1,0,0,1,0
241185,1786553433436.765581,0,0,0,1,0,0,1,0
241186,1786553433437.762669,0,0,0,1,0,0,1,0
241187,1786553433438.794459,0,0,0,1,0,0,1,0
241188,1786553433439.790846,0,0,0,1,0,0,1,0
241189,1786553433440.798733,0,0,0,1,0,0,1,0
241190,1786553433441.804821,0,0,0,1,0,0,1,0
241191,1786553433442.812909,0,0,0,1,0,0,1,0
241192,1786553433443.831198,0,0,0,1,0,0,1,0
241193,1786553433444.850886,0,0,0,1,0,0,1,0
241194,1786553433445.846573,0,0,0,1,0,0,1,0
241195,1786553433446.856560,0,0,0,1,0,0,1,0
241196,1786553433447.864746,0,0,0,1,0,0,1,0
241197,1786553433448.894736,0,0,0,1,0,0,1,0
241198,1786553433449.968029,0,0,0,1,0,0,1,0
241199,1786553433450.924613,0,0,0,1,0,0,1,0
241200,1786553433451.922498,0,0,0,1,0,0,1,0
241201,1786553433452.931987,0,0,0,1,0,0,1,0
241202,1786553433453.932972,0,0,0,1,0,0,1,0
241203,1786553433455.035267,0,0,0,1,0,0,1,0
241204,1786553433455.968749,0,0,0,1,0,0,1,0
241205,1786553433456.974936,0,0,0,1,0,0,1,0
241206,1786553433457.988024,0,0,0,1,0,0,1,0
241207,1786553433458.988610,0,0,0,1,0,0,1,0
241208,1786553433459.997697,0,0,0,1,0,0,1,0
241209,1786553433461.009085,0,0,0,1,0,0,1,0
241210,1786553433462.018272,0,0,0,1,0,0,1,0
241211,1786553433463.024659,0,0,0,1,0,0,1,0
241212,1786553433464.048846,0,0,0,1,0,0,1,0
241213,1786553433465.052534,0,0,0,1,0,0,1,0
241214,1786553433466.062521,0,0,0,1,0,0,1,0
241215,1786553433467.071110,0,0,0,1,0,0,1,0
241216,1786553433468.090997,0,0,0,1,0,0,1,0
241217,1786553433469.098084,0,0,0,1,0,0,1,0
241218,1786553433470.102372,0,0,0,1,0,0,1,0
241219,1786553433471.106860,0,0,0,1,0,0,1,0
241220,1786553433472.118647,0,0,0,1,0,0,1,0
241221,1786553433473.125135,0,0,0,1,0,0,1,0
241222,1786553433474.138923,0,0,0,1,0,0,1,0
241223,1786553433475.144511,0,0,0,1,0,0,1,0
241224,1786553433476.155397,0,0,0,1,0,0,1,0
241225,1786553433477.164085,0,0,0,1,0,0,1,0
241226,1786553433478.175573,0,0,0,1,0,0,1,0
241227,1786553433479.395177,0,0,0,1,0,0,1,0
241228,1786553433480.387163,0,0,0,1,0,0,1,0
241229,1786553433481.396151,0,0,0,1,0,0,1,0
241230,1786553433482.400438,0,0,0,1,0,0,1,0
241231,1786553433483.408326,0,0,0,1,0,0,1,0
241232,1786553433484.427115,0,0,0,1,0,0,1,0
241233,1786553433485.428203,0,0,0,1,0,0,1,0
241234,1786553433486.462492,0,0,0,1,0,0,1,0
241235,1786553433487.444178,0,0,0,1,0,0,1,0
241236,1786553433488.451766,0,0,0,1,0,0,1,0
241237,1786553433489.457654,0,0,0,1,0,0,1,0
241238,1786553433490.482845,0,0,0,1,0,0,1,0
241239,1786553433491.474531,0,0,0,1,0,0,1,0
241240,1786553433492.482918,0,0,0,1,0,0,1,0
241241,1786553433493.491006,0,0,0,1,0,0,1,0
241242,1786553433494.514194,0,0,0,1,0,0,1,0
241243,1786553433495.513081,0,0,0,1,0,0,1,0
241244,1786553433496.518869,0,0,0,1,0,0,1,0
241245,1786553433497.525056,0,0,0,1,0,0,1,0
241246,1786553433498.535244,0,0,0,1,0,0,1,0
241247,1786553433499.541831,0,0,0,1,0,0,1,0
241248,1786553433500.549318,0,0,0,1,0,0,1,0
241249,1786553433501.571406,0,0,0,1,0,0,1,0
241250,1786553433502.572292,0,0,0,1,0,0,1,0
241251,1786553433503.579779,0,0,0,1,0,0,1,0
241252,1786553433504.588066,0,0,0,1,0,0,1,0
241253,1786553433505.608155,0,0,0,1,0,0,1,0
241254,1786553433506.606041,0,0,0,1,0,0,1,0
241255,1786553433507.615828,0,0,0,1,0,0,1,0
241256,1786553433508.620915,0,0,0,1,0,0,1,0
241257,1786553433509.629004,0,0,0,1,0,0,1,0
241258,1786553433510.658195,0,0,0,1,0,0,1,0
241259,1786553433511.654481,0,0,0,1,0,0,1,0
241260,1786553433512.660266,0,0,0,1,0,0,1,0
241261,1786553433513.667354,0,0,0,1,0,0,1,0
241262,1786553433514.672342,0,0,0,1,0,0,1,0
241263,1786553433515.679329,0,0,0,1,0,0,1,0
241264,1786553433516.685016,0,0,0,1,0,0,1,0
241265,1786553433517.699102,0,0,0,1,0,0,1,0
241266,1786553433518.705289,0,0,0,1,0,0,1,0
241267,1786553433519.708376,0,0,0,1,0,0,1,0
241268,1786553433520.711063,0,0,0,1,0,0,1,0
241269,1786553433521.716350,0,0,0,1,0,0,1,0
241270,1786553433522.723139,0,0,0,1,0,0,1,0
241271,1786553433523.731925,0,0,0,1,0,0,1,0
241272,1786553433524.743514,0,0,0,1,0,0,1,0
241273,1786553433525.766202,0,0,0,1,0,0,1,0
241274,1786553433526.792992,0,0,0,1,0,0,1,0
241275,1786553433527.780777,0,0,0,1,0,0,1,0
241276,1786553433528.788964,0,0,0,1,0,0,1,0
241277,1786553433529.792851,0,0,0,1,0,0,1,0
241278,1786553433530.801840,0,0,0,1,0,0,1,0
241279,1786553433531.808727,0,0,0,1,0,0,1,0
241280,1786553433532.815115,0,0,0,1,0,0,1,0
241281,1786553433533.842404,0,0,0,1,0,0,1,0
241282,1786553433534.850392,0,0,0,1,0,0,1,0
241283,1786553433535.850479,0,0,0,1,0,0,1,0
241284,1786553433536.860267,0,0,0,1,0,0,1,0
241285,1786553433537.866553,0,0,0,1,0,0,1,0
241286,1786553433538.874840,0,0,0,1,0,0,1,0
241287,1786553433539.880828,0,0,0,1,0,0,1,0
241288,1786553433541.297349,0,0,0,1,0,0,1,0
241289,1786553433542.257433,0,0,0,1,0,0,1,0
241290,1786553433543.261120,0,0,0,1,0,0,1,0
241291,1786553433544.267905,0,0,0,1,0,0,1,0
241292,1786553433545.275893,0,0,0,1,0,0,1,0
241293,1786553433546.284281,0,0,0,1,0,0,1,0
241294,1786553433547.290969,0,0,0,1,0,0,1,0
241295,1786553433548.300356,0,0,0,1,0,0,1,0
241296,1786553433549.307444,0,0,0,1,0,0,1,0
241297,1786553433550.319832,0,0,0,1,0,0,1,0
241298,1786553433551.322418,0,0,0,1,0,0,1,0
241299,1786553433552.331406,0,0,0,1,0,0,1,0
241300,1786553433553.339093,0,0,0,1,0,0,1,0
241301,1786553433554.347380,0,0,0,1,0,0,1,0
241302,1786553433555.355369,0,0,0,1,0,0,1,0
241303,1786553433556.377058,0,0,0,1,0,0,1,0
241304,1786553433557.380146,0,0,0,1,0,0,1,0
241305,1786553433558.386733,0,0,0,1,0,0,1,0
241306,1786553433559.392122,0,0,0,1,0,0,1,0
241307,1786553433560.400810,0,0,0,1,0,0,1,0
241308,1786553433561.409997,0,0,0,1,0,0,1,0
241309,1786553433562.416284,0,0,0,1,0,0,1,0
241310,1786553433563.424173,0,0,0,1,0,0,1,0
241311,1786553433564.432360,0,0,0,1,0,0,1,0
241312,1786553433565.441448,0,0,0,1,0,0,1,0
241313,1786553433566.466737,0,0,0,1,0,0,1,0
241314,1786553433567.462025,0,0,0,1,0,0,1,0
241315,1786553433568.468611,0,0,0,1,0,0,1,0
241316,1786553433569.477399,0,0,0,1,0,0,1,0
241317,1786553433570.484186,0,0,0,1,0,0,1,0
241318,1786553433571.492174,0,0,0,1,0,0,1,0
241319,1786553433572.526565,0,0,0,1,0,0,1,0
241320,1786553433573.520451,0,0,0,1,0,0,1,0
241321,1786553433574.527240,0,0,0,1,0,0,1,0
241322,1786553433575.533127,0,0,0,1,0,0,1,0
241323,1786553433576.542416,0,0,0,1,0,0,1,0
241324,1786553433577.546803,0,0,0,1,0,0,1,0
241325,1786553433578.556692,0,0,0,1,0,0,1,0
241326,1786553433579.566479,0,0,0,1,0,0,1,0
241327,1786553433580.574467,0,0,0,1,0,0,1,0
241328,1786553433581.581255,0,0,0,1,0,0,1,0
241329,1786553433582.592542,0,0,0,1,0,0,1,0
241330,1786553433583.598529,0,0,0,1,0,0,1,0
241331,1786553433584.606216,0,0,0,1,0,0,1,0
241332,1786553433585.614202,0,0,0,1,0,0,1,0
241333,1786553433586.656693,0,0,0,1,0,0,1,0
241334,1786553433587.652880,0,0,0,1,0,0,1,0
241335,1786553433588.651867,0,0,0,1,0,0,1,0
241336,1786553433589.657655,0,0,0,1,0,0,1,0
241337,1786553433590.681143,0,0,0,1,0,0,1,0
241338,1786553433591.679429,0,0,0,1,0,0,1,0
241339,1786553433592.680817,0,0,0,1,0,0,1,0
241340,1786553433593.693206,0,0,0,1,0,0,1,0
241341,1786553433594.701194,0,0,0,1,0,0,1,0
241342,1786553433595.710082,0,0,0,1,0,0,1,0
241343,1786553433596.711769,0,0,0,1,0,0,1,0
241344,1786553433597.722158,0,0,0,1,0,0,1,0
241345,1786553433598.727744,0,0,0,1,0,0,1,0
241346,1786553433599.742835,0,0,0,1,0,0,1,0
241347,1786553433600.748423,0,0,0,1,0,0,1,0
241348,1786553433602.076438,0,0,0,1,0,0,1,0
241349,1786553433602.786799,0,0,0,1,0,0,1,0
241350,1786553433603.867094,0,0,0,1,0,0,1,0
241351,1786553433604.808975,0,0,0,1,0,0,1,0
241352,1786553433605.802062,0,0,0,1,0,0,1,0
241353,1786553433606.812149,0,0,0,1,0,0,1,0
241354,1786553433607.828038,0,0,0,1,0,0,1,0
241355,1786553433608.837926,0,0,0,1,0,0,1,0
241356,1786553433609.840013,0,0,0,1,0,0,1,0
241357,1786553433610.853703,0,0,0,1,0,0,1,0
241358,1786553433611.861689,0,0,0,1,0,0,1,0
241359,1786553433612.870677,0,0,0,1,0,0,1,0
241360,1786553433613.877665,0,0,0,1,0,0,1,0
241361,1786553433614.892752,0,0,0,1,0,0,1,0
241362,1786553433615.899939,0,0,0,1,0,0,1,0
241363,1786553433616.908129,0,0,0,1,0,0,1,0
241364,1786553433617.924618,0,0,0,1,0,0,1,0
241365,1786553433618.925105,0,0,0,1,0,0,1,0
241366,1786553433619.930291,0,0,0,1,0,0,1,0
241367,1786553433620.940079,0,0,0,1,0,0,1,0
241368,1786553433621.946766,0,0,0,1,0,0,1,0
241369,1786553433622.955654,0,0,0,1,0,0,1,0
241370,1786553433623.961942,0,0,0,1,0,0,1,0
241371,1786553433624.971631,0,0,0,1,0,0,1,0
241372,1786553433625.978320,0,0,0,1,0,0,1,0
241373,1786553433626.986006,0,0,0,1,0,0,1,0
241374,1786553433627.998194,0,0,0,1,0,0,1,0
241375,1786553433629.001981,0,0,0,1,0,0,1,0
241376,1786553433630.010668,0,0,0,1,0,0,1,0
241377,1786553433631.020955,0,0,0,1,0,0,1,0
241378,1786553433632.042543,0,0,0,1,0,0,1,0
241379,1786553433633.041031,0,0,0,1,0,0,1,0
241380,1786553433634.045617,0,0,0,1,0,0,1,0
241381,1786553433635.051805,0,0,0,1,0,0,1,0
241382,1786553433636.059291,0,0,0,1,0,0,1,0
241383,1786553433637.067479,0,0,0,1,0,0,1,0
241384,1786553433638.075066,0,0,0,1,0,0,1,0
241385,1786553433639.083653,0,0,0,1,0,0,1,0
241386,1786553433640.094739,0,0,0,1,0,0,1,0
241387,1786553433641.100726,0,0,0,1,0,0,1,0
241388,1786553433642.109812,0,0,0,1,0,0,1,0
241389,1786553433643.116899,0,0,0,1,0,0,1,0
241390,1786553433644.125587,0,0,0,1,0,0,1,0
241391,1786553433645.133074,0,0,0,1,0,0,1,0
241392,1786553433646.141963,0,0,0,1,0,0,1,0
241393,1786553433647.156350,0,0,0,1,0,0,1,0
241394,1786553433648.164239,0,0,0,1,0,0,1,0
241395,1786553433649.203331,0,0,0,1,0,0,1,0
241396,1786553433650.189918,0,0,0,1,0,0,1,0
241397,1786553433651.188106,0,0,0,1,0,0,1,0
241398,1786553433652.199292,0,0,0,1,0,0,1,0
241399,1786553433653.205281,0,0,0,1,0,0,1,0
241400,1786553433654.213767,0,0,0,1,0,0,1,0
241401,1786553433655.222155,0,0,0,1,0,0,1,0
241402,1786553433656.229142,0,0,0,1,0,0,1,0
241403,1786553433657.234931,0,0,0,1,0,0,1,0
241404,1786553433658.245019,0,0,0,1,0,0,1,0
241405,1786553433659.252307,0,0,0,1,0,0,1,0
241406,1786553433660.259695,0,0,0,1,0,0,1,0
241407,1786553433661.268482,0,0,0,1,0,0,1,0
241408,1786553433662.275469,0,0,0,1,0,0,1,0
241409,1786553433663.660987,0,0,0,1,0,0,1,0
241410,1786553433664.461257,0,0,0,1,0,0,1,0
241411,1786553433665.462244,0,0,0,1,0,0,1,0
241412,1786553433666.463932,0,0,0,1,0,0,1,0
241413,1786553433667.470619,0,0,0,1,0,0,1,0
241414,1786553433668.478005,0,0,0,1,0,0,1,0
241415,1786553433669.485292,0,0,0,1,0,0,1,0
241416,1786553433670.492380,0,0,0,1,0,0,1,0
241417,1786553433671.513070,0,0,0,1,0,0,1,0
241418,1786553433672.508257,0,0,0,1,0,0,1,0
241419,1786553433673.515244,0,0,0,1,0,0,1,0
241420,1786553433674.522833,0,0,0,1,0,0,1,0
241421,1786553433675.532918,0,0,0,1,0,0,1,0
241422,1786553433676.538604,0,0,0,1,0,0,1,0
241423,1786553433677.551593,0,0,0,1,0,0,1,0
241424,1786553433678.556280,0,0,0,1,0,0,1,0
241425,1786553433679.566069,0,0,0,1,0,0,1,0
241426,1786553433680.574657,0,0,0,1,0,0,1,0
241427,1786553433681.592345,0,0,0,1,0,0,1,0
241428,1786553433682.593633,0,0,0,1,0,0,1,0
241429,1786553433683.599722,0,0,0,1,0,0,1,0
241430,1786553433684.606710,0,0,0,1,0,0,1,0
241431,1786553433685.614598,0,0,0,1,0,0,1,0
241432,1786553433686.624686,0,0,0,1,0,0,1,0
241433,1786553433687.632274,0,0,0,1,0,0,1,0
241434,1786553433688.642060,0,0,0,1,0,0,1,0
241435,1786553433689.653748,0,0,0,1,0,0,1,0
241436,1786553433690.658435,0,0,0,1,0,0,1,0
241437,1786553433691.674822,0,0,0,1,0,0,1,0
241438,1786553433692.675808,0,0,0,1,0,0,1,0
241439,1786553433693.697997,0,0,0,1,0,0,1,0
241440,1786553433694.703386,0,0,0,1,0,0,1,0
241441,1786553433695.709074,0,0,0,1,0,0,1,0
241442,1786553433696.712762,0,0,0,1,0,0,1,0
241443,1786553433697.737350,0,0,0,1,0,0,1,0
241444,1786553433698.735737,0,0,0,1,0,0,1,0
241445,1786553433699.738723,0,0,0,1,0,0,1,0
241446,1786553433700.746710,0,0,0,1,0,0,1,0
241447,1786553433701.753898,0,0,0,1,0,0,1,0
241448,1786553433702.764085,0,0,0,1,0,0,1,0
241449,1786553433703.785875,0,0,0,1,0,0,1,0
241450,1786553433704.796563,0,0,0,1,0,0,1,0
241451,1786553433705.791451,0,0,0,1,0,0,1,0
241452,1786553433706.798438,0,0,0,1,0,0,1,0
241453,1786553433707.807426,0,0,0,1,0,0,1,0
241454,1786553433708.834316,0,0,0,1,0,0,1,0
241455,1786553433709.846403,0,0,0,1,0,0,1,0
241456,1786553433710.846290,0,0,0,1,0,0,1,0
241457,1786553433711.850976,0,0,0,1,0,0,1,0
241458,1786553433712.860065,0,0,0,1,0,0,1,0
241459,1786553433713.887453,0,0,0,1,0,0,1,0
241460,1786553433714.887140,0,0,0,1,0,0,1,0
241461,1786553433715.882326,0,0,0,1,0,0,1,0
241462,1786553433716.892314,0,0,0,1,0,0,1,0
241463,1786553433717.898301,0,0,0,1,0,0,1,0
241464,1786553433718.905588,0,0,0,1,0,0,1,0
241465,1786553433719.915575,0,0,0,1,0,0,1,0
241466,1786553433720.920660,0,0,0,1,0,0,1,0
241467,1786553433721.930149,0,0,0,1,0,0,1,0
241468,1786553433722.937135,0,0,0,1,0,0,1,0
241469,1786553433723.967725,0,0,0,1,0,0,1,0
241470,1786553433724.961010,0,0,0,1,0,0,1,0
241471,1786553433725.965297,0,0,0,1,0,0,1,0
241472,1786553433726.973784,0,0,0,1,0,0,1,0
241473,1786553433727.975672,0,0,0,1,0,0,1,0
241474,1786553433728.984060,0,0,0,1,0,0,1,0
241475,1786553433729.992148,0,0,0,1,0,0,1,0
241476,1786553433731.004936,0,0,0,1,0,0,1,0
241477,1786553433732.011725,0,0,0,1,0,0,1,0
241478,1786553433733.019311,0,0,0,1,0,0,1,0
241479,1786553433734.026500,0,0,0,1,0,0,1,0
241480,1786553433735.036188,0,0,0,1,0,0,1,0
241481,1786553433736.043474,0,0,0,1,0,0,1,0
241482,1786553433737.050559,0,0,0,1,0,0,1,0
241483,1786553433738.058745,0,0,0,1,0,0,1,0
241484,1786553433739.079732,0,0,0,1,0,0,1,0
241485,1786553433740.077420,0,0,0,1,0,0,1,0
241486,1786553433741.088808,0,0,0,1,0,0,1,0
241487,1786553433742.094493,0,0,0,1,0,0,1,0
241488,1786553433743.100780,0,0,0,1,0,0,1,0
241489,1786553433744.108569,0,0,0,1,0,0,1,0
241490,1786553433745.116756,0,0,0,1,0,0,1,0
241491,1786553433746.126445,0,0,0,1,0,0,1,0
241492,1786553433747.138232,0,0,0,1,0,0,1,0
241493,1786553433748.142821,0,0,0,1,0,0,1,0
241494,1786553433749.150708,0,0,0,1,0,0,1,0
241495,1786553433750.158296,0,0,0,1,0,0,1,0
241496,1786553433751.164784,0,0,0,1,0,0,1,0
241497,1786553433752.172772,0,0,0,1,0,0,1,0
241498,1786553433753.180260,0,0,0,1,0,0,1,0
241499,1786553433754.620383,0,0,0,1,0,0,1,0
241500,1786553433755.267939,0,0,0,1,0,0,1,0
241501,1786553433756.239523,0,0,0,1,0,0,1,0
241502,1786553433757.227610,0,0,0,1,0,0,1,0
241503,1786553433758.232898,0,0,0,1,0,0,1,0
241504,1786553433759.240387,0,0,0,1,0,0,1,0
241505,1786553433760.247076,0,0,0,1,0,0,1,0
241506,1786553433761.254563,0,0,0,1,0,0,1,0
241507,1786553433762.262151,0,0,0,1,0,0,1,0
241508,1786553433763.276337,0,0,0,1,0,0,1,0
241509,1786553433764.279924,0,0,0,1,0,0,1,0
241510,1786553433765.285813,0,0,0,1,0,0,1,0
241511,1786553433766.294999,0,0,0,1,0,0,1,0
241512,1786553433767.304187,0,0,0,1,0,0,1,0
241513,1786553433768.311474,0,0,0,1,0,0,1,0
241514,1786553433769.326261,0,0,0,1,0,0,1,0
241515,1786553433770.333149,0,0,0,1,0,0,1,0
241516,1786553433771.345438,0,0,0,1,0,0,1,0
241517,1786553433772.346424,0,0,0,1,0,0,1,0
241518,1786553433773.354611,0,0,0,1,0,0,1,0
241519,1786553433774.361599,0,0,0,1,0,0,1,0
241520,1786553433775.370786,0,0,0,1,0,0,1,0
241521,1786553433776.376374,0,0,0,1,0,0,1,0
241522,1786553433777.390963,0,0,0,1,0,0,1,0
241523,1786553433778.396349,0,0,0,1,0,0,1,0
241524,1786553433779.421638,0,0,0,1,0,0,1,0
241525,1786553433780.417824,0,0,0,1,0,0,1,0
241526,1786553433781.423612,0,0,0,1,0,0,1,0
241527,1786553433782.430699,0,0,0,1,0,0,1,0
241528,1786553433783.440287,0,0,0,1,0,0,1,0
241529,1786553433784.467077,0,0,0,1,0,0,1,0
241530,1786553433785.477766,0,0,0,1,0,0,1,0
241531,1786553433786.497156,0,0,0,1,0,0,1,0
241532,1786553433787.480942,0,0,0,1,0,0,1,0
241533,1786553433788.485730,0,0,0,1,0,0,1,0
241534,1786553433789.493216,0,0,0,1,0,0,1,0
241535,1786553433790.516905,0,0,0,1,0,0,1,0
241536,1786553433791.510390,0,0,0,1,0,0,1,0
241537,1786553433792.518576,0,0,0,1,0,0,1,0
241538,1786553433793.528363,0,0,0,1,0,0,1,0
241539,1786553433794.537949,0,0,0,1,0,0,1,0
241540,1786553433795.562038,0,0,0,1,0,0,1,0
241541,1786553433796.567624,0,0,0,1,0,0,1,0
241542,1786553433797.574710,0,0,0,1,0,0,1,0
241543,1786553433798.588397,0,0,0,1,0,0,1,0
241544,1786553433799.595885,0,0,0,1,0,0,1,0
241545,1786553433800.601673,0,0,0,1,0,0,1,0
241546,1786553433801.610462,0,0,0,1,0,0,1,0
241547,1786553433802.618150,0,0,0,1,0,0,1,0
241548,1786553433803.625137,0,0,0,1,0,0,1,0
241549,1786553433804.633224,0,0,0,1,0,0,1,0
241550,1786553433805.642810,0,0,0,1,0,0,1,0
241551,1786553433806.653399,0,0,0,1,0,0,1,0
241552,1786553433807.659787,0,0,0,1,0,0,1,0
241553,1786553433808.671574,0,0,0,1,0,0,1,0
241554,1786553433809.676861,0,0,0,1,0,0,1,0
241555,1786553433810.688647,0,0,0,1,0,0,1,0
241556,1786553433811.694136,0,0,0,1,0,0,1,0
241557,1786553433812.714024,0,0,0,1,0,0,1,0
241558,1786553433813.783617,0,0,0,1,0,0,1,0
241559,1786553433814.745700,0,0,0,1,0,0,1,0
241560,1786553433815.743085,0,0,0,1,0,0,1,0
241561,1786553433816.747672,0,0,0,1,0,0,1,0
241562,1786553433817.754460,0,0,0,1,0,0,1,0
241563,1786553433818.760448,0,0,0,1,0,0,1,0
241564,1786553433819.769336,0,0,0,1,0,0,1,0
241565,1786553433820.780324,0,0,0,1,0,0,1,0
241566,1786553433821.786110,0,0,0,1,0,0,1,0
241567,1786553433822.795199,0,0,0,1,0,0,1,0
241568,1786553433823.803085,0,0,0,1,0,0,1,0
241569,1786553433824.829475,0,0,0,1,0,0,1,0
241570,1786553433825.829062,0,0,0,1,0,0,1,0
241571,1786553433826.837051,0,0,0,1,0,0,1,0
241572,1786553433827.844038,0,0,0,1,0,0,1,0
241573,1786553433828.917630,0,0,0,1,0,0,1,0
241574,1786553433829.880012,0,0,0,1,0,0,1,0
241575,1786553433830.882399,0,0,0,1,0,0,1,0
241576,1786553433831.889687,0,0,0,1,0,0,1,0
241577,1786553433832.895374,0,0,0,1,0,0,1,0
241578,1786553433833.902160,0,0,0,1,0,0,1,0
241579,1786553433834.921948,0,0,0,1,0,0,1,0
241580,1786553433835.914833,0,0,0,1,0,0,1,0
241581,1786553433836.925319,0,0,0,1,0,0,1,0
241582,1786553433837.933208,0,0,0,1,0,0,1,0
241583,1786553433838.939493,0,0,0,1,0,0,1,0
241584,1786553433839.948980,0,0,0,1,0,0,1,0
241585,1786553433840.957866,0,0,0,1,0,0,1,0
241586,1786553433841.963854,0,0,0,1,0,0,1,0
241587,1786553433842.969942,0,0,0,1,0,0,1,0
241588,1786553433844.477273,0,0,0,1,0,0,1,0
241589,1786553433845.385951,0,0,0,1,0,0,1,0
241590,1786553433846.371536,0,0,0,1,0,0,1,0
241591,1786553433847.370023,0,0,0,1,0,0,1,0
241592,1786553433848.372810,0,0,0,1,0,0,1,0
241593,1786553433849.379597,0,0,0,1,0,0,1,0
241594,1786553433850.387984,0,0,0,1,0,0,1,0
241595,1786553433851.398273,0,0,0,1,0,0,1,0
241596,1786553433852.407461,0,0,0,1,0,0,1,0
241597,1786553433853.415649,0,0,0,1,0,0,1,0
241598,1786553433854.423837,0,0,0,1,0,0,1,0
241599,1786553433855.433625,0,0,0,1,0,0,1,0
241600,1786553433856.441313,0,0,0,1,0,0,1,0
241601,1786553433857.450300,0,0,0,1,0,0,1,0
241602,1786553433858.458987,0,0,0,1,0,0,1,0
241603,1786553433859.473276,0,0,0,1,0,0,1,0
241604,1786553433860.481563,0,0,0,1,0,0,1,0
241605,1786553433861.492851,0,0,0,1,0,0,1,0
241606,1786553433862.500438,0,0,0,1,0,0,1,0
241607,1786553433863.508425,0,0,0,1,0,0,1,0
241608,1786553433864.515112,0,0,0,1,0,0,1,0
241609,1786553433865.522099,0,0,0,1,0,0,1,0
241610,1786553433866.530586,0,0,0,1,0,0,1,0
241611,1786553433867.540373,0,0,0,1,0,0,1,0
241612,1786553433868.546863,0,0,0,1,0,0,1,0
241613,1786553433869.567152,0,0,0,1,0,0,1,0
241614,1786553433870.567039,0,0,0,1,0,0,1,0
241615,1786553433871.579828,0,0,0,1,0,0,1,0
241616,1786553433872.584115,0,0,0,1,0,0,1,0
241617,1786553433873.592502,0,0,0,1,0,0,1,0
241618,1786553433874.601090,0,0,0,1,0,0,1,0
241619,1786553433875.689685,0,0,0,1,0,0,1,0
241620,1786553433876.628067,0,0,0,1,0,0,1,0
241621,1786553433877.637355,0,0,0,1,0,0,1,0
241622,1786553433878.641442,0,0,0,1,0,0,1,0
241623,1786553433879.647329,0,0,0,1,0,0,1,0
241624,1786553433880.653417,0,0,0,1,0,0,1,0
241625,1786553433881.661706,0,0,0,1,0,0,1,0
241626,1786553433882.664692,0,0,0,1,0,0,1,0
241627,1786553433883.671679,0,0,0,1,0,0,1,0
241628,1786553433884.675665,0,0,0,1,0,0,1,0
241629,1786553433885.681754,0,0,0,1,0,0,1,0
241630,1786553433886.690241,0,0,0,1,0,0,1,0
241631,1786553433887.697430,0,0,0,1,0,0,1,0
241632,1786553433888.705216,0,0,0,1,0,0,1,0
241633,1786553433889.713704,0,0,0,1,0,0,1,0
241634,1786553433890.727392,0,0,0,1,0,0,1,0
241635,1786553433891.731679,0,0,0,1,0,0,1,0
241636,1786553433892.738665,0,0,0,1,0,0,1,0
241637,1786553433893.770555,0,0,0,1,0,0,1,0
241638,1786553433894.834048,0,0,0,1,0,0,1,0
241639,1786553433895.813334,0,0,0,1,0,0,1,0
241640,1786553433896.832623,0,0,0,1,0,0,1,0
241641,1786553433897.861612,0,0,0,1,0,0,1,0
241642,1786553433898.867498,0,0,0,1,0,0,1,0
241643,1786553433899.847082,0,0,0,1,0,0,1,0
241644,1786553433900.846169,0,0,0,1,0,0,1,0
241645,1786553433901.851856,0,0,0,1,0,0,1,0
241646,1786553433902.860143,0,0,0,1,0,0,1,0
241647,1786553433903.877231,0,0,0,1,0,0,1,0
241648,1786553433904.884917,0,0,0,1,0,0,1,0
241649,1786553433905.900103,0,0,0,1,0,0,1,0
241650,1786553433906.899191,0,0,0,1,0,0,1,0
241651,1786553433907.902579,0,0,0,1,0,0,1,0
241652,1786553433908.910265,0,0,0,1,0,0,1,0
241653,1786553433909.917452,0,0,0,1,0,0,1,0
241654,1786553433910.931039,0,0,0,1,0,0,1,0
241655,1786553433911.935125,0,0,0,1,0,0,1,0
241656,1786553433912.942113,0,0,0,1,0,0,1,0
241657,1786553433913.949899,0,0,0,1,0,0,1,0
241658,1786553433914.957987,0,0,0,1,0,0,1,0
241659,1786553433915.966975,0,0,0,1,0,0,1,0
241660,1786553433916.973861,0,0,0,1,0,0,1,0
241661,1786553433917.981148,0,0,0,1,0,0,1,0
241662,1786553433918.989936,0,0,0,1,0,0,1,0
241663,1786553433919.997823,0,0,0,1,0,0,1,0
241664,1786553433921.066715,0,0,0,1,0,0,1,0
241665,1786553433922.026298,0,0,0,1,0,0,1,0
241666,1786553433923.044486,0,0,0,1,0,0,1,0
241667,1786553433924.043174,0,0,0,1,0,0,1,0
241668,1786553433925.050761,0,0,0,1,0,0,1,0
241669,1786553433926.067548,0,0,0,1,0,0,1,0
241670,1786553433927.074835,0,0,0,1,0,0,1,0
241671,1786553433928.087422,0,0,0,1,0,0,1,0
241672,1786553433929.086409,0,0,0,1,0,0,1,0
241673,1786553433930.094197,0,0,0,1,0,0,1,0
241674,1786553433931.101584,0,0,0,1,0,0,1,0
241675,1786553433932.110171,0,0,0,1,0,0,1,0
241676,1786553433933.116558,0,0,0,1,0,0,1,0
241677,1786553433934.125447,0,0,0,1,0,0,1,0
241678,1786553433935.136435,0,0,0,1,0,0,1,0
241679,1786553433936.141423,0,0,0,1,0,0,1,0
241680,1786553433937.173413,0,0,0,1,0,0,1,0
241681,1786553433938.179002,0,0,0,1,0,0,1,0
241682,1786553433939.186189,0,0,0,1,0,0,1,0
241683,1786553433940.184677,0,0,0,1,0,0,1,0
241684,1786553433941.193063,0,0,0,1,0,0,1,0
241685,1786553433942.199452,0,0,0,1,0,0,1,0
241686,1786553433943.211741,0,0,0,1,0,0,1,0
241687,1786553433944.217427,0,0,0,1,0,0,1,0
241688,1786553433945.225415,0,0,0,1,0,0,1,0
241689,1786553433946.233602,0,0,0,1,0,0,1,0
241690,1786553433947.240089,0,0,0,1,0,0,1,0
241691,1786553433948.248277,0,0,0,1,0,0,1,0
241692,1786553433949.256266,0,0,0,1,0,0,1,0
241693,1786553433950.264855,0,0,0,1,0,0,1,0
241694,1786553433951.274241,0,0,0,1,0,0,1,0
241695,1786553433952.303330,0,0,0,1,0,0,1,0
241696,1786553433953.301917,0,0,0,1,0,0,1,0
241697,1786553433954.304204,0,0,0,1,0,0,1,0
241698,1786553433955.314191,0,0,0,1,0,0,1,0
241699,1786553433956.319478,0,0,0,1,0,0,1,0
241700,1786553433957.326868,0,0,0,1,0,0,1,0
241701,1786553433958.336156,0,0,0,1,0,0,1,0
241702,1786553433959.355345,0,0,0,1,0,0,1,0
241703,1786553433960.355430,0,0,0,1,0,0,1,0
241704,1786553433961.360417,0,0,0,1,0,0,1,0
241705,1786553433962.370405,0,0,0,1,0,0,1,0
241706,1786553433963.378992,0,0,0,1,0,0,1,0
241707,1786553433964.386680,0,0,0,1,0,0,1,0
241708,1786553433965.394267,0,0,0,1,0,0,1,0
241709,1786553433966.402054,0,0,0,1,0,0,1,0
241710,1786553433967.408941,0,0,0,1,0,0,1,0
241711,1786553433968.437029,0,0,0,1,0,0,1,0
241712,1786553433969.433015,0,0,0,1,0,0,1,0
241713,1786553433970.437901,0,0,0,1,0,0,1,0
241714,1786553433971.445489,0,0,0,1,0,0,1,0
241715,1786553433972.453676,0,0,0,1,0,0,1,0
241716,1786553433973.462164,0,0,0,1,0,0,1,0
241717,1786553433974.470150,0,0,0,1,0,0,1,0
241718,1786553433975.478637,0,0,0,1,0,0,1,0
241719,1786553433976.485326,0,0,0,1,0,0,1,0
241720,1786553433977.500716,0,0,0,1,0,0,1,0
241721,1786553433978.507402,0,0,0,1,0,0,1,0
241722,1786553433979.516189,0,0,0,1,0,0,1,0
241723,1786553433980.524176,0,0,0,1,0,0,1,0
241724,1786553433981.531762,0,0,0,1,0,0,1,0
241725,1786553433982.569454,0,0,0,1,0,0,1,0
241726,1786553433983.562541,0,0,0,1,0,0,1,0
241727,1786553433984.563626,0,0,0,1,0,0,1,0
241728,1786553433985.572614,0,0,0,1,0,0,1,0
241729,1786553433986.578802,0,0,0,1,0,0,1,0
241730,1786553433987.586190,0,0,0,1,0,0,1,0
241731,1786553433988.594177,0,0,0,1,0,0,1,0
241732,1786553433989.601765,0,0,0,1,0,0,1,0
241733,1786553433990.610251,0,0,0,1,0,0,1,0
241734,1786553433991.619838,0,0,0,1,0,0,1,0
241735,1786553433992.636826,0,0,0,1,0,0,1,0
241736,1786553433993.643512,0,0,0,1,0,0,1,0
241737,1786553433994.651900,0,0,0,1,0,0,1,0
241738,1786553433995.659988,0,0,0,1,0,0,1,0
241739,1786553433996.667075,0,0,0,1,0,0,1,0
241740,1786553433998.048996,0,0,0,1,0,0,1,0
241741,1786553433998.878268,0,0,0,1,0,0,1,0
241742,1786553433999.876553,0,0,0,1,0,0,1,0
241743,1786553434000.880140,0,0,0,1,0,0,1,0
241744,1786553434001.885827,0,0,0,1,0,0,1,0
241745,1786553434002.892516,0,0,0,1,0,0,1,0
241746,1786553434003.908205,0,0,0,1,0,0,1,0
241747,1786553434004.909892,0,0,0,1,0,0,1,0
241748,1786553434005.909977,0,0,0,1,0,0,1,0
241749,1786553434006.917366,0,0,0,1,0,0,1,0
241750,1786553434007.942856,0,0,0,1,0,0,1,0
241751,1786553434008.937041,0,0,0,1,0,0,1,0
241752,1786553434009.942930,0,0,0,1,0,0,1,0
241753,1786553434010.949318,0,0,0,1,0,0,1,0
241754,1786553434011.957505,0,0,0,1,0,0,1,0
241755,1786553434012.972093,0,0,0,1,0,0,1,0
241756,1786553434013.973578,0,0,0,1,0,0,1,0
241757,1786553434014.983866,0,0,0,1,0,0,1,0
241758,1786553434015.993554,0,0,0,1,0,0,1,0
241759,1786553434016.996643,0,0,0,1,0,0,1,0
241760,1786553434018.004130,0,0,0,1,0,0,1,0
241761,1786553434019.010918,0,0,0,1,0,0,1,0
241762,1786553434020.019907,0,0,0,1,0,0,1,0
241763,1786553434021.026695,0,0,0,1,0,0,1,0
241764,1786553434022.033883,0,0,0,1,0,0,1,0
241765,1786553434023.043672,0,0,0,1,0,0,1,0
241766,1786553434024.050059,0,0,0,1,0,0,1,0
241767,1786553434025.066746,0,0,0,1,0,0,1,0
241768,1786553434026.067434,0,0,0,1,0,0,1,0
241769,1786553434027.075822,0,0,0,1,0,0,1,0
241770,1786553434028.093211,0,0,0,1,0,0,1,0
241771,1786553434029.098998,0,0,0,1,0,0,1,0
241772,1786553434030.101686,0,0,0,1,0,0,1,0
241773,1786553434031.106874,0,0,0,1,0,0,1,0
241774,1786553434032.115461,0,0,0,1,0,0,1,0
241775,1786553434033.123448,0,0,0,1,0,0,1,0
241776,1786553434034.130535,0,0,0,1,0,0,1,0
241777,1786553434035.138824,0,0,0,1,0,0,1,0
241778,1786553434036.147412,0,0,0,1,0,0,1,0
241779,1786553434037.155500,0,0,0,1,0,0,1,0
241780,1786553434038.162588,0,0,0,1,0,0,1,0
241781,1786553434039.170676,0,0,0,1,0,0,1,0
241782,1786553434040.177963,0,0,0,1,0,0,1,0
241783,1786553434041.197851,0,0,0,1,0,0,1,0
241784,1786553434042.207438,0,0,0,1,0,0,1,0
241785,1786553434043.206227,0,0,0,1,0,0,1,0
241786,1786553434044.216913,0,0,0,1,0,0,1,0
241787,1786553434045.240302,0,0,0,1,0,0,1,0
241788,1786553434046.245391,0,0,0,1,0,0,1,0
241789,1786553434047.251878,0,0,0,1,0,0,1,0
241790,1786553434048.252468,0,0,0,1,0,0,1,0
241791,1786553434049.258955,0,0,0,1,0,0,1,0
241792,1786553434050.267243,0,0,0,1,0,0,1,0
241793,1786553434051.274431,0,0,0,1,0,0,1,0
241794,1786553434052.282219,0,0,0,1,0,0,1,0
241795,1786553434053.294007,0,0,0,1,0,0,1,0
241796,1786553434054.304493,0,0,0,1,0,0,1,0
241797,1786553434055.312680,0,0,0,1,0,0,1,0
241798,1786553434056.319668,0,0,0,1,0,0,1,0
241799,1786553434057.332757,0,0,0,1,0,0,1,0
241800,1786553434058.338944,0,0,0,1,0,0,1,0
241801,1786553434059.366534,0,0,0,1,0,0,1,0
241802,1786553434060.403024,0,0,0,1,0,0,1,0
241803,1786553434061.383509,0,0,0,1,0,0,1,0
241804,1786553434062.384993,0,0,0,1,0,0,1,0
241805,1786553434063.391082,0,0,0,1,0,0,1,0
241806,1786553434064.395769,0,0,0,1,0,0,1,0
241807,1786553434065.403555,0,0,0,1,0,0,1,0
241808,1786553434066.412341,0,0,0,1,0,0,1,0
241809,1786553434067.419329,0,0,0,1,0,0,1,0
241810,1786553434068.426816,0,0,0,1,0,0,1,0
241811,1786553434069.433905,0,0,0,1,0,0,1,0
241812,1786553434070.443592,0,0,0,1,0,0,1,0
241813,1786553434071.450079,0,0,0,1,0,0,1,0
241814,1786553434072.457668,0,0,0,1,0,0,1,0
241815,1786553434073.469257,0,0,0,1,0,0,1,0
241816,1786553434074.482843,0,0,0,1,0,0,1,0
241817,1786553434075.720854,0,0,0,1,0,0,1,0
241818,1786553434076.512322,0,0,0,1,0,0,1,0
241819,1786553434077.512010,0,0,0,1,0,0,1,0
241820,1786553434078.517099,0,0,0,1,0,0,1,0
241821,1786553434079.524687,0,0,0,1,0,0,1,0
241822,1786553434080.532374,0,0,0,1,0,0,1,0
241823,1786553434081.538862,0,0,0,1,0,0,1,0
241824,1786553434082.547149,0,0,0,1,0,0,1,0
241825,1786553434083.555735,0,0,0,1,0,0,1,0
241826,1786553434084.567422,0,0,0,1,0,0,1,0
241827,1786553434085.574407,0,0,0,1,0,0,1,0
241828,1786553434086.675601,0,0,0,1,0,0,1,0
241829,1786553434087.632483,0,0,0,1,0,0,1,0
241830,1786553434088.636071,0,0,0,1,0,0,1,0
241831,1786553434089.664761,0,0,0,1,0,0,1,0
241832,1786553434090.659247,0,0,0,1,0,0,1,0
241833,1786553434091.664734,0,0,0,1,0,0,1,0
241834,1786553434092.672721,0,0,0,1,0,0,1,0
241835,1786553434093.679009,0,0,0,1,0,0,1,0
241836,1786553434094.694596,0,0,0,1,0,0,1,0
241837,1786553434095.696481,0,0,0,1,0,0,1,0
241838,1786553434096.702767,0,0,0,1,0,0,1,0
241839,1786553434097.708854,0,0,0,1,0,0,1,0
241840,1786553434098.717041,0,0,0,1,0,0,1,0
241841,1786553434099.724629,0,0,0,1,0,0,1,0
241842,1786553434100.731817,0,0,0,1,0,0,1,0
241843,1786553434101.742305,0,0,0,1,0,0,1,0
241844,1786553434102.749393,0,0,0,1,0,0,1,0
241845,1786553434103.755979,0,0,0,1,0,0,1,0
241846,1786553434104.786268,0,0,0,1,0,0,1,0
241847,1786553434105.786453,0,0,0,1,0,0,1,0
241848,1786553434106.787842,0,0,0,1,0,0,1,0
241849,1786553434107.794428,0,0,0,1,0,0,1,0
241850,1786553434108.801816,0,0,0,1,0,0,1,0
241851,1786553434109.809404,0,0,0,1,0,0,1,0
241852,1786553434110.841593,0,0,0,1,0,0,1,0
241853,1786553434111.849982,0,0,0,1,0,0,1,0
241854,1786553434112.858870,0,0,0,1,0,0,1,0
241855,1786553434113.868256,0,0,0,1,0,0,1,0
241856,1786553434114.883043,0,0,0,1,0,0,1,0
241857,1786553434115.884631,0,0,0,1,0,0,1,0
241858,1786553434116.891518,0,0,0,1,0,0,1,0
241859,1786553434117.900206,0,0,0,1,0,0,1,0
241860,1786553434118.906093,0,0,0,1,0,0,1,0
241861,1786553434119.941683,0,0,0,1,0,0,1,0
241862,1786553434120.932570,0,0,0,1,0,0,1,0
241863,1786553434121.947856,0,0,0,1,0,0,1,0
241864,1786553434122.949644,0,0,0,1,0,0,1,0
241865,1786553434123.955732,0,0,0,1,0,0,1,0
241866,1786553434124.961620,0,0,0,1,0,0,1,0
241867,1786553434125.969607,0,0,0,1,0,0,1,0
241868,1786553434126.975994,0,0,0,1,0,0,1,0
241869,1786553434127.983882,0,0,0,1,0,0,1,0
241870,1786553434128.991969,0,0,0,1,0,0,1,0
241871,1786553434129.999658,0,0,0,1,0,0,1,0
241872,1786553434131.009846,0,0,0,1,0,0,1,0
241873,1786553434132.017533,0,0,0,1,0,0,1,0
241874,1786553434133.025920,0,0,0,1,0,0,1,0
241875,1786553434134.034406,0,0,0,1,0,0,1,0
241876,1786553434135.041993,0,0,0,1,0,0,1,0
241877,1786553434136.571127,0,0,0,1,0,0,1,0
241878,1786553434137.364397,0,0,0,1,0,0,1,0
241879,1786553434138.373985,0,0,0,1,0,0,1,0
241880,1786553434139.422076,0,0,0,1,0,0,1,0
241881,1786553434140.380860,0,0,0,1,0,0,1,0
241882,1786553434141.388948,0,0,0,1,0,0,1,0
241883,1786553434142.398635,0,0,0,1,0,0,1,0
241884,1786553434143.406322,0,0,0,1,0,0,1,0
241885,1786553434144.413910,0,0,0,1,0,0,1,0
241886,1786553434145.424597,0,0,0,1,0,0,1,0
241887,1786553434146.438686,0,0,0,1,0,0,1,0
241888,1786553434147.445174,0,0,0,1,0,0,1,0
241889,1786553434148.451161,0,0,0,1,0,0,1,0
241890,1786553434149.457648,0,0,0,1,0,0,1,0
241891,1786553434150.470936,0,0,0,1,0,0,1,0
241892,1786553434151.480423,0,0,0,1,0,0,1,0
241893,1786553434152.485910,0,0,0,1,0,0,1,0
241894,1786553434153.494999,0,0,0,1,0,0,1,0
241895,1786553434154.506287,0,0,0,1,0,0,1,0
241896,1786553434155.511672,0,0,0,1,0,0,1,0
241897,1786553434156.520760,0,0,0,1,0,0,1,0
241898,1786553434157.526949,0,0,0,1,0,0,1,0
241899,1786553434158.535936,0,0,0,1,0,0,1,0
241900,1786553434159.546823,0,0,0,1,0,0,1,0
241901,1786553434160.551911,0,0,0,1,0,0,1,0
241902,1786553434161.562999,0,0,0,1,0,0,1,0
241903,1786553434162.571186,0,0,0,1,0,0,1,0
241904,1786553434163.577272,0,0,0,1,0,0,1,0
241905,1786553434164.585060,0,0,0,1,0,0,1,0
241906,1786553434165.594147,0,0,0,1,0,0,1,0
241907,1786553434167.017967,0,0,0,1,0,0,1,0
241908,1786553434167.624820,0,0,0,1,0,0,1,0
241909,1786553434168.626207,0,0,0,1,0,0,1,0
241910,1786553434169.632295,0,0,0,1,0,0,1,0
241911,1786553434170.644183,0,0,0,1,0,0,1,0
241912,1786553434171.650170,0,0,0,1,0,0,1,0
241913,1786553434172.657958,0,0,0,1,0,0,1,0
241914,1786553434173.666044,0,0,0,1,0,0,1,0
241915,1786553434174.674933,0,0,0,1,0,0,1,0
241916,1786553434175.683322,0,0,0,1,0,0,1,0
241917,1786553434176.688308,0,0,0,1,0,0,1,0
241918,1786553434177.696496,0,0,0,1,0,0,1,0
241919,1786553434178.704282,0,0,0,1,0,0,1,0
241920,1786553434179.712267,0,0,0,1,0,0,1,0
241921,1786553434180.720755,0,0,0,1,0,0,1,0
241922,1786553434181.735542,0,0,0,1,0,0,1,0
241923,1786553434182.739230,0,0,0,1,0,0,1,0
241924,1786553434183.748017,0,0,0,1,0,0,1,0
241925,1786553434184.756805,0,0,0,1,0,0,1,0
241926,1786553434185.766493,0,0,0,1,0,0,1,0
241927,1786553434186.777082,0,0,0,1,0,0,1,0
241928,1786553434187.801770,0,0,0,1,0,0,1,0
241929,1786553434188.792656,0,0,0,1,0,0,1,0
241930,1786553434189.801344,0,0,0,1,0,0,1,0
241931,1786553434190.808332,0,0,0,1,0,0,1,0
241932,1786553434191.814720,0,0,0,1,0,0,1,0
241933,1786553434192.835006,0,0,0,1,0,0,1,0
241934,1786553434193.972306,0,0,0,1,0,0,1,0
241935,1786553434194.856883,0,0,0,1,0,0,1,0
241936,1786553434195.853069,0,0,0,1,0,0,1,0
241937,1786553434197.407105,0,0,0,1,0,0,1,0
241938,1786553434197.880245,0,0,0,1,0,0,1,0
241939,1786553434198.884332,0,0,0,1,0,0,1,0
241940,1786553434199.887520,0,0,0,1,0,0,1,0
241941,1786553434200.894708,0,0,0,1,0,0,1,0
241942,1786553434201.900197,0,0,0,1,0,0,1,0
241943,1786553434202.909087,0,0,0,1,0,0,1,0
241944,1786553434203.931674,0,0,0,1,0,0,1,0
241945,1786553434204.934761,0,0,0,1,0,0,1,0
241946,1786553434205.935148,0,0,0,1,0,0,1,0
241947,1786553434206.941137,0,0,0,1,0,0,1,0
241948,1786553434207.950822,0,0,0,1,0,0,1,0
241949,1786553434208.956709,0,0,0,1,0,0,1,0
241950,1786553434209.964899,0,0,0,1,0,0,1,0
241951,1786553434210.972688,0,0,0,1,0,0,1,0
241952,1786553434211.982175,0,0,0,1,0,0,1,0
241953,1786553434212.993863,0,0,0,1,0,0,1,0
241954,1786553434214.000451,0,0,0,1,0,0,1,0
241955,1786553434215.006937,0,0,0,1,0,0,1,0
241956,1786553434216.014225,0,0,0,1,0,0,1,0
241957,1786553434217.023113,0,0,0,1,0,0,1,0
241958,1786553434218.031397,0,0,0,1,0,0,1,0
241959,1786553434219.038583,0,0,0,1,0,0,1,0
241960,1786553434220.050773,0,0,0,1,0,0,1,0
241961,1786553434221.054060,0,0,0,1,0,0,1,0
241962,1786553434222.063348,0,0,0,1,0,0,1,0
241963,1786553434223.071637,0,0,0,1,0,0,1,0
241964,1786553434224.079725,0,0,0,1,0,0,1,0
241965,1786553434225.089313,0,0,0,1,0,0,1,0
241966,1786553434226.097800,0,0,0,1,0,0,1,0
241967,1786553434227.107088,0,0,0,1,0,0,1,0
241968,1786553434228.504410,0,0,0,1,0,0,1,0
241969,1786553434229.413989,0,0,0,1,0,0,1,0
241970,1786553434230.422377,0,0,0,1,0,0,1,0
241971,1786553434231.425865,0,0,0,1,0,0,1,0
241972,1786553434232.434952,0,0,0,1,0,0,1,0
241973,1786553434233.440039,0,0,0,1,0,0,1,0
241974,1786553434234.451426,0,0,0,1,0,0,1,0
241975,1786553434235.453815,0,0,0,1,0,0,1,0
241976,1786553434236.461202,0,0,0,1,0,0,1,0
241977,1786553434237.469090,0,0,0,1,0,0,1,0
241978,1786553434238.475378,0,0,0,1,0,0,1,0
241979,1786553434239.484265,0,0,0,1,0,0,1,0
241980,1786553434240.492452,0,0,0,1,0,0,1,0
241981,1786553434241.500439,0,0,0,1,0,0,1,0
241982,1786553434242.507824,0,0,0,1,0,0,1,0
241983,1786553434243.514911,0,0,0,1,0,0,1,0
241984,1786553434244.577703,0,0,0,1,0,0,1,0
241985,1786553434245.578290,0,0,0,1,0,0,1,0
241986,1786553434246.587779,0,0,0,1,0,0,1,0
241987,1786553434247.567865,0,0,0,1,0,0,1,0
241988,1786553434248.572154,0,0,0,1,0,0,1,0
241989,1786553434249.580043,0,0,0,1,0,0,1,0
241990,1786553434250.587530,0,0,0,1,0,0,1,0
241991,1786553434251.602019,0,0,0,1,0,0,1,0
241992,1786553434252.647909,0,0,0,1,0,0,1,0
241993,1786553434253.655496,0,0,0,1,0,0,1,0
241994,1786553434254.630881,0,0,0,1,0,0,1,0
241995,1786553434255.637567,0,0,0,1,0,0,1,0
241996,1786553434256.645555,0,0,0,1,0,0,1,0
241997,1786553434257.653042,0,0,0,1,0,0,1,0
241998,1786553434258.662330,0,0,0,1,0,0,1,0
241999,1786553434259.690020,0,0,0,1,0,0,1,0
242000,1786553434260.684206,0,0,0,1,0,0,1,0
242001,1786553434261.688693,0,0,0,1,0,0,1,0
242002,1786553434262.698880,0,0,0,1,0,0,1,0
242003,1786553434263.704568,0,0,0,1,0,0,1,0
242004,1786553434264.711355,0,0,0,1,0,0,1,0
242005,1786553434265.719842,0,0,0,1,0,0,1,0
242006,1786553434266.729230,0,0,0,1,0,0,1,0
242007,1786553434267.739018,0,0,0,1,0,0,1,0
242008,1786553434268.755506,0,0,0,1,0,0,1,0
242009,1786553434269.761794,0,0,0,1,0,0,1,0
242010,1786553434270.771481,0,0,0,1,0,0,1,0
242011,1786553434271.781169,0,0,0,1,0,0,1,0
242012,1786553434272.790457,0,0,0,1,0,0,1,0
242013,1786553434273.839548,0,0,0,1,0,0,1,0
242014,1786553434274.862337,0,0,0,1,0,0,1,0
242015,1786553434275.831422,0,0,0,1,0,0,1,0
242016,1786553434276.839411,0,0,0,1,0,0,1,0
242017,1786553434277.855600,0,0,0,1,0,0,1,0
242018,1786553434278.857787,0,0,0,1,0,0,1,0
242019,1786553434279.865873,0,0,0,1,0,0,1,0
242020,1786553434280.874659,0,0,0,1,0,0,1,0
242021,1786553434281.883947,0,0,0,1,0,0,1,0
242022,1786553434282.890535,0,0,0,1,0,0,1,0
242023,1786553434283.901623,0,0,0,1,0,0,1,0
242024,1786553434284.917511,0,0,0,1,0,0,1,0
242025,1786553434285.978903,0,0,0,1,0,0,1,0
242026,1786553434286.986492,0,0,0,1,0,0,1,0
242027,1786553434287.999982,0,0,0,1,0,0,1,0
242028,1786553434289.005969,0,0,0,1,0,0,1,0
242029,1786553434290.000755,0,0,0,1,0,0,1,0
242030,1786553434290.992540,0,0,0,1,0,0,1,0
242031,1786553434292.005628,0,0,0,1,0,0,1,0
242032,1786553434293.004214,0,0,0,1,0,0,1,0
242033,1786553434294.146114,0,0,0,1,0,0,1,0
242034,1786553434295.148302,0,0,0,1,0,0,1,0
242035,1786553434296.156691,0,0,0,1,0,0,1,0
242036,1786553434297.163879,0,0,0,1,0,0,1,0
242037,1786553434298.240673,0,0,0,1,0,0,1,0
242038,1786553434299.180454,0,0,0,1,0,0,1,0
242039,1786553434300.189841,0,0,0,1,0,0,1,0
242040,1786553434301.194230,0,0,0,1,0,0,1,0
242041,1786553434302.208818,0,0,0,1,0,0,1,0
242042,1786553434303.217206,0,0,0,1,0,0,1,0
242043,1786553434304.262098,0,0,0,1,0,0,1,0
242044,1786553434305.243383,0,0,0,1,0,0,1,0
242045,1786553434306.251471,0,0,0,1,0,0,1,0
242046,1786553434307.259959,0,0,0,1,0,0,1,0
242047,1786553434308.270245,0,0,0,1,0,0,1,0
242048,1786553434309.279234,0,0,0,1,0,0,1,0
242049,1786553434310.288422,0,0,0,1,0,0,1,0
242050,1786553434311.296909,0,0,0,1,0,0,1,0
242051,1786553434312.305198,0,0,0,1,0,0,1,0
242052,1786553434313.314884,0,0,0,1,0,0,1,0
242053,1786553434314.323473,0,0,0,1,0,0,1,0
242054,1786553434315.335060,0,0,0,1,0,0,1,0
242055,1786553434316.343947,0,0,0,1,0,0,1,0
242056,1786553434317.351934,0,0,0,1,0,0,1,0
242057,1786553434318.373323,0,0,0,1,0,0,1,0
242058,1786553434319.377511,0,0,0,1,0,0,1,0
242059,1786553434320.427702,0,0,0,1,0,0,1,0
242060,1786553434321.404888,0,0,0,1,0,0,1,0
242061,1786553434322.432878,0,0,0,1,0,0,1,0
242062,1786553434323.428765,0,0,0,1,0,0,1,0
242063,1786553434324.430252,0,0,0,1,0,0,1,0
242064,1786553434325.437739,0,0,0,1,0,0,1,0
242065,1786553434326.446726,0,0,0,1,0,0,1,0
242066,1786553434327.455612,0,0,0,1,0,0,1,0
242067,1786553434328.465600,0,0,0,1,0,0,1,0
242068,1786553434329.475588,0,0,0,1,0,0,1,0
242069,1786553434330.484374,0,0,0,1,0,0,1,0
242070,1786553434331.493762,0,0,0,1,0,0,1,0
242071,1786553434332.501950,0,0,0,1,0,0,1,0
242072,1786553434333.521539,0,0,0,1,0,0,1,0
242073,1786553434334.544525,0,0,0,1,0,0,1,0
242074,1786553434335.611519,0,0,0,1,0,0,1,0
242075,1786553434336.619509,0,0,0,1,0,0,1,0
242076,1786553434337.576493,0,0,0,1,0,0,1,0
242077,1786553434338.579981,0,0,0,1,0,0,1,0
242078,1786553434339.584169,0,0,0,1,0,0,1,0
242079,1786553434340.589757,0,0,0,1,0,0,1,0
242080,1786553434341.595444,0,0,0,1,0,0,1,0
242081,1786553434342.601732,0,0,0,1,0,0,1,0
242082,1786553434343.610120,0,0,0,1,0,0,1,0
242083,1786553434344.627608,0,0,0,1,0,0,1,0
242084,1786553434345.633797,0,0,0,1,0,0,1,0
242085,1786553434346.641886,0,0,0,1,0,0,1,0
242086,1786553434347.649573,0,0,0,1,0,0,1,0
242087,1786553434348.707866,0,0,0,1,0,0,1,0
242088,1786553434349.691353,0,0,0,1,0,0,1,0
242089,1786553434350.694841,0,0,0,1,0,0,1,0
242090,1786553434351.700028,0,0,0,1,0,0,1,0
242091,1786553434352.704214,0,0,0,1,0,0,1,0
242092,1786553434353.712902,0,0,0,1,0,0,1,0
242093,1786553434354.718090,0,0,0,1,0,0,1,0
242094,1786553434355.725777,0,0,0,1,0,0,1,0
242095,1786553434356.734365,0,0,0,1,0,0,1,0
242096,1786553434357.741052,0,0,0,1,0,0,1,0
242097,1786553434358.750739,0,0,0,1,0,0,1,0
242098,1786553434359.767829,0,0,0,1,0,0,1,0
242099,1786553434360.771516,0,0,0,1,0,0,1,0
242100,1786553434361.781004,0,0,0,1,0,0,1,0
242101,1786553434362.788892,0,0,0,1,0,0,1,0
242102,1786553434363.815780,0,0,0,1,0,0,1,0
242103,1786553434364.827369,0,0,0,1,0,0,1,0
242104,1786553434365.829456,0,0,0,1,0,0,1,0
242105,1786553434366.834445,0,0,0,1,0,0,1,0
242106,1786553434367.841332,0,0,0,1,0,0,1,0
242107,1786553434368.850320,0,0,0,1,0,0,1,0
242108,1786553434369.856908,0,0,0,1,0,0,1,0
242109,1786553434370.867595,0,0,0,1,0,0,1,0
242110,1786553434371.874583,0,0,0,1,0,0,1,0
242111,1786553434372.883070,0,0,0,1,0,0,1,0
242112,1786553434373.890257,0,0,0,1,0,0,1,0
242113,1786553434374.908947,0,0,0,1,0,0,1,0
242114,1786553434375.908233,0,0,0,1,0,0,1,0
242115,1786553434376.915821,0,0,0,1,0,0,1,0
242116,1786553434377.921307,0,0,0,1,0,0,1,0
242117,1786553434378.952996,0,0,0,1,0,0,1,0
242118,1786553434379.949382,0,0,0,1,0,0,1,0
242119,1786553434380.952469,0,0,0,1,0,0,1,0
242120,1786553434381.959957,0,0,0,1,0,0,1,0
242121,1786553434382.970345,0,0,0,1,0,0,1,0
242122,1786553434383.978332,0,0,0,1,0,0,1,0
242123,1786553434384.980617,0,0,0,1,0,0,1,0
242124,1786553434385.987805,0,0,0,1,0,0,1,0
242125,1786553434386.993392,0,0,0,1,0,0,1,0
242126,1786553434388.001281,0,0,0,1,0,0,1,0
242127,1786553434389.008767,0,0,0,1,0,0,1,0
242128,1786553434390.017752,0,0,0,1,0,0,1,0
242129,1786553434391.026241,0,0,0,1,0,0,1,0
242130,1786553434392.033526,0,0,0,1,0,0,1,0
242131,1786553434393.042415,0,0,0,1,0,0,1,0
242132,1786553434394.117510,0,0,0,1,0,0,1,0
242133,1786553434395.145701,0,0,0,1,0,0,1,0
242134,1786553434396.140287,0,0,0,1,0,0,1,0
242135,1786553434397.146474,0,0,0,1,0,0,1,0
242136,1786553434398.164663,0,0,0,1,0,0,1,0
242137,1786553434399.162848,0,0,0,1,0,0,1,0
242138,1786553434400.170235,0,0,0,1,0,0,1,0
242139,1786553434401.177622,0,0,0,1,0,0,1,0
242140,1786553434402.185310,0,0,0,1,0,0,1,0
242141,1786553434403.192596,0,0,0,1,0,0,1,0
242142,1786553434404.200584,0,0,0,1,0,0,1,0
242143,1786553434405.209271,0,0,0,1,0,0,1,0
242144,1786553434406.217160,0,0,0,1,0,0,1,0
242145,1786553434407.225245,0,0,0,1,0,0,1,0
242146,1786553434408.232832,0,0,0,1,0,0,1,0
242147,1786553434409.247120,0,0,0,1,0,0,1,0
242148,1786553434410.255208,0,0,0,1,0,0,1,0
242149,1786553434411.260494,0,0,0,1,0,0,1,0
242150,1786553434412.269483,0,0,0,1,0,0,1,0
242151,1786553434413.276970,0,0,0,1,0,0,1,0
242152,1786553434414.296657,0,0,0,1,0,0,1,0
242153,1786553434415.314145,0,0,0,1,0,0,1,0
242154,1786553434416.317932,0,0,0,1,0,0,1,0
242155,1786553434417.324819,0,0,0,1,0,0,1,0
242156,1786553434418.334307,0,0,0,1,0,0,1,0
242157,1786553434419.343495,0,0,0,1,0,0,1,0
242158,1786553434420.351282,0,0,0,1,0,0,1,0
242159,1786553434421.359069,0,0,0,1,0,0,1,0
242160,1786553434422.368256,0,0,0,1,0,0,1,0
242161,1786553434423.379543,0,0,0,1,0,0,1,0
242162,1786553434424.613150,0,0,0,1,0,0,1,0
242163,1786553434425.567634,0,0,0,1,0,0,1,0
242164,1786553434426.571822,0,0,0,1,0,0,1,0
242165,1786553434427.578107,0,0,0,1,0,0,1,0
242166,1786553434428.586996,0,0,0,1,0,0,1,0
242167,1786553434429.596082,0,0,0,1,0,0,1,0
242168,1786553434430.604070,0,0,0,1,0,0,1,0
242169,1786553434431.628357,0,0,0,1,0,0,1,0
242170,1786553434432.627644,0,0,0,1,0,0,1,0
242171,1786553434433.635431,0,0,0,1,0,0,1,0
242172,1786553434434.643119,0,0,0,1,0,0,1,0
242173,1786553434435.651007,0,0,0,1,0,0,1,0
242174,1786553434436.657296,0,0,0,1,0,0,1,0
242175,1786553434437.665384,0,0,0,1,0,0,1,0
242176,1786553434438.675272,0,0,0,1,0,0,1,0
242177,1786553434439.692460,0,0,0,1,0,0,1,0
242178,1786553434440.694048,0,0,0,1,0,0,1,0
242179,1786553434441.703133,0,0,0,1,0,0,1,0
242180,1786553434442.710821,0,0,0,1,0,0,1,0
242181,1786553434443.717909,0,0,0,1,0,0,1,0
242182,1786553434444.724495,0,0,0,1,0,0,1,0
242183,1786553434445.733183,0,0,0,1,0,0,1,0
242184,1786553434446.739370,0,0,0,1,0,0,1,0
242185,1786553434447.760959,0,0,0,1,0,0,1,0
242186,1786553434448.765747,0,0,0,1,0,0,1,0
242187,1786553434449.770833,0,0,0,1,0,0,1,0
242188,1786553434450.784121,0,0,0,1,0,0,1,0
242189,1786553434451.789110,0,0,0,1,0,0,1,0
242190,1786553434452.798397,0,0,0,1,0,0,1,0
242191,1786553434453.806185,0,0,0,1,0,0,1,0
242192,1786553434454.835173,0,0,0,1,0,0,1,0
242193,1786553434455.851362,0,0,0,1,0,0,1,0
242194,1786553434456.844049,0,0,0,1,0,0,1,0
242195,1786553434457.849935,0,0,0,1,0,0,1,0
242196,1786553434458.858323,0,0,0,1,0,0,1,0
242197,1786553434459.868910,0,0,0,1,0,0,1,0
242198,1786553434460.875597,0,0,0,1,0,0,1,0
242199,1786553434461.887685,0,0,0,1,0,0,1,0
242200,1786553434462.890771,0,0,0,1,0,0,1,0
242201,1786553434463.906460,0,0,0,1,0,0,1,0
242202,1786553434464.918549,0,0,0,1,0,0,1,0
242203,1786553434465.917635,0,0,0,1,0,0,1,0
242204,1786553434466.925722,0,0,0,1,0,0,1,0
242205,1786553434467.936111,0,0,0,1,0,0,1,0
242206,1786553434468.943699,0,0,0,1,0,0,1,0
242207,1786553434469.952887,0,0,0,1,0,0,1,0
242208,1786553434471.007577,0,0,0,1,0,0,1,0
242209,1786553434471.977561,0,0,0,1,0,0,1,0
242210,1786553434472.983648,0,0,0,1,0,0,1,0
242211,1786553434473.987435,0,0,0,1,0,0,1,0
242212,1786553434474.995423,0,0,0,1,0,0,1,0
242213,1786553434476.004710,0,0,0,1,0,0,1,0
242214,1786553434477.013898,0,0,0,1,0,0,1,0
242215,1786553434478.023087,0,0,0,1,0,0,1,0
242216,1786553434479.032974,0,0,0,1,0,0,1,0
242217,1786553434480.041063,0,0,0,1,0,0,1,0
242218,1786553434481.054551,0,0,0,1,0,0,1,0
242219,1786553434482.060438,0,0,0,1,0,0,1,0
242220,1786553434483.069625,0,0,0,1,0,0,1,0
242221,1786553434484.078213,0,0,0,1,0,0,1,0
242222,1786553434485.086500,0,0,0,1,0,0,1,0
242223,1786553434486.566830,0,0,0,1,0,0,1,0
242224,1786553434487.485610,0,0,0,1,0,0,1,0
242225,1786553434488.487496,0,0,0,1,0,0,1,0
242226,1786553434489.563090,0,0,0,1,0,0,1,0
242227,1786553434490.579479,0,0,0,1,0,0,1,0
242228,1786553434491.518862,0,0,0,1,0,0,1,0
242229,1786553434492.601358,0,0,0,1,0,0,1,0
242230,1786553434493.545639,0,0,0,1,0,0,1,0
242231,1786553434494.555527,0,0,0,1,0,0,1,0
242232,1786553434495.565014,0,0,0,1,0,0,1,0
242233,1786553434496.577102,0,0,0,1,0,0,1,0
242234,1786553434497.583289,0,0,0,1,0,0,1,0
242235,1786553434498.590775,0,0,0,1,0,0,1,0
242236,1786553434499.597962,0,0,0,1,0,0,1,0
242237,1786553434500.605248,0,0,0,1,0,0,1,0
242238,1786553434501.974266,0,0,0,1,0,0,1,0
242239,1786553434502.813939,0,0,0,1,0,0,1,0
242240,1786553434503.811826,0,0,0,1,0,0,1,0
242241,1786553434504.840414,0,0,0,1,0,0,1,0
242242,1786553434505.838401,0,0,0,1,0,0,1,0
242243,1786553434506.842987,0,0,0,1,0,0,1,0
242244,1786553434507.852776,0,0,0,1,0,0,1,0
242245,1786553434508.861164,0,0,0,1,0,0,1,0
242246,1786553434509.867651,0,0,0,1,0,0,1,0
242247,1786553434510.876039,0,0,0,1,0,0,1,0
242248,1786553434511.891128,0,0,0,1,0,0,1,0
242249,1786553434512.895815,0,0,0,1,0,0,1,0
242250,1786553434513.898802,0,0,0,1,0,0,1,0
242251,1786553434514.948593,0,0,0,1,0,0,1,0
242252,1786553434515.922478,0,0,0,1,0,0,1,0
242253,1786553434516.919963,0,0,0,1,0,0,1,0
242254,1786553434517.925951,0,0,0,1,0,0,1,0
242255,1786553434518.933639,0,0,0,1,0,0,1,0
242256,1786553434519.942926,0,0,0,1,0,0,1,0
242257,1786553434520.951313,0,0,0,1,0,0,1,0
242258,1786553434521.957401,0,0,0,1,0,0,1,0
242259,1786553434522.964688,0,0,0,1,0,0,1,0
242260,1786553434523.974476,0,0,0,1,0,0,1,0
242261,1786553434524.983364,0,0,0,1,0,0,1,0
242262,1786553434525.994351,0,0,0,1,0,0,1,0
242263,1786553434526.999538,0,0,0,1,0,0,1,0
242264,1786553434528.008327,0,0,0,1,0,0,1,0
242265,1786553434529.019313,0,0,0,1,0,0,1,0
242266,1786553434530.023698,0,0,0,1,0,0,1,0
242267,1786553434531.155697,0,0,0,1,0,0,1,0
242268,1786553434532.122480,0,0,0,1,0,0,1,0
242269,1786553434533.121069,0,0,0,1,0,0,1,0
242270,1786553434534.183762,0,0,0,1,0,0,1,0
242271,1786553434535.142646,0,0,0,1,0,0,1,0
242272,1786553434536.150833,0,0,0,1,0,0,1,0
242273,1786553434537.155621,0,0,0,1,0,0,1,0
242274,1786553434538.165609,0,0,0,1,0,0,1,0
242275,1786553434539.172297,0,0,0,1,0,0,1,0
242276,1786553434540.182387,0,0,0,1,0,0,1,0
242277,1786553434541.190875,0,0,0,1,0,0,1,0
242278,1786553434542.198163,0,0,0,1,0,0,1,0
242279,1786553434543.206451,0,0,0,1,0,0,1,0
242280,1786553434544.214239,0,0,0,1,0,0,1,0
242281,1786553434545.236526,0,0,0,1,0,0,1,0
242282,1786553434546.233314,0,0,0,1,0,0,1,0
242283,1786553434547.240600,0,0,0,1,0,0,1,0
242284,1786553434548.247588,0,0,0,1,0,0,1,0
242285,1786553434549.298380,0,0,0,1,0,0,1,0
242286,1786553434550.302768,0,0,0,1,0,0,1,0
242287,1786553434551.309956,0,0,0,1,0,0,1,0
242288,1786553434552.317545,0,0,0,1,0,0,1,0
242289,1786553434553.326133,0,0,0,1,0,0,1,0
242290,1786553434554.332820,0,0,0,1,0,0,1,0
242291,1786553434555.340607,0,0,0,1,0,0,1,0
242292,1786553434556.349894,0,0,0,1,0,0,1,0
242293,1786553434557.356981,0,0,0,1,0,0,1,0
242294,1786553434558.364769,0,0,0,1,0,0,1,0
242295,1786553434559.371957,0,0,0,1,0,0,1,0
242296,1786553434560.391046,0,0,0,1,0,0,1,0
242297,1786553434561.399635,0,0,0,1,0,0,1,0
242298,1786553434562.399823,0,0,0,1,0,0,1,0
242299,1786553434563.407309,0,0,0,1,0,0,1,0
242300,1786553434564.414096,0,0,0,1,0,0,1,0
242301,1786553434565.421585,0,0,0,1,0,0,1,0
242302,1786553434566.428873,0,0,0,1,0,0,1,0
242303,1786553434567.437961,0,0,0,1,0,0,1,0
242304,1786553434568.448549,0,0,0,1,0,0,1,0
242305,1786553434569.453236,0,0,0,1,0,0,1,0
242306,1786553434570.462223,0,0,0,1,0,0,1,0
242307,1786553434571.471310,0,0,0,1,0,0,1,0
242308,1786553434572.476397,0,0,0,1,0,0,1,0
242309,1786553434573.484984,0,0,0,1,0,0,1,0
242310,1786553434574.492873,0,0,0,1,0,0,1,0
242311,1786553434575.499059,0,0,0,1,0,0,1,0
242312,1786553434576.700862,0,0,0,1,0,0,1,0
242313,1786553434577.568138,0,0,0,1,0,0,1,0
242314,1786553434578.570626,0,0,0,1,0,0,1,0
242315,1786553434579.572714,0,0,0,1,0,0,1,0
242316,1786553434580.581101,0,0,0,1,0,0,1,0
242317,1786553434581.587889,0,0,0,1,0,0,1,0
242318,1786553434582.594977,0,0,0,1,0,0,1,0
242319,1786553434583.602364,0,0,0,1,0,0,1,0
242320,1786553434584.611953,0,0,0,1,0,0,1,0
242321,1786553434585.619339,0,0,0,1,0,0,1,0
242322,1786553434586.626626,0,0,0,1,0,0,1,0
242323,1786553434587.634414,0,0,0,1,0,0,1,0
242324,1786553434588.641503,0,0,0,1,0,0,1,0
242325,1786553434589.651691,0,0,0,1,0,0,1,0
242326,1786553434590.665079,0,0,0,1,0,0,1,0
242327,1786553434591.672366,0,0,0,1,0,0,1,0
242328,1786553434592.678653,0,0,0,1,0,0,1,0
242329,1786553434593.702243,0,0,0,1,0,0,1,0
242330,1786553434594.702229,0,0,0,1,0,0,1,0
242331,1786553434595.706015,0,0,0,1,0,0,1,0
242332,1786553434596.711602,0,0,0,1,0,0,1,0
242333,1786553434597.718491,0,0,0,1,0,0,1,0
242334,1786553434598.725977,0,0,0,1,0,0,1,0
242335,1786553434599.734765,0,0,0,1,0,0,1,0
242336,1786553434600.743352,0,0,0,1,0,0,1,0
242337,1786553434601.752040,0,0,0,1,0,0,1,0
242338,1786553434602.760428,0,0,0,1,0,0,1,0
242339,1786553434603.771317,0,0,0,1,0,0,1,0
242340,1786553434604.791304,0,0,0,1,0,0,1,0
242341,1786553434605.791689,0,0,0,1,0,0,1,0
242342,1786553434607.260818,0,0,0,1,0,0,1,0
242343,1786553434607.871771,0,0,0,1,0,0,1,0
242344,1786553434608.894460,0,0,0,1,0,0,1,0
242345,1786553434609.898246,0,0,0,1,0,0,1,0
242346,1786553434610.871831,0,0,0,1,0,0,1,0
242347,1786553434611.877718,0,0,0,1,0,0,1,0
242348,1786553434612.888306,0,0,0,1,0,0,1,0
242349,1786553434613.900493,0,0,0,1,0,0,1,0
242350,1786553434614.920281,0,0,0,1,0,0,1,0
242351,1786553434615.919967,0,0,0,1,0,0,1,0
242352,1786553434616.937154,0,0,0,1,0,0,1,0
242353,1786553434617.937542,0,0,0,1,0,0,1,0
242354,1786553434618.940830,0,0,0,1,0,0,1,0
242355,1786553434619.948317,0,0,0,1,0,0,1,0
242356,1786553434620.960506,0,0,0,1,0,0,1,0
242357,1786553434621.998497,0,0,0,1,0,0,1,0
242358,1786553434622.990783,0,0,0,1,0,0,1,0
242359,1786553434623.994770,0,0,0,1,0,0,1,0
242360,1786553434624.992757,0,0,0,1,0,0,1,0
242361,1786553434626.000143,0,0,0,1,0,0,1,0
242362,1786553434627.012531,0,0,0,1,0,0,1,0
242363,1786553434628.022718,0,0,0,1,0,0,1,0
242364,1786553434629.029805,0,0,0,1,0,0,1,0
242365,1786553434630.042493,0,0,0,1,0,0,1,0
242366,1786553434631.047180,0,0,0,1,0,0,1,0
242367,1786553434632.056668,0,0,0,1,0,0,1,0
242368,1786553434633.064757,0,0,0,1,0,0,1,0
242369,1786553434634.073044,0,0,0,1,0,0,1,0
242370,1786553434635.083230,0,0,0,1,0,0,1,0
242371,1786553434636.092217,0,0,0,1,0,0,1,0
242372,1786553434637.100704,0,0,0,1,0,0,1,0
242373,1786553434639.012768,0,0,0,1,0,0,1,0
242374,1786553434639.380801,0,0,0,1,0,0,1,0
242375,1786553434640.429892,0,0,0,1,0,0,1,0
242376,1786553434641.434078,0,0,0,1,0,0,1,0
242377,1786553434642.450367,0,0,0,1,0,0,1,0
242378,1786553434643.465056,0,0,0,1,0,0,1,0
242379,1786553434644.473643,0,0,0,1,0,0,1,0
242380,1786553434645.460728,0,0,0,1,0,0,1,0
242381,1786553434646.451914,0,0,0,1,0,0,1,0
242382,1786553434647.459000,0,0,0,1,0,0,1,0
242383,1786553434648.465188,0,0,0,1,0,0,1,0
242384,1786553434649.473175,0,0,0,1,0,0,1,0
242385,1786553434650.488762,0,0,0,1,0,0,1,0
242386,1786553434651.493650,0,0,0,1,0,0,1,0
242387,1786553434652.540941,0,0,0,1,0,0,1,0
242388,1786553434653.520228,0,0,0,1,0,0,1,0
242389,1786553434654.527216,0,0,0,1,0,0,1,0
242390,1786553434655.533303,0,0,0,1,0,0,1,0
242391,1786553434656.543390,0,0,0,1,0,0,1,0
242392,1786553434657.550879,0,0,0,1,0,0,1,0
242393,1786553434658.567767,0,0,0,1,0,0,1,0
242394,1786553434659.624559,0,0,0,1,0,0,1,0
242395,1786553434660.615844,0,0,0,1,0,0,1,0
242396,1786553434661.609131,0,0,0,1,0,0,1,0
242397,1786553434662.612615,0,0,0,1,0,0,1,0
242398,1786553434663.619005,0,0,0,1,0,0,1,0
242399,1786553434664.625694,0,0,0,1,0,0,1,0
242400,1786553434665.637382,0,0,0,1,0,0,1,0
242401,1786553434666.643469,0,0,0,1,0,0,1,0
242402,1786553434667.651557,0,0,0,1,0,0,1,0
242403,1786553434668.674347,0,0,0,1,0,0,1,0
242404,1786553434669.673034,0,0,0,1,0,0,1,0
242405,1786553434670.681221,0,0,0,1,0,0,1,0
242406,1786553434671.687610,0,0,0,1,0,0,1,0
242407,1786553434672.705099,0,0,0,1,0,0,1,0
242408,1786553434673.705286,0,0,0,1,0,0,1,0
242409,1786553434674.719875,0,0,0,1,0,0,1,0
242410,1786553434675.726661,0,0,0,1,0,0,1,0
242411,1786553434676.733348,0,0,0,1,0,0,1,0
242412,1786553434677.741636,0,0,0,1,0,0,1,0
242413,1786553434678.746523,0,0,0,1,0,0,1,0
242414,1786553434679.767412,0,0,0,1,0,0,1,0
242415,1786553434680.777900,0,0,0,1,0,0,1,0
242416,1786553434681.785387,0,0,0,1,0,0,1,0
242417,1786553434682.789574,0,0,0,1,0,0,1,0
242418,1786553434683.796262,0,0,0,1,0,0,1,0
242419,1786553434684.812751,0,0,0,1,0,0,1,0
242420,1786553434685.809138,0,0,0,1,0,0,1,0
242421,1786553434686.840426,0,0,0,1,0,0,1,0
242422,1786553434687.849616,0,0,0,1,0,0,1,0
242423,1786553434688.847702,0,0,0,1,0,0,1,0
242424,1786553434689.855590,0,0,0,1,0,0,1,0
242425,1786553434690.880479,0,0,0,1,0,0,1,0
242426,1786553434691.948973,0,0,0,1,0,0,1,0
242427,1786553434692.927457,0,0,0,1,0,0,1,0
242428,1786553434694.054557,0,0,0,1,0,0,1,0
242429,1786553434694.922733,0,0,0,1,0,0,1,0
242430,1786553434695.922619,0,0,0,1,0,0,1,0
242431,1786553434696.928906,0,0,0,1,0,0,1,0
242432,1786553434697.939994,0,0,0,1,0,0,1,0
242433,1786553434698.953180,0,0,0,1,0,0,1,0
242434,1786553434699.958968,0,0,0,1,0,0,1,0
242435,1786553434700.968155,0,0,0,1,0,0,1,0
242436,1786553434701.979343,0,0,0,1,0,0,1,0
242437,1786553434702.980531,0,0,0,1,0,0,1,0
242438,1786553434703.998019,0,0,0,1,0,0,1,0
242439,1786553434704.996407,0,0,0,1,0,0,1,0
242440,1786553434706.005594,0,0,0,1,0,0,1,0
242441,1786553434707.013782,0,0,0,1,0,0,1,0
242442,1786553434708.022370,0,0,0,1,0,0,1,0
242443,1786553434709.028759,0,0,0,1,0,0,1,0
242444,1786553434710.036746,0,0,0,1,0,0,1,0
242445,1786553434711.043434,0,0,0,1,0,0,1,0
242446,1786553434712.051620,0,0,0,1,0,0,1,0
242447,1786553434713.059208,0,0,0,1,0,0,1,0
242448,1786553434714.067396,0,0,0,1,0,0,1,0
242449,1786553434715.385312,0,0,0,1,0,0,1,0
242450,1786553434716.224786,0,0,0,1,0,0,1,0
242451,1786553434717.240974,0,0,0,1,0,0,1,0
242452,1786553434718.238462,0,0,0,1,0,0,1,0
242453,1786553434719.240849,0,0,0,1,0,0,1,0
242454,1786553434720.245137,0,0,0,1,0,0,1,0
242455,1786553434721.253725,0,0,0,1,0,0,1,0
242456,1786553434722.261612,0,0,0,1,0,0,1,0
242457,1786553434723.269599,0,0,0,1,0,0,1,0
242458,1786553434724.276886,0,0,0,1,0,0,1,0
242459,1786553434725.285673,0,0,0,1,0,0,1,0
242460,1786553434726.292760,0,0,0,1,0,0,1,0
242461,1786553434727.300649,0,0,0,1,0,0,1,0
242462,1786553434728.308438,0,0,0,1,0,0,1,0
242463,1786553434729.324225,0,0,0,1,0,0,1,0
242464,1786553434730.341214,0,0,0,1,0,0,1,0
242465,1786553434731.344502,0,0,0,1,0,0,1,0
242466,1786553434732.352290,0,0,0,1,0,0,1,0
242467,1786553434733.378581,0,0,0,1,0,0,1,0
242468,1786553434734.375866,0,0,0,1,0,0,1,0
242469,1786553434735.382954,0,0,0,1,0,0,1,0
242470,1786553434736.391742,0,0,0,1,0,0,1,0
242471,1786553434737.401830,0,0,0,1,0,0,1,0
242472,1786553434738.411518,0,0,0,1,0,0,1,0
242473,1786553434739.421906,0,0,0,1,0,0,1,0
242474,1786553434740.439193,0,0,0,1,0,0,1,0
242475,1786553434741.443280,0,0,0,1,0,0,1,0
242476,1786553434742.450668,0,0,0,1,0,0,1,0
242477,1786553434743.459857,0,0,0,1,0,0,1,0
242478,1786553434744.469645,0,0,0,1,0,0,1,0
242479,1786553434745.503134,0,0,0,1,0,0,1,0
242480,1786553434746.511423,0,0,0,1,0,0,1,0
242481,1786553434747.507711,0,0,0,1,0,0,1,0
242482,1786553434748.514898,0,0,0,1,0,0,1,0
242483,1786553434749.521786,0,0,0,1,0,0,1,0
242484,1786553434750.528173,0,0,0,1,0,0,1,0
242485,1786553434751.533260,0,0,0,1,0,0,1,0
242486,1786553434752.554249,0,0,0,1,0,0,1,0
242487,1786553434753.554336,0,0,0,1,0,0,1,0
242488,1786553434754.554622,0,0,0,1,0,0,1,0
242489,1786553434755.556710,0,0,0,1,0,0,1,0
242490,1786553434756.574399,0,0,0,1,0,0,1,0
242491,1786553434757.579587,0,0,0,1,0,0,1,0
242492,1786553434758.591575,0,0,0,1,0,0,1,0
242493,1786553434759.592462,0,0,0,1,0,0,1,0
242494,1786553434760.607851,0,0,0,1,0,0,1,0
242495,1786553434761.612538,0,0,0,1,0,0,1,0
242496,1786553434762.620226,0,0,0,1,0,0,1,0
242497,1786553434763.628714,0,0,0,1,0,0,1,0
242498,1786553434764.637001,0,0,0,1,0,0,1,0
242499,1786553434765.644888,0,0,0,1,0,0,1,0
242500,1786553434766.652975,0,0,0,1,0,0,1,0
242501,1786553434767.660463,0,0,0,1,0,0,1,0
242502,1786553434768.668351,0,0,0,1,0,0,1,0
242503,1786553434769.675238,0,0,0,1,0,0,1,0
242504,1786553434770.684125,0,0,0,1,0,0,1,0
242505,1786553434771.690213,0,0,0,1,0,0,1,0
242506,1786553434772.709300,0,0,0,1,0,0,1,0
242507,1786553434773.712887,0,0,0,1,0,0,1,0
242508,1786553434774.715973,0,0,0,1,0,0,1,0
242509,1786553434775.787065,0,0,0,1,0,0,1,0
242510,1786553434776.749849,0,0,0,1,0,0,1,0
242511,1786553434777.746336,0,0,0,1,0,0,1,0
242512,1786553434778.753323,0,0,0,1,0,0,1,0
242513,1786553434779.761510,0,0,0,1,0,0,1,0
242514,1786553434780.780598,0,0,0,1,0,0,1,0
242515,1786553434781.789685,0,0,0,1,0,0,1,0
242516,1786553434782.795972,0,0,0,1,0,0,1,0
242517,1786553434783.803760,0,0,0,1,0,0,1,0
242518,1786553434784.828449,0,0,0,1,0,0,1,0
242519,1786553434785.829036,0,0,0,1,0,0,1,0
242520,1786553434786.837424,0,0,0,1,0,0,1,0
242521,1786553434787.843511,0,0,0,1,0,0,1,0
242522,1786553434788.856900,0,0,0,1,0,0,1,0
242523,1786553434789.869589,0,0,0,1,0,0,1,0
242524,1786553434790.875177,0,0,0,1,0,0,1,0
242525,1786553434791.880164,0,0,0,1,0,0,1,0
242526,1786553434792.888951,0,0,0,1,0,0,1,0
242527,1786553434794.024751,0,0,0,1,0,0,1,0
242528,1786553434794.915327,0,0,0,1,0,0,1,0
242529,1786553434795.913813,0,0,0,1,0,0,1,0
242530,1786553434796.920500,0,0,0,1,0,0,1,0
242531,1786553434797.929188,0,0,0,1,0,0,1,0
242532,1786553434798.934876,0,0,0,1,0,0,1,0
242533,1786553434799.944564,0,0,0,1,0,0,1,0
242534,1786553434800.950654,0,0,0,1,0,0,1,0
242535,1786553434801.959841,0,0,0,1,0,0,1,0
242536,1786553434802.968728,0,0,0,1,0,0,1,0
242537,1786553434803.983317,0,0,0,1,0,0,1,0
242538,1786553434804.979803,0,0,0,1,0,0,1,0
242539,1786553434806.002490,0,0,0,1,0,0,1,0
242540,1786553434807.000177,0,0,0,1,0,0,1,0
242541,1786553434808.004964,0,0,0,1,0,0,1,0
242542,1786553434809.013051,0,0,0,1,0,0,1,0
242543,1786553434810.019539,0,0,0,1,0,0,1,0
242544,1786553434811.028827,0,0,0,1,0,0,1,0
242545,1786553434812.035614,0,0,0,1,0,0,1,0
242546,1786553434813.043701,0,0,0,1,0,0,1,0
242547,1786553434814.051589,0,0,0,1,0,0,1,0
242548,1786553434815.060375,0,0,0,1,0,0,1,0
242549,1786553434816.068163,0,0,0,1,0,0,1,0
242550,1786553434817.075352,0,0,0,1,0,0,1,0
242551,1786553434818.084041,0,0,0,1,0,0,1,0
242552,1786553434819.092328,0,0,0,1,0,0,1,0
242553,1786553434820.099315,0,0,0,1,0,0,1,0
242554,1786553434821.186808,0,0,0,1,0,0,1,0
242555,1786553434822.118286,0,0,0,1,0,0,1,0
242556,1786553434823.138975,0,0,0,1,0,0,1,0
242557,1786553434824.136362,0,0,0,1,0,0,1,0
242558,1786553434825.142649,0,0,0,1,0,0,1,0
242559,1786553434826.151737,0,0,0,1,0,0,1,0
242560,1786553434827.157323,0,0,0,1,0,0,1,0
242561,1786553434828.165310,0,0,0,1,0,0,1,0
242562,1786553434829.173299,0,0,0,1,0,0,1,0
242563,1786553434830.182487,0,0,0,1,0,0,1,0
242564,1786553434831.189775,0,0,0,1,0,0,1,0
242565,1786553434832.201563,0,0,0,1,0,0,1,0
242566,1786553434833.210950,0,0,0,1,0,0,1,0
242567,1786553434834.220039,0,0,0,1,0,0,1,0
242568,1786553434835.228928,0,0,0,1,0,0,1,0
242569,1786553434836.249917,0,0,0,1,0,0,1,0
242570,1786553434837.256205,0,0,0,1,0,0,1,0
242571,1786553434838.265291,0,0,0,1,0,0,1,0
242572,1786553434839.264778,0,0,0,1,0,0,1,0
242573,1786553434840.273865,0,0,0,1,0,0,1,0
242574,1786553434841.280054,0,0,0,1,0,0,1,0
242575,1786553434842.287841,0,0,0,1,0,0,1,0
242576,1786553434843.298830,0,0,0,1,0,0,1,0
242577,1786553434844.305916,0,0,0,1,0,0,1,0
242578,1786553434845.314404,0,0,0,1,0,0,1,0
242579,1786553434846.322491,0,0,0,1,0,0,1,0
242580,1786553434847.330577,0,0,0,1,0,0,1,0
242581,1786553434848.343166,0,0,0,1,0,0,1,0
242582,1786553434849.346754,0,0,0,1,0,0,1,0
242583,1786553434850.354942,0,0,0,1,0,0,1,0
242584,1786553434851.599050,0,0,0,1,0,0,1,0
242585,1786553434852.392319,0,0,0,1,0,0,1,0
242586,1786553434853.384308,0,0,0,1,0,0,1,0
242587,1786553434854.397696,0,0,0,1,0,0,1,0
242588,1786553434855.399784,0,0,0,1,0,0,1,0
242589,1786553434856.407872,0,0,0,1,0,0,1,0
242590,1786553434857.414159,0,0,0,1,0,0,1,0
242591,1786553434858.422847,0,0,0,1,0,0,1,0
242592,1786553434859.431535,0,0,0,1,0,0,1,0
242593,1786553434860.440622,0,0,0,1,0,0,1,0
242594,1786553434861.449009,0,0,0,1,0,0,1,0
242595,1786553434862.455497,0,0,0,1,0,0,1,0
242596,1786553434863.466784,0,0,0,1,0,0,1,0
242597,1786553434864.473271,0,0,0,1,0,0,1,0
242598,1786553434865.483258,0,0,0,1,0,0,1,0
242599,1786553434866.489145,0,0,0,1,0,0,1,0
242600,1786553434867.513536,0,0,0,1,0,0,1,0
242601,1786553434868.511322,0,0,0,1,0,0,1,0
242602,1786553434869.516010,0,0,0,1,0,0,1,0
242603,1786553434870.528498,0,0,0,1,0,0,1,0
242604,1786553434871.532885,0,0,0,1,0,0,1,0
242605,1786553434872.540270,0,0,0,1,0,0,1,0
242606,1786553434873.546858,0,0,0,1,0,0,1,0
242607,1786553434874.554146,0,0,0,1,0,0,1,0
242608,1786553434875.564334,0,0,0,1,0,0,1,0
242609,1786553434876.572221,0,0,0,1,0,0,1,0
242610,1786553434877.583008,0,0,0,1,0,0,1,0
242611,1786553434878.595097,0,0,0,1,0,0,1,0
242612,1786553434879.602983,0,0,0,1,0,0,1,0
242613,1786553434880.610472,0,0,0,1,0,0,1,0
242614,1786553434881.616359,0,0,0,1,0,0,1,0
242615,1786553434882.629846,0,0,0,1,0,0,1,0
242616,1786553434883.636734,0,0,0,1,0,0,1,0
242617,1786553434884.643721,0,0,0,1,0,0,1,0
242618,1786553434885.651310,0,0,0,1,0,0,1,0
242619,1786553434886.682799,0,0,0,1,0,0,1,0
242620,1786553434887.675786,0,0,0,1,0,0,1,0
242621,1786553434888.679772,0,0,0,1,0,0,1,0
242622,1786553434889.688858,0,0,0,1,0,0,1,0
242623,1786553434890.696047,0,0,0,1,0,0,1,0
242624,1786553434891.704034,0,0,0,1,0,0,1,0
242625,1786553434892.712021,0,0,0,1,0,0,1,0
242626,1786553434893.719510,0,0,0,1,0,0,1,0
242627,1786553434894.730197,0,0,0,1,0,0,1,0
242628,1786553434895.738484,0,0,0,1,0,0,1,0
242629,1786553434896.744571,0,0,0,1,0,0,1,0
242630,1786553434897.778661,0,0,0,1,0,0,1,0
242631,1786553434898.788548,0,0,0,1,0,0,1,0
242632,1786553434899.786135,0,0,0,1,0,0,1,0
242633,1786553434900.791123,0,0,0,1,0,0,1,0
242634,1786553434901.796811,0,0,0,1,0,0,1,0
242635,1786553434902.815599,0,0,0,1,0,0,1,0
242636,1786553434903.814286,0,0,0,1,0,0,1,0
242637,1786553434904.839177,0,0,0,1,0,0,1,0
242638,1786553434905.838162,0,0,0,1,0,0,1,0
242639,1786553434906.848150,0,0,0,1,0,0,1,0
242640,1786553434907.851539,0,0,0,1,0,0,1,0
242641,1786553434908.863525,0,0,0,1,0,0,1,0
242642,1786553434909.870013,0,0,0,1,0,0,1,0
242643,1786553434910.879202,0,0,0,1,0,0,1,0
242644,1786553434911.912192,0,0,0,1,0,0,1,0
242645,1786553434912.907677,0,0,0,1,0,0,1,0
242646,1786553434913.906863,0,0,0,1,0,0,1,0
242647,1786553434914.931753,0,0,0,1,0,0,1,0
242648,1786553434915.922239,0,0,0,1,0,0,1,0
242649,1786553434916.931327,0,0,0,1,0,0,1,0
242650,1786553434917.938315,0,0,0,1,0,0,1,0
242651,1786553434918.950003,0,0,0,1,0,0,1,0
242652,1786553434919.953991,0,0,0,1,0,0,1,0
242653,1786553434920.961177,0,0,0,1,0,0,1,0
242654,1786553434921.968963,0,0,0,1,0,0,1,0
242655,1786553434922.977351,0,0,0,1,0,0,1,0
242656,1786553434923.985439,0,0,0,1,0,0,1,0
242657,1786553434924.993425,0,0,0,1,0,0,1,0
242658,1786553434926.002213,0,0,0,1,0,0,1,0
242659,1786553434927.008699,0,0,0,1,0,0,1,0
242660,1786553434928.086393,0,0,0,1,0,0,1,0
242661,1786553434929.045877,0,0,0,1,0,0,1,0
242662,1786553434930.040366,0,0,0,1,0,0,1,0
242663,1786553434931.050153,0,0,0,1,0,0,1,0
242664,1786553434932.054139,0,0,0,1,0,0,1,0
242665,1786553434933.065326,0,0,0,1,0,0,1,0
242666,1786553434934.070512,0,0,0,1,0,0,1,0
242667,1786553434935.092803,0,0,0,1,0,0,1,0
242668,1786553434936.096491,0,0,0,1,0,0,1,0
242669,1786553434937.110579,0,0,0,1,0,0,1,0
242670,1786553434938.109067,0,0,0,1,0,0,1,0
242671,1786553434939.118053,0,0,0,1,0,0,1,0
242672,1786553434940.125540,0,0,0,1,0,0,1,0
242673,1786553434941.134226,0,0,0,1,0,0,1,0
242674,1786553434942.458541,0,0,0,1,0,0,1,0
242675,1786553434943.395124,0,0,0,1,0,0,1,0
242676,1786553434944.399511,0,0,0,1,0,0,1,0
242677,1786553434945.463104,0,0,0,1,0,0,1,0
242678,1786553434946.423587,0,0,0,1,0,0,1,0
242679,1786553434947.430174,0,0,0,1,0,0,1,0
242680,1786553434948.438662,0,0,0,1,0,0,1,0
242681,1786553434949.446750,0,0,0,1,0,0,1,0
242682,1786553434950.460537,0,0,0,1,0,0,1,0
242683,1786553434951.464224,0,0,0,1,0,0,1,0
242684,1786553434952.469212,0,0,0,1,0,0,1,0
242685,1786553434953.476301,0,0,0,1,0,0,1,0
242686,1786553434954.486289,0,0,0,1,0,0,1,0
242687,1786553434955.493277,0,0,0,1,0,0,1,0
242688,1786553434956.502766,0,0,0,1,0,0,1,0
242689,1786553434957.512152,0,0,0,1,0,0,1,0
242690,1786553434958.522840,0,0,0,1,0,0,1,0
242691,1786553434959.526527,0,0,0,1,0,0,1,0
242692,1786553434960.533915,0,0,0,1,0,0,1,0
242693,1786553434961.541803,0,0,0,1,0,0,1,0
242694,1786553434962.550891,0,0,0,1,0,0,1,0
242695,1786553434963.563479,0,0,0,1,0,0,1,0
242696,1786553434964.577865,0,0,0,1,0,0,1,0
242697,1786553434965.582252,0,0,0,1,0,0,1,0
242698,1786553434966.589341,0,0,0,1,0,0,1,0
242699,1786553434967.601929,0,0,0,1,0,0,1,0
242700,1786553434968.608317,0,0,0,1,0,0,1,0
242701,1786553434969.614603,0,0,0,1,0,0,1,0
242702,1786553434970.623392,0,0,0,1,0,0,1,0
242703,1786553434971.630880,0,0,0,1,0,0,1,0
242704,1786553434972.687171,0,0,0,1,0,0,1,0
242705,1786553434973.694058,0,0,0,1,0,0,1,0
242706,1786553434974.711146,0,0,0,1,0,0,1,0
242707,1786553434975.716136,0,0,0,1,0,0,1,0
242708,1786553434976.726123,0,0,0,1,0,0,1,0
242709,1786553434977.733010,0,0,0,1,0,0,1,0
242710,1786553434978.745298,0,0,0,1,0,0,1,0
242711,1786553434979.754887,0,0,0,1,0,0,1,0
242712,1786553434980.766774,0,0,0,1,0,0,1,0
242713,1786553434981.781561,0,0,0,1,0,0,1,0
242714,1786553434982.792548,0,0,0,1,0,0,1,0
242715,1786553434983.802436,0,0,0,1,0,0,1,0
242716,1786553434984.837229,0,0,0,1,0,0,1,0
242717,1786553434985.833914,0,0,0,1,0,0,1,0
242718,1786553434986.830600,0,0,0,1,0,0,1,0
242719,1786553434987.848389,0,0,0,1,0,0,1,0
242720,1786553434989.140604,0,0,0,1,0,0,1,0
242721,1786553434989.985877,0,0,0,1,0,0,1,0
242722,1786553434991.006864,0,0,0,1,0,0,1,0
242723,1786553434991.960047,0,0,0,1,0,0,1,0
242724,1786553434992.965934,0,0,0,1,0,0,1,0
242725,1786553434994.108831,0,0,0,1,0,0,1,0
242726,1786553434994.979607,0,0,0,1,0,0,1,0
242727,1786553434996.030898,0,0,0,1,0,0,1,0
242728,1786553434997.036287,0,0,0,1,0,0,1,0
242729,1786553434998.029375,0,0,0,1,0,0,1,0
242730,1786553434999.056263,0,0,0,1,0,0,1,0
242731,1786553435000.068752,0,0,0,1,0,0,1,0
242732,1786553435001.052738,0,0,0,1,0,0,1,0
242733,1786553435002.076225,0,0,0,1,0,0,1,0
242734,1786553435003.079512,0,0,0,1,0,0,1,0
242735,1786553435004.100400,0,0,0,1,0,0,1,0
242736,1786553435005.093987,0,0,0,1,0,0,1,0
242737,1786553435006.103873,0,0,0,1,0,0,1,0
242738,1786553435007.113162,0,0,0,1,0,0,1,0
242739,1786553435008.123649,0,0,0,1,0,0,1,0
242740,1786553435009.132637,0,0,0,1,0,0,1,0
242741,1786553435010.141024,0,0,0,1,0,0,1,0
242742,1786553435011.150610,0,0,0,1,0,0,1,0
242743,1786553435012.160497,0,0,0,1,0,0,1,0
242744,1786553435013.168984,0,0,0,1,0,0,1,0
242745,1786553435014.179971,0,0,0,1,0,0,1,0
242746,1786553435015.189760,0,0,0,1,0,0,1,0
242747,1786553435016.211747,0,0,0,1,0,0,1,0
242748,1786553435017.209033,0,0,0,1,0,0,1,0
242749,1786553435018.326432,0,0,0,1,0,0,1,0
242750,1786553435019.267416,0,0,0,1,0,0,1,0
242751,1786553435020.266104,0,0,0,1,0,0,1,0
242752,1786553435021.272091,0,0,0,1,0,0,1,0
242753,1786553435022.338985,0,0,0,1,0,0,1,0
242754,1786553435023.294167,0,0,0,1,0,0,1,0
242755,1786553435024.298155,0,0,0,1,0,0,1,0
242756,1786553435025.306543,0,0,0,1,0,0,1,0
242757,1786553435026.314831,0,0,0,1,0,0,1,0
242758,1786553435027.324019,0,0,0,1,0,0,1,0
242759,1786553435028.333308,0,0,0,1,0,0,1,0
242760,1786553435029.343696,0,0,0,1,0,0,1,0
242761,1786553435030.351583,0,0,0,1,0,0,1,0
242762,1786553435031.412975,0,0,0,1,0,0,1,0
242763,1786553435032.417862,0,0,0,1,0,0,1,0
242764,1786553435033.433350,0,0,0,1,0,0,1,0
242765,1786553435034.446837,0,0,0,1,0,0,1,0
242766,1786553435035.419520,0,0,0,1,0,0,1,0
242767,1786553435036.425608,0,0,0,1,0,0,1,0
242768,1786553435037.435595,0,0,0,1,0,0,1,0
242769,1786553435038.443182,0,0,0,1,0,0,1,0
242770,1786553435039.451569,0,0,0,1,0,0,1,0
242771,1786553435040.459657,0,0,0,1,0,0,1,0
242772,1786553435041.468945,0,0,0,1,0,0,1,0
242773,1786553435042.476733,0,0,0,1,0,0,1,0
242774,1786553435043.483621,0,0,0,1,0,0,1,0
242775,1786553435044.492209,0,0,0,1,0,0,1,0
242776,1786553435045.499797,0,0,0,1,0,0,1,0
242777,1786553435046.509185,0,0,0,1,0,0,1,0
242778,1786553435047.872502,0,0,0,1,0,0,1,0
242779,1786553435048.932894,0,0,0,1,0,0,1,0
242780,1786553435049.900178,0,0,0,1,0,0,1,0
242781,1786553435050.892864,0,0,0,1,0,0,1,0
242782,1786553435051.901451,0,0,0,1,0,0,1,0
242783,1786553435052.905840,0,0,0,1,0,0,1,0
242784,1786553435053.912527,0,0,0,1,0,0,1,0
242785,1786553435054.928416,0,0,0,1,0,0,1,0
242786,1786553435055.928404,0,0,0,1,0,0,1,0
242787,1786553435056.933491,0,0,0,1,0,0,1,0
242788,1786553435057.944079,0,0,0,1,0,0,1,0
242789,1786553435058.949966,0,0,0,1,0,0,1,0
242790,1786553435059.959253,0,0,0,1,0,0,1,0
242791,1786553435060.967241,0,0,0,1,0,0,1,0
242792,1786553435061.992730,0,0,0,1,0,0,1,0
242793,1786553435062.986516,0,0,0,1,0,0,1,0
242794,1786553435064.015805,0,0,0,1,0,0,1,0
242795,1786553435065.049397,0,0,0,1,0,0,1,0
242796,1786553435066.033683,0,0,0,1,0,0,1,0
242797,1786553435067.031569,0,0,0,1,0,0,1,0
242798,1786553435068.033357,0,0,0,1,0,0,1,0
242799,1786553435069.041043,0,0,0,1,0,0,1,0
242800,1786553435070.049630,0,0,0,1,0,0,1,0
242801,1786553435071.057617,0,0,0,1,0,0,1,0
242802,1786553435072.066005,0,0,0,1,0,0,1,0
242803,1786553435073.074093,0,0,0,1,0,0,1,0
242804,1786553435074.083380,0,0,0,1,0,0,1,0
242805,1786553435075.091768,0,0,0,1,0,0,1,0
242806,1786553435076.100755,0,0,0,1,0,0,1,0
242807,1786553435077.109043,0,0,0,1,0,0,1,0
242808,1786553435078.203338,0,0,0,1,0,0,1,0
242809,1786553435079.212225,0,0,0,1,0,0,1,0
242810,1786553435080.208210,0,0,0,1,0,0,1,0
242811,1786553435081.220597,0,0,0,1,0,0,1,0
242812,1786553435082.223184,0,0,0,1,0,0,1,0
242813,1786553435083.226573,0,0,0,1,0,0,1,0
242814,1786553435084.231261,0,0,0,1,0,0,1,0
242815,1786553435085.236549,0,0,0,1,0,0,1,0
242816,1786553435086.241437,0,0,0,1,0,0,1,0
242817,1786553435087.250424,0,0,0,1,0,0,1,0
242818,1786553435088.257413,0,0,0,1,0,0,1,0
242819,1786553435089.264001,0,0,0,1,0,0,1,0
242820,1786553435090.272388,0,0,0,1,0,0,1,0
242821,1786553435091.279977,0,0,0,1,0,0,1,0
242822,1786553435092.287965,0,0,0,1,0,0,1,0
242823,1786553435093.347858,0,0,0,1,0,0,1,0
242824,1786553435094.354047,0,0,0,1,0,0,1,0
242825,1786553435095.333633,0,0,0,1,0,0,1,0
242826,1786553435096.341719,0,0,0,1,0,0,1,0
242827,1786553435097.355807,0,0,0,1,0,0,1,0
242828,1786553435098.362694,0,0,0,1,0,0,1,0
242829,1786553435099.367779,0,0,0,1,0,0,1,0
242830,1786553435100.377167,0,0,0,1,0,0,1,0
242831,1786553435101.384155,0,0,0,1,0,0,1,0
242832,1786553435102.391143,0,0,0,1,0,0,1,0
242833,1786553435103.399029,0,0,0,1,0,0,1,0
242834,1786553435104.407717,0,0,0,1,0,0,1,0
242835,1786553435105.415404,0,0,0,1,0,0,1,0
242836,1786553435106.422991,0,0,0,1,0,0,1,0
242837,1786553435107.431177,0,0,0,1,0,0,1,0
242838,1786553435108.438365,0,0,0,1,0,0,1,0
242839,1786553435109.473153,0,0,0,1,0,0,1,0
242840,1786553435110.463239,0,0,0,1,0,0,1,0
242841,1786553435111.473127,0,0,0,1,0,0,1,0
242842,1786553435112.477013,0,0,0,1,0,0,1,0
242843,1786553435113.503101,0,0,0,1,0,0,1,0
242844,1786553435114.502187,0,0,0,1,0,0,1,0
242845,1786553435115.508873,0,0,0,1,0,0,1,0
242846,1786553435116.513861,0,0,0,1,0,0,1,0
242847,1786553435117.520149,0,0,0,1,0,0,1,0
242848,1786553435118.528737,0,0,0,1,0,0,1,0
242849,1786553435119.536726,0,0,0,1,0,0,1,0
242850,1786553435120.543514,0,0,0,1,0,0,1,0
242851,1786553435121.552602,0,0,0,1,0,0,1,0
242852,1786553435122.562390,0,0,0,1,0,0,1,0
242853,1786553435123.571477,0,0,0,1,0,0,1,0
242854,1786553435124.590065,0,0,0,1,0,0,1,0
242855,1786553435125.596652,0,0,0,1,0,0,1,0
242856,1786553435126.599040,0,0,0,1,0,0,1,0
242857,1786553435127.608128,0,0,0,1,0,0,1,0
242858,1786553435128.612915,0,0,0,1,0,0,1,0
242859,1786553435129.621304,0,0,0,1,0,0,1,0
242860,1786553435130.629391,0,0,0,1,0,0,1,0
242861,1786553435131.636978,0,0,0,1,0,0,1,0
242862,1786553435132.644066,0,0,0,1,0,0,1,0
242863,1786553435133.652155,0,0,0,1,0,0,1,0
242864,1786553435134.660242,0,0,0,1,0,0,1,0
242865,1786553435135.668829,0,0,0,1,0,0,1,0
242866,1786553435136.677417,0,0,0,1,0,0,1,0
242867,1786553435137.683906,0,0,0,1,0,0,1,0
242868,1786553435138.692694,0,0,0,1,0,0,1,0
242869,1786553435140.153723,0,0,0,1,0,0,1,0
242870,1786553435141.107004,0,0,0,1,0,0,1,0
242871,1786553435142.103491,0,0,0,1,0,0,1,0
242872,1786553435143.112278,0,0,0,1,0,0,1,0
242873,1786553435144.119064,0,0,0,1,0,0,1,0
242874,1786553435145.127250,0,0,0,1,0,0,1,0
242875,1786553435146.134837,0,0,0,1,0,0,1,0
242876,1786553435147.143926,0,0,0,1,0,0,1,0
242877,1786553435148.151113,0,0,0,1,0,0,1,0
242878,1786553435149.159901,0,0,0,1,0,0,1,0
242879,1786553435150.169989,0,0,0,1,0,0,1,0
242880,1786553435151.176276,0,0,0,1,0,0,1,0
242881,1786553435152.183464,0,0,0,1,0,0,1,0
242882,1786553435153.191951,0,0,0,1,0,0,1,0
242883,1786553435154.234543,0,0,0,1,0,0,1,0
242884,1786553435155.208628,0,0,0,1,0,0,1,0
242885,1786553435156.215015,0,0,0,1,0,0,1,0
242886,1786553435157.229203,0,0,0,1,0,0,1,0
242887,1786553435158.235790,0,0,0,1,0,0,1,0
242888,1786553435159.241678,0,0,0,1,0,0,1,0
242889,1786553435160.251766,0,0,0,1,0,0,1,0
242890,1786553435161.259455,0,0,0,1,0,0,1,0
242891,1786553435162.268943,0,0,0,1,0,0,1,0
242892,1786553435163.274929,0,0,0,1,0,0,1,0
242893,1786553435164.283618,0,0,0,1,0,0,1,0
242894,1786553435165.291505,0,0,0,1,0,0,1,0
242895,1786553435166.302194,0,0,0,1,0,0,1,0
242896,1786553435167.308282,0,0,0,1,0,0,1,0
242897,1786553435168.316270,0,0,0,1,0,0,1,0
242898,1786553435169.347059,0,0,0,1,0,0,1,0
242899,1786553435170.341246,0,0,0,1,0,0,1,0
242900,1786553435171.348134,0,0,0,1,0,0,1,0
242901,1786553435172.354924,0,0,0,1,0,0,1,0
242902,1786553435173.361712,0,0,0,1,0,0,1,0
242903,1786553435174.370799,0,0,0,1,0,0,1,0
242904,1786553435175.382789,0,0,0,1,0,0,1,0
242905,1786553435176.387176,0,0,0,1,0,0,1,0
242906,1786553435177.398265,0,0,0,1,0,0,1,0
242907,1786553435178.414954,0,0,0,1,0,0,1,0
242908,1786553435179.426041,0,0,0,1,0,0,1,0
242909,1786553435180.423328,0,0,0,1,0,0,1,0
242910,1786553435181.430314,0,0,0,1,0,0,1,0
242911,1786553435182.437802,0,0,0,1,0,0,1,0
242912,1786553435183.446090,0,0,0,1,0,0,1,0
242913,1786553435184.466780,0,0,0,1,0,0,1,0
242914,1786553435185.466567,0,0,0,1,0,0,1,0
242915,1786553435186.504257,0,0,0,1,0,0,1,0
242916,1786553435187.478542,0,0,0,1,0,0,1,0
242917,1786553435188.486230,0,0,0,1,0,0,1,0
242918,1786553435189.494019,0,0,0,1,0,0,1,0
242919,1786553435190.522609,0,0,0,1,0,0,1,0
242920,1786553435191.512895,0,0,0,1,0,0,1,0
242921,1786553435192.524283,0,0,0,1,0,0,1,0
242922,1786553435193.528970,0,0,0,1,0,0,1,0
242923,1786553435194.561359,0,0,0,1,0,0,1,0
242924,1786553435195.549646,0,0,0,1,0,0,1,0
242925,1786553435196.563334,0,0,0,1,0,0,1,0
242926,1786553435197.569321,0,0,0,1,0,0,1,0
242927,1786553435198.578508,0,0,0,1,0,0,1,0
242928,1786553435200.065435,0,0,0,1,0,0,1,0
242929,1786553435200.599282,0,0,0,1,0,0,1,0
242930,1786553435201.602368,0,0,0,1,0,0,1,0
242931,1786553435202.612458,0,0,0,1,0,0,1,0
242932,1786553435203.617646,0,0,0,1,0,0,1,0
242933,1786553435204.625634,0,0,0,1,0,0,1,0
242934,1786553435205.633020,0,0,0,1,0,0,1,0
242935,1786553435206.648406,0,0,0,1,0,0,1,0
242936,1786553435207.650594,0,0,0,1,0,0,1,0
242937,1786553435208.657380,0,0,0,1,0,0,1,0
242938,1786553435209.666668,0,0,0,1,0,0,1,0
242939,1786553435210.690158,0,0,0,1,0,0,1,0
242940,1786553435211.687043,0,0,0,1,0,0,1,0
242941,1786553435212.694030,0,0,0,1,0,0,1,0
242942,1786553435213.699617,0,0,0,1,0,0,1,0
242943,1786553435214.723906,0,0,0,1,0,0,1,0
242944,1786553435215.732393,0,0,0,1,0,0,1,0
242945,1786553435216.732479,0,0,0,1,0,0,1,0
242946,1786553435217.738266,0,0,0,1,0,0,1,0
242947,1786553435218.746053,0,0,0,1,0,0,1,0
242948,1786553435219.753743,0,0,0,1,0,0,1,0
242949,1786553435220.760930,0,0,0,1,0,0,1,0
242950,1786553435221.768917,0,0,0,1,0,0,1,0
242951,1786553435222.781304,0,0,0,1,0,0,1,0
242952,1786553435223.789990,0,0,0,1,0,0,1,0
242953,1786553435224.808379,0,0,0,1,0,0,1,0
242954,1786553435225.809165,0,0,0,1,0,0,1,0
242955,1786553435226.827253,0,0,0,1,0,0,1,0
242956,1786553435227.853141,0,0,0,1,0,0,1,0
242957,1786553435228.846028,0,0,0,1,0,0,1,0
242958,1786553435229.853715,0,0,0,1,0,0,1,0
242959,1786553435230.882103,0,0,0,1,0,0,1,0
242960,1786553435231.901993,0,0,0,1,0,0,1,0
242961,1786553435232.892280,0,0,0,1,0,0,1,0
242962,1786553435233.901267,0,0,0,1,0,0,1,0
242963,1786553435234.919255,0,0,0,1,0,0,1,0
242964,1786553435235.917743,0,0,0,1,0,0,1,0
242965,1786553435236.921131,0,0,0,1,0,0,1,0
242966,1786553435237.928019,0,0,0,1,0,0,1,0
242967,1786553435238.934608,0,0,0,1,0,0,1,0
242968,1786553435239.938693,0,0,0,1,0,0,1,0
242969,1786553435240.948181,0,0,0,1,0,0,1,0
242970,1786553435241.953070,0,0,0,1,0,0,1,0
242971,1786553435242.966857,0,0,0,1,0,0,1,0
242972,1786553435243.975143,0,0,0,1,0,0,1,0
242973,1786553435244.982231,0,0,0,1,0,0,1,0
242974,1786553435246.007520,0,0,0,1,0,0,1,0
242975,1786553435247.011707,0,0,0,1,0,0,1,0
242976,1786553435248.007294,0,0,0,1,0,0,1,0
242977,1786553435249.014782,0,0,0,1,0,0,1,0
242978,1786553435250.020969,0,0,0,1,0,0,1,0
242979,1786553435251.029456,0,0,0,1,0,0,1,0
242980,1786553435252.036244,0,0,0,1,0,0,1,0
242981,1786553435253.048532,0,0,0,1,0,0,1,0
242982,1786553435254.052219,0,0,0,1,0,0,1,0
242983,1786553435255.061508,0,0,0,1,0,0,1,0
242984,1786553435256.068095,0,0,0,1,0,0,1,0
242985,1786553435257.077383,0,0,0,1,0,0,1,0
242986,1786553435258.086572,0,0,0,1,0,0,1,0
242987,1786553435259.095659,0,0,0,1,0,0,1,0
242988,1786553435260.114848,0,0,0,1,0,0,1,0
242989,1786553435261.347356,0,0,0,1,0,0,1,0
242990,1786553435262.129223,0,0,0,1,0,0,1,0
242991,1786553435263.143211,0,0,0,1,0,0,1,0
242992,1786553435264.144400,0,0,0,1,0,0,1,0
242993,1786553435265.147088,0,0,0,1,0,0,1,0
242994,1786553435266.156877,0,0,0,1,0,0,1,0
242995,1786553435267.162864,0,0,0,1,0,0,1,0
242996,1786553435268.172852,0,0,0,1,0,0,1,0
242997,1786553435269.181138,0,0,0,1,0,0,1,0
242998,1786553435270.191127,0,0,0,1,0,0,1,0
242999,1786553435271.199615,0,0,0,1,0,0,1,0
243000,1786553435272.207604,0,0,0,1,0,0,1,0
243001,1786553435273.216492,0,0,0,1,0,0,1,0
243002,1786553435274.223880,0,0,0,1,0,0,1,0
243003,1786553435275.233269,0,0,0,1,0,0,1,0
243004,1786553435276.240155,0,0,0,1,0,0,1,0
243005,1786553435277.262143,0,0,0,1,0,0,1,0
243006,1786553435278.265629,0,0,0,1,0,0,1,0
243007,1786553435279.267516,0,0,0,1,0,0,1,0
243008,1786553435280.277705,0,0,0,1,0,0,1,0
243009,1786553435281.286592,0,0,0,1,0,0,1,0
243010,1786553435282.292079,0,0,0,1,0,0,1,0
243011,1786553435283.303166,0,0,0,1,0,0,1,0
243012,1786553435284.309053,0,0,0,1,0,0,1,0
243013,1786553435285.319440,0,0,0,1,0,0,1,0
243014,1786553435286.324926,0,0,0,1,0,0,1,0
243015,1786553435287.334714,0,0,0,1,0,0,1,0
243016,1786553435288.343403,0,0,0,1,0,0,1,0
243017,1786553435289.351190,0,0,0,1,0,0,1,0
243018,1786553435290.359679,0,0,0,1,0,0,1,0
243019,1786553435291.369667,0,0,0,1,0,0,1,0
243020,1786553435292.378755,0,0,0,1,0,0,1,0
243021,1786553435293.413344,0,0,0,1,0,0,1,0
243022,1786553435294.408832,0,0,0,1,0,0,1,0
243023,1786553435295.413018,0,0,0,1,0,0,1,0
243024,1786553435296.418705,0,0,0,1,0,0,1,0
243025,1786553435297.423993,0,0,0,1,0,0,1,0
243026,1786553435298.430379,0,0,0,1,0,0,1,0
243027,1786553435299.438366,0,0,0,1,0,0,1,0
243028,1786553435300.446154,0,0,0,1,0,0,1,0
243029,1786553435301.458140,0,0,0,1,0,0,1,0
243030,1786553435302.464426,0,0,0,1,0,0,1,0
243031,1786553435303.471012,0,0,0,1,0,0,1,0
243032,1786553435304.479800,0,0,0,1,0,0,1,0
243033,1786553435305.485186,0,0,0,1,0,0,1,0
243034,1786553435306.493475,0,0,0,1,0,0,1,0
243035,1786553435307.520664,0,0,0,1,0,0,1,0
243036,1786553435308.543155,0,0,0,1,0,0,1,0
243037,1786553435309.546941,0,0,0,1,0,0,1,0
243038,1786553435310.560831,0,0,0,1,0,0,1,0
243039,1786553435311.554418,0,0,0,1,0,0,1,0
243040,1786553435312.566205,0,0,0,1,0,0,1,0
243041,1786553435313.572092,0,0,0,1,0,0,1,0
243042,1786553435314.579079,0,0,0,1,0,0,1,0
243043,1786553435315.589068,0,0,0,1,0,0,1,0
243044,1786553435316.598157,0,0,0,1,0,0,1,0
243045,1786553435317.607046,0,0,0,1,0,0,1,0
243046,1786553435318.617534,0,0,0,1,0,0,1,0
243047,1786553435319.625120,0,0,0,1,0,0,1,0
243048,1786553435320.633907,0,0,0,1,0,0,1,0
243049,1786553435321.662998,0,0,0,1,0,0,1,0
243050,1786553435322.659185,0,0,0,1,0,0,1,0
243051,1786553435323.668573,0,0,0,1,0,0,1,0
243052,1786553435324.687162,0,0,0,1,0,0,1,0
243053,1786553435325.688048,0,0,0,1,0,0,1,0
243054,1786553435326.697637,0,0,0,1,0,0,1,0
243055,1786553435327.704624,0,0,0,1,0,0,1,0
243056,1786553435328.714811,0,0,0,1,0,0,1,0
243057,1786553435329.722600,0,0,0,1,0,0,1,0
243058,1786553435330.735287,0,0,0,1,0,0,1,0
243059,1786553435331.746175,0,0,0,1,0,0,1,0
243060,1786553435332.751862,0,0,0,1,0,0,1,0
243061,1786553435333.761550,0,0,0,1,0,0,1,0
243062,1786553435334.769038,0,0,0,1,0,0,1,0
243063,1786553435335.782627,0,0,0,1,0,0,1,0
243064,1786553435336.788915,0,0,0,1,0,0,1,0
243065,1786553435337.812205,0,0,0,1,0,0,1,0
243066,1786553435338.810591,0,0,0,1,0,0,1,0
243067,1786553435339.833680,0,0,0,1,0,0,1,0
243068,1786553435340.888271,0,0,0,1,0,0,1,0
243069,1786553435341.915861,0,0,0,1,0,0,1,0
243070,1786553435342.889446,0,0,0,1,0,0,1,0
243071,1786553435343.887333,0,0,0,1,0,0,1,0
243072,1786553435344.907321,0,0,0,1,0,0,1,0
243073,1786553435345.904908,0,0,0,1,0,0,1,0
243074,1786553435346.922195,0,0,0,1,0,0,1,0
243075,1786553435347.929282,0,0,0,1,0,0,1,0
243076,1786553435348.932469,0,0,0,1,0,0,1,0
243077,1786553435349.939458,0,0,0,1,0,0,1,0
243078,1786553435350.947944,0,0,0,1,0,0,1,0
243079,1786553435351.954932,0,0,0,1,0,0,1,0
243080,1786553435353.475866,0,0,0,1,0,0,1,0
243081,1786553435354.065716,0,0,0,1,0,0,1,0
243082,1786553435355.006798,0,0,0,1,0,0,1,0
243083,1786553435356.019985,0,0,0,1,0,0,1,0
243084,1786553435357.014671,0,0,0,1,0,0,1,0
243085,1786553435358.027858,0,0,0,1,0,0,1,0
243086,1786553435359.030346,0,0,0,1,0,0,1,0
243087,1786553435360.039934,0,0,0,1,0,0,1,0
243088,1786553435361.049421,0,0,0,1,0,0,1,0
243089,1786553435362.058408,0,0,0,1,0,0,1,0
243090,1786553435363.067595,0,0,0,1,0,0,1,0
243091,1786553435364.076184,0,0,0,1,0,0,1,0
243092,1786553435365.084571,0,0,0,1,0,0,1,0
243093,1786553435366.093559,0,0,0,1,0,0,1,0
243094,1786553435367.106246,0,0,0,1,0,0,1,0
243095,1786553435368.112934,0,0,0,1,0,0,1,0
243096,1786553435369.119320,0,0,0,1,0,0,1,0
243097,1786553435370.128308,0,0,0,1,0,0,1,0
243098,1786553435371.137795,0,0,0,1,0,0,1,0
243099,1786553435372.147481,0,0,0,1,0,0,1,0
243100,1786553435373.221174,0,0,0,1,0,0,1,0
243101,1786553435374.232061,0,0,0,1,0,0,1,0
243102,1786553435375.195345,0,0,0,1,0,0,1,0
243103,1786553435376.203532,0,0,0,1,0,0,1,0
243104,1786553435377.217321,0,0,0,1,0,0,1,0
243105,1786553435378.223409,0,0,0,1,0,0,1,0
243106,1786553435379.231798,0,0,0,1,0,0,1,0
243107,1786553435380.242084,0,0,0,1,0,0,1,0
243108,1786553435381.249173,0,0,0,1,0,0,1,0
243109,1786553435382.264060,0,0,0,1,0,0,1,0
243110,1786553435383.267446,0,0,0,1,0,0,1,0
243111,1786553435384.276934,0,0,0,1,0,0,1,0
243112,1786553435385.285322,0,0,0,1,0,0,1,0
243113,1786553435386.293108,0,0,0,1,0,0,1,0
243114,1786553435387.304096,0,0,0,1,0,0,1,0
243115,1786553435388.311283,0,0,0,1,0,0,1,0
243116,1786553435389.341072,0,0,0,1,0,0,1,0
243117,1786553435390.367061,0,0,0,1,0,0,1,0
243118,1786553435391.359747,0,0,0,1,0,0,1,0
243119,1786553435392.363934,0,0,0,1,0,0,1,0
243120,1786553435393.371120,0,0,0,1,0,0,1,0
243121,1786553435394.382608,0,0,0,1,0,0,1,0
243122,1786553435395.384994,0,0,0,1,0,0,1,0
243123,1786553435396.392182,0,0,0,1,0,0,1,0
243124,1786553435397.396969,0,0,0,1,0,0,1,0
243125,1786553435398.456361,0,0,0,1,0,0,1,0
243126,1786553435399.416646,0,0,0,1,0,0,1,0
243127,1786553435400.420933,0,0,0,1,0,0,1,0
243128,1786553435401.477224,0,0,0,1,0,0,1,0
243129,1786553435402.442809,0,0,0,1,0,0,1,0
243130,1786553435403.453496,0,0,0,1,0,0,1,0
243131,1786553435404.457884,0,0,0,1,0,0,1,0
243132,1786553435405.502075,0,0,0,1,0,0,1,0
243133,1786553435406.496062,0,0,0,1,0,0,1,0
243134,1786553435407.494749,0,0,0,1,0,0,1,0
243135,1786553435408.501735,0,0,0,1,0,0,1,0
243136,1786553435409.511722,0,0,0,1,0,0,1,0
243137,1786553435410.520410,0,0,0,1,0,0,1,0
243138,1786553435411.530495,0,0,0,1,0,0,1,0
243139,1786553435412.538885,0,0,0,1,0,0,1,0
243140,1786553435413.570274,0,0,0,1,0,0,1,0
243141,1786553435414.566260,0,0,0,1,0,0,1,0
243142,1786553435415.574948,0,0,0,1,0,0,1,0
243143,1786553435416.585435,0,0,0,1,0,0,1,0
243144,1786553435417.594623,0,0,0,1,0,0,1,0
243145,1786553435418.603010,0,0,0,1,0,0,1,0
243146,1786553435419.610998,0,0,0,1,0,0,1,0
243147,1786553435420.621085,0,0,0,1,0,0,1,0
243148,1786553435421.628774,0,0,0,1,0,0,1,0
243149,1786553435422.648761,0,0,0,1,0,0,1,0
243150,1786553435423.651247,0,0,0,1,0,0,1,0
243151,1786553435424.658535,0,0,0,1,0,0,1,0
243152,1786553435425.668023,0,0,0,1,0,0,1,0
243153,1786553435426.676810,0,0,0,1,0,0,1,0
243154,1786553435427.685597,0,0,0,1,0,0,1,0
243155,1786553435429.366644,0,0,0,1,0,0,1,0
243156,1786553435430.248719,0,0,0,1,0,0,1,0
243157,1786553435431.247104,0,0,0,1,0,0,1,0
243158,1786553435432.250192,0,0,0,1,0,0,1,0
243159,1786553435433.257680,0,0,0,1,0,0,1,0
243160,1786553435434.262568,0,0,0,1,0,0,1,0
243161,1786553435435.267454,0,0,0,1,0,0,1,0
243162,1786553435436.273441,0,0,0,1,0,0,1,0
243163,1786553435437.279928,0,0,0,1,0,0,1,0
243164,1786553435438.291416,0,0,0,1,0,0,1,0
243165,1786553435439.294804,0,0,0,1,0,0,1,0
243166,1786553435440.301991,0,0,0,1,0,0,1,0
243167,1786553435441.308777,0,0,0,1,0,0,1,0
243168,1786553435442.325165,0,0,0,1,0,0,1,0
243169,1786553435443.330452,0,0,0,1,0,0,1,0
243170,1786553435444.335540,0,0,0,1,0,0,1,0
243171,1786553435445.342826,0,0,0,1,0,0,1,0
243172,1786553435446.354315,0,0,0,1,0,0,1,0
243173,1786553435447.359700,0,0,0,1,0,0,1,0
243174,1786553435448.369487,0,0,0,1,0,0,1,0
243175,1786553435449.386975,0,0,0,1,0,0,1,0
243176,1786553435450.390963,0,0,0,1,0,0,1,0
243177,1786553435451.389149,0,0,0,1,0,0,1,0
243178,1786553435452.398635,0,0,0,1,0,0,1,0
243179,1786553435453.403121,0,0,0,1,0,0,1,0
243180,1786553435454.409809,0,0,0,1,0,0,1,0
243181,1786553435455.418495,0,0,0,1,0,0,1,0
243182,1786553435456.435585,0,0,0,1,0,0,1,0
243183,1786553435457.451672,0,0,0,1,0,0,1,0
243184,1786553435458.464861,0,0,0,1,0,0,1,0
243185,1786553435459.458648,0,0,0,1,0,0,1,0
243186,1786553435460.464734,0,0,0,1,0,0,1,0
243187,1786553435461.472022,0,0,0,1,0,0,1,0
243188,1786553435462.480009,0,0,0,1,0,0,1,0
243189,1786553435463.487296,0,0,0,1,0,0,1,0
243190,1786553435464.495084,0,0,0,1,0,0,1,0
243191,1786553435465.503674,0,0,0,1,0,0,1,0
243192,1786553435466.511862,0,0,0,1,0,0,1,0
243193,1786553435467.519751,0,0,0,1,0,0,1,0
243194,1786553435468.527738,0,0,0,1,0,0,1,0
243195,1786553435469.535926,0,0,0,1,0,0,1,0
243196,1786553435470.548014,0,0,0,1,0,0,1,0
243197,1786553435471.552702,0,0,0,1,0,0,1,0
243198,1786553435472.569091,0,0,0,1,0,0,1,0
243199,1786553435473.576579,0,0,0,1,0,0,1,0
243200,1786553435474.584765,0,0,0,1,0,0,1,0
243201,1786553435475.596053,0,0,0,1,0,0,1,0
243202,1786553435476.603940,0,0,0,1,0,0,1,0
243203,1786553435477.612628,0,0,0,1,0,0,1,0
243204,1786553435478.623017,0,0,0,1,0,0,1,0
243205,1786553435479.632104,0,0,0,1,0,0,1,0
243206,1786553435480.642090,0,0,0,1,0,0,1,0
243207,1786553435481.649877,0,0,0,1,0,0,1,0
243208,1786553435482.658465,0,0,0,1,0,0,1,0
243209,1786553435483.667851,0,0,0,1,0,0,1,0
243210,1786553435484.674838,0,0,0,1,0,0,1,0
243211,1786553435485.684226,0,0,0,1,0,0,1,0
243212,1786553435486.722416,0,0,0,1,0,0,1,0
243213,1786553435488.241548,0,0,0,1,0,0,1,0
243214,1786553435489.233435,0,0,0,1,0,0,1,0
243215,1786553435490.255022,0,0,0,1,0,0,1,0
243216,1786553435491.255610,0,0,0,1,0,0,1,0
243217,1786553435492.260498,0,0,0,1,0,0,1,0
243218,1786553435493.264783,0,0,0,1,0,0,1,0
243219,1786553435494.278972,0,0,0,1,0,0,1,0
243220,1786553435495.282259,0,0,0,1,0,0,1,0
243221,1786553435496.289946,0,0,0,1,0,0,1,0
243222,1786553435497.298235,0,0,0,1,0,0,1,0
243223,1786553435498.306722,0,0,0,1,0,0,1,0
243224,1786553435499.321910,0,0,0,1,0,0,1,0
243225,1786553435500.325997,0,0,0,1,0,0,1,0
243226,1786553435501.330985,0,0,0,1,0,0,1,0
243227,1786553435502.340572,0,0,0,1,0,0,1,0
243228,1786553435503.359859,0,0,0,1,0,0,1,0
243229,1786553435504.367146,0,0,0,1,0,0,1,0
243230,1786553435505.374133,0,0,0,1,0,0,1,0
243231,1786553435506.378320,0,0,0,1,0,0,1,0
243232,1786553435507.386309,0,0,0,1,0,0,1,0
243233,1786553435508.393397,0,0,0,1,0,0,1,0
243234,1786553435509.402385,0,0,0,1,0,0,1,0
243235,1786553435510.410872,0,0,0,1,0,0,1,0
243236,1786553435511.416058,0,0,0,1,0,0,1,0
243237,1786553435512.424645,0,0,0,1,0,0,1,0
243238,1786553435513.432232,0,0,0,1,0,0,1,0
243239,1786553435514.442120,0,0,0,1,0,0,1,0
243240,1786553435515.451908,0,0,0,1,0,0,1,0
243241,1786553435516.461496,0,0,0,1,0,0,1,0
243242,1786553435517.467483,0,0,0,1,0,0,1,0
243243,1786553435518.898708,0,0,0,1,0,0,1,0
243244,1786553435519.498760,0,0,0,1,0,0,1,0
243245,1786553435520.501347,0,0,0,1,0,0,1,0
243246,1786553435521.507035,0,0,0,1,0,0,1,0
243247,1786553435522.514823,0,0,0,1,0,0,1,0
243248,1786553435523.532711,0,0,0,1,0,0,1,0
243249,1786553435524.535498,0,0,0,1,0,0,1,0
243250,1786553435525.546787,0,0,0,1,0,0,1,0
243251,1786553435526.550974,0,0,0,1,0,0,1,0
243252,1786553435527.566763,0,0,0,1,0,0,1,0
243253,1786553435528.571551,0,0,0,1,0,0,1,0
243254,1786553435529.581037,0,0,0,1,0,0,1,0
243255,1786553435530.586423,0,0,0,1,0,0,1,0
243256,1786553435531.599209,0,0,0,1,0,0,1,0
243257,1786553435532.603896,0,0,0,1,0,0,1,0
243258,1786553435533.612983,0,0,0,1,0,0,1,0
243259,1786553435534.625371,0,0,0,1,0,0,1,0
243260,1786553435535.643859,0,0,0,1,0,0,1,0
243261,1786553435536.643745,0,0,0,1,0,0,1,0
243262,1786553435537.645132,0,0,0,1,0,0,1,0
243263,1786553435538.651519,0,0,0,1,0,0,1,0
243264,1786553435539.659106,0,0,0,1,0,0,1,0
243265,1786553435540.667193,0,0,0,1,0,0,1,0
243266,1786553435541.675880,0,0,0,1,0,0,1,0
243267,1786553435542.684568,0,0,0,1,0,0,1,0
243268,1786553435543.692657,0,0,0,1,0,0,1,0
243269,1786553435544.700444,0,0,0,1,0,0,1,0
243270,1786553435545.709831,0,0,0,1,0,0,1,0
243271,1786553435546.717117,0,0,0,1,0,0,1,0
243272,1786553435547.726104,0,0,0,1,0,0,1,0
243273,1786553435548.735891,0,0,0,1,0,0,1,0
243274,1786553435549.740879,0,0,0,1,0,0,1,0
243275,1786553435550.833375,0,0,0,1,0,0,1,0
243276,1786553435551.796258,0,0,0,1,0,0,1,0
243277,1786553435552.815148,0,0,0,1,0,0,1,0
243278,1786553435553.795232,0,0,0,1,0,0,1,0
243279,1786553435554.806519,0,0,0,1,0,0,1,0
243280,1786553435555.801807,0,0,0,1,0,0,1,0
243281,1786553435556.805994,0,0,0,1,0,0,1,0
243282,1786553435557.811682,0,0,0,1,0,0,1,0
243283,1786553435558.826970,0,0,0,1,0,0,1,0
243284,1786553435559.835058,0,0,0,1,0,0,1,0
243285,1786553435560.840544,0,0,0,1,0,0,1,0
243286,1786553435561.849932,0,0,0,1,0,0,1,0
243287,1786553435562.859220,0,0,0,1,0,0,1,0
243288,1786553435563.866507,0,0,0,1,0,0,1,0
243289,1786553435564.895397,0,0,0,1,0,0,1,0
243290,1786553435565.889082,0,0,0,1,0,0,1,0
243291,1786553435566.899671,0,0,0,1,0,0,1,0
243292,1786553435567.901259,0,0,0,1,0,0,1,0
243293,1786553435568.915846,0,0,0,1,0,0,1,0
243294,1786553435569.917433,0,0,0,1,0,0,1,0
243295,1786553435570.926524,0,0,0,1,0,0,1,0
243296,1786553435571.934210,0,0,0,1,0,0,1,0
243297,1786553435572.941398,0,0,0,1,0,0,1,0
243298,1786553435573.948785,0,0,0,1,0,0,1,0
243299,1786553435574.957173,0,0,0,1,0,0,1,0
243300,1786553435575.963960,0,0,0,1,0,0,1,0
243301,1786553435576.971847,0,0,0,1,0,0,1,0
243302,1786553435577.978533,0,0,0,1,0,0,1,0
243303,1786553435578.991823,0,0,0,1,0,0,1,0
243304,1786553435579.995910,0,0,0,1,0,0,1,0
243305,1786553435581.276421,0,0,0,1,0,0,1,0
243306,1786553435582.033487,0,0,0,1,0,0,1,0
243307,1786553435583.029974,0,0,0,1,0,0,1,0
243308,1786553435584.036662,0,0,0,1,0,0,1,0
243309,1786553435585.048849,0,0,0,1,0,0,1,0
243310,1786553435586.052637,0,0,0,1,0,0,1,0
243311,1786553435587.061324,0,0,0,1,0,0,1,0
243312,1786553435588.068410,0,0,0,1,0,0,1,0
243313,1786553435589.075999,0,0,0,1,0,0,1,0
243314,1786553435590.084086,0,0,0,1,0,0,1,0
243315,1786553435591.092275,0,0,0,1,0,0,1,0
243316,1786553435592.099764,0,0,0,1,0,0,1,0
243317,1786553435593.108553,0,0,0,1,0,0,1,0
243318,1786553435594.119640,0,0,0,1,0,0,1,0
243319,1786553435595.125226,0,0,0,1,0,0,1,0
243320,1786553435596.133213,0,0,0,1,0,0,1,0
243321,1786553435597.164202,0,0,0,1,0,0,1,0
243322,1786553435598.160291,0,0,0,1,0,0,1,0
243323,1786553435599.163777,0,0,0,1,0,0,1,0
243324,1786553435600.171465,0,0,0,1,0,0,1,0
243325,1786553435601.181554,0,0,0,1,0,0,1,0
243326,1786553435602.231447,0,0,0,1,0,0,1,0
243327,1786553435603.211634,0,0,0,1,0,0,1,0
243328,1786553435604.221722,0,0,0,1,0,0,1,0
243329,1786553435605.224308,0,0,0,1,0,0,1,0
243330,1786553435606.230496,0,0,0,1,0,0,1,0
243331,1786553435607.239482,0,0,0,1,0,0,1,0
243332,1786553435608.248370,0,0,0,1,0,0,1,0
243333,1786553435609.257457,0,0,0,1,0,0,1,0
243334,1786553435610.263645,0,0,0,1,0,0,1,0
243335,1786553435611.272434,0,0,0,1,0,0,1,0
243336,1786553435612.280722,0,0,0,1,0,0,1,0
243337,1786553435613.366315,0,0,0,1,0,0,1,0
243338,1786553435614.317399,0,0,0,1,0,0,1,0
243339,1786553435615.315483,0,0,0,1,0,0,1,0
243340,1786553435616.320472,0,0,0,1,0,0,1,0
243341,1786553435617.329659,0,0,0,1,0,0,1,0
243342,1786553435618.343048,0,0,0,1,0,0,1,0
243343,1786553435619.346736,0,0,0,1,0,0,1,0
243344,1786553435620.355024,0,0,0,1,0,0,1,0
243345,1786553435621.361112,0,0,0,1,0,0,1,0
243346,1786553435622.370800,0,0,0,1,0,0,1,0
243347,1786553435623.380488,0,0,0,1,0,0,1,0
243348,1786553435624.388276,0,0,0,1,0,0,1,0
243349,1786553435625.395963,0,0,0,1,0,0,1,0
243350,1786553435626.402250,0,0,0,1,0,0,1,0
243351,1786553435627.426937,0,0,0,1,0,0,1,0
243352,1786553435628.426724,0,0,0,1,0,0,1,0
243353,1786553435629.430913,0,0,0,1,0,0,1,0
243354,1786553435630.439700,0,0,0,1,0,0,1,0
243355,1786553435631.446487,0,0,0,1,0,0,1,0
243356,1786553435632.454074,0,0,0,1,0,0,1,0
243357,1786553435633.461462,0,0,0,1,0,0,1,0
243358,1786553435634.478853,0,0,0,1,0,0,1,0
243359,1786553435635.485140,0,0,0,1,0,0,1,0
243360,1786553435636.492429,0,0,0,1,0,0,1,0
243361,1786553435637.499516,0,0,0,1,0,0,1,0
243362,1786553435638.509903,0,0,0,1,0,0,1,0
243363,1786553435639.517091,0,0,0,1,0,0,1,0
243364,1786553435640.525378,0,0,0,1,0,0,1,0
243365,1786553435641.531765,0,0,0,1,0,0,1,0
243366,1786553435642.543553,0,0,0,1,0,0,1,0
243367,1786553435643.879469,0,0,0,1,0,0,1,0
243368,1786553435644.731343,0,0,0,1,0,0,1,0
243369,1786553435645.746830,0,0,0,1,0,0,1,0
243370,1786553435646.741016,0,0,0,1,0,0,1,0
243371,1786553435647.748904,0,0,0,1,0,0,1,0
243372,1786553435648.755791,0,0,0,1,0,0,1,0
243373,1786553435649.766979,0,0,0,1,0,0,1,0
243374,1786553435650.779366,0,0,0,1,0,0,1,0
243375,1786553435651.783552,0,0,0,1,0,0,1,0
243376,1786553435652.791240,0,0,0,1,0,0,1,0
243377,1786553435653.798427,0,0,0,1,0,0,1,0
243378,1786553435654.815414,0,0,0,1,0,0,1,0
243379,1786553435655.825002,0,0,0,1,0,0,1,0
243380,1786553435656.831988,0,0,0,1,0,0,1,0
243381,1786553435657.839075,0,0,0,1,0,0,1,0
243382,1786553435658.872965,0,0,0,1,0,0,1,0
243383,1786553435659.864952,0,0,0,1,0,0,1,0
243384,1786553435660.866837,0,0,0,1,0,0,1,0
243385,1786553435661.874425,0,0,0,1,0,0,1,0
243386,1786553435662.881013,0,0,0,1,0,0,1,0
243387,1786553435663.888902,0,0,0,1,0,0,1,0
243388,1786553435664.904889,0,0,0,1,0,0,1,0
243389,1786553435665.907077,0,0,0,1,0,0,1,0
243390,1786553435666.921465,0,0,0,1,0,0,1,0
243391,1786553435667.929153,0,0,0,1,0,0,1,0
243392,1786553435668.934040,0,0,0,1,0,0,1,0
243393,1786553435669.940628,0,0,0,1,0,0,1,0
243394,1786553435670.947715,0,0,0,1,0,0,1,0
243395,1786553435671.957003,0,0,0,1,0,0,1,0
243396,1786553435672.964491,0,0,0,1,0,0,1,0
243397,1786553435673.974578,0,0,0,1,0,0,1,0
243398,1786553435674.995766,0,0,0,1,0,0,1,0
243399,1786553435675.995854,0,0,0,1,0,0,1,0
243400,1786553435677.001642,0,0,0,1,0,0,1,0
243401,1786553435678.011430,0,0,0,1,0,0,1,0
243402,1786553435679.019717,0,0,0,1,0,0,1,0
243403,1786553435680.029505,0,0,0,1,0,0,1,0
243404,1786553435681.038193,0,0,0,1,0,0,1,0
243405,1786553435682.044180,0,0,0,1,0,0,1,0
243406,1786553435683.076168,0,0,0,1,0,0,1,0
243407,1786553435684.068254,0,0,0,1,0,0,1,0
243408,1786553435685.076542,0,0,0,1,0,0,1,0
243409,1786553435686.080129,0,0,0,1,0,0,1,0
243410,1786553435687.091716,0,0,0,1,0,0,1,0
243411,1786553435688.097201,0,0,0,1,0,0,1,0
243412,1786553435689.111790,0,0,0,1,0,0,1,0
243413,1786553435690.154180,0,0,0,1,0,0,1,0
243414,1786553435691.137064,0,0,0,1,0,0,1,0
243415,1786553435692.177854,0,0,0,1,0,0,1,0
243416,1786553435693.181941,0,0,0,1,0,0,1,0
243417,1786553435694.161625,0,0,0,1,0,0,1,0
243418,1786553435695.171112,0,0,0,1,0,0,1,0
243419,1786553435696.179000,0,0,0,1,0,0,1,0
243420,1786553435697.191587,0,0,0,1,0,0,1,0
243421,1786553435698.200976,0,0,0,1,0,0,1,0
243422,1786553435699.210462,0,0,0,1,0,0,1,0
243423,1786553435700.260754,0,0,0,1,0,0,1,0
243424,1786553435701.268541,0,0,0,1,0,0,1,0
243425,1786553435702.243227,0,0,0,1,0,0,1,0
243426,1786553435703.250614,0,0,0,1,0,0,1,0
243427,1786553435704.260602,0,0,0,1,0,0,1,0
243428,1786553435706.244574,0,0,0,1,0,0,1,0
243429,1786553435707.075945,0,0,0,1,0,0,1,0
243430,1786553435708.085834,0,0,0,1,0,0,1,0
243431,1786553435709.077821,0,0,0,1,0,0,1,0
243432,1786553435710.087908,0,0,0,1,0,0,1,0
243433,1786553435711.089196,0,0,0,1,0,0,1,0
243434,1786553435712.099283,0,0,0,1,0,0,1,0
243435,1786553435713.104569,0,0,0,1,0,0,1,0
243436,1786553435714.115357,0,0,0,1,0,0,1,0
243437,1786553435715.128745,0,0,0,1,0,0,1,0
243438,1786553435716.133033,0,0,0,1,0,0,1,0
243439,1786553435717.140820,0,0,0,1,0,0,1,0
243440,1786553435718.150108,0,0,0,1,0,0,1,0
243441,1786553435719.177396,0,0,0,1,0,0,1,0
243442,1786553435720.173183,0,0,0,1,0,0,1,0
243443,1786553435721.178969,0,0,0,1,0,0,1,0
243444,1786553435722.185757,0,0,0,1,0,0,1,0
243445,1786553435723.193445,0,0,0,1,0,0,1,0
243446,1786553435724.201831,0,0,0,1,0,0,1,0
243447,1786553435725.212118,0,0,0,1,0,0,1,0
243448,1786553435726.217204,0,0,0,1,0,0,1,0
243449,1786553435727.231192,0,0,0,1,0,0,1,0
243450,1786553435728.235079,0,0,0,1,0,0,1,0
243451,1786553435729.246466,0,0,0,1,0,0,1,0
243452,1786553435730.251152,0,0,0,1,0,0,1,0
243453,1786553435731.259540,0,0,0,1,0,0,1,0
243454,1786553435732.274428,0,0,0,1,0,0,1,0
243455,1786553435733.278415,0,0,0,1,0,0,1,0
243456,1786553435734.298003,0,0,0,1,0,0,1,0
243457,1786553435735.309492,0,0,0,1,0,0,1,0
243458,1786553435736.300179,0,0,0,1,0,0,1,0
243459,1786553435737.306268,0,0,0,1,0,0,1,0
243460,1786553435738.310955,0,0,0,1,0,0,1,0
243461,1786553435739.316641,0,0,0,1,0,0,1,0
243462,1786553435740.326029,0,0,0,1,0,0,1,0
243463,1786553435741.333917,0,0,0,1,0,0,1,0
243464,1786553435742.340904,0,0,0,1,0,0,1,0
243465,1786553435743.350492,0,0,0,1,0,0,1,0
243466,1786553435744.356979,0,0,0,1,0,0,1,0
243467,1786553435745.364267,0,0,0,1,0,0,1,0
243468,1786553435746.370652,0,0,0,1,0,0,1,0
243469,1786553435747.378139,0,0,0,1,0,0,1,0
243470,1786553435748.397127,0,0,0,1,0,0,1,0
243471,1786553435749.402414,0,0,0,1,0,0,1,0
243472,1786553435750.408901,0,0,0,1,0,0,1,0
243473,1786553435751.414189,0,0,0,1,0,0,1,0
243474,1786553435752.419577,0,0,0,1,0,0,1,0
243475,1786553435753.425865,0,0,0,1,0,0,1,0
243476,1786553435754.432852,0,0,0,1,0,0,1,0
243477,1786553435755.443242,0,0,0,1,0,0,1,0
243478,1786553435756.449830,0,0,0,1,0,0,1,0
243479,1786553435757.457117,0,0,0,1,0,0,1,0
243480,1786553435758.464904,0,0,0,1,0,0,1,0
243481,1786553435759.473092,0,0,0,1,0,0,1,0
243482,1786553435760.481279,0,0,0,1,0,0,1,0
243483,1786553435761.489165,0,0,0,1,0,0,1,0
243484,1786553435762.496953,0,0,0,1,0,0,1,0
243485,1786553435763.505342,0,0,0,1,0,0,1,0
243486,1786553435764.512429,0,0,0,1,0,0,1,0
243487,1786553435765.858448,0,0,0,1,0,0,1,0
243488,1786553435766.813331,0,0,0,1,0,0,1,0
243489,1786553435767.809618,0,0,0,1,0,0,1,0
243490,1786553435768.827907,0,0,0,1,0,0,1,0
243491,1786553435769.833894,0,0,0,1,0,0,1,0
243492,1786553435770.841181,0,0,0,1,0,0,1,0
243493,1786553435771.847768,0,0,0,1,0,0,1,0
243494,1786553435772.857256,0,0,0,1,0,0,1,0
243495,1786553435773.864942,0,0,0,1,0,0,1,0
243496,1786553435774.883130,0,0,0,1,0,0,1,0
243497,1786553435775.880315,0,0,0,1,0,0,1,0
243498,1786553435776.889902,0,0,0,1,0,0,1,0
243499,1786553435777.896487,0,0,0,1,0,0,1,0
243500,1786553435778.904774,0,0,0,1,0,0,1,0
243501,1786553435779.913062,0,0,0,1,0,0,1,0
243502,1786553435780.962753,0,0,0,1,0,0,1,0
243503,1786553435781.968240,0,0,0,1,0,0,1,0
243504,1786553435782.959226,0,0,0,1,0,0,1,0
243505,1786553435783.967313,0,0,0,1,0,0,1,0
243506,1786553435784.974000,0,0,0,1,0,0,1,0
243507,1786553435785.985488,0,0,0,1,0,0,1,0
243508,1786553435786.993876,0,0,0,1,0,0,1,0
243509,1786553435788.003862,0,0,0,1,0,0,1,0
243510,1786553435789.011051,0,0,0,1,0,0,1,0
243511,1786553435790.023239,0,0,0,1,0,0,1,0
243512,1786553435791.030926,0,0,0,1,0,0,1,0
243513,1786553435792.041514,0,0,0,1,0,0,1,0
243514,1786553435793.047201,0,0,0,1,0,0,1,0
243515,1786553435794.132996,0,0,0,1,0,0,1,0
243516,1786553435795.139884,0,0,0,1,0,0,1,0
243517,1786553435796.757122,0,0,0,1,0,0,1,0
243518,1786553435797.603899,0,0,0,1,0,0,1,0
243519,1786553435798.599986,0,0,0,1,0,0,1,0
243520,1786553435799.626976,0,0,0,1,0,0,1,0
243521,1786553435800.620061,0,0,0,1,0,0,1,0
243522,1786553435801.621246,0,0,0,1,0,0,1,0
243523,1786553435802.629835,0,0,0,1,0,0,1,0
243524,1786553435803.635424,0,0,0,1,0,0,1,0
243525,1786553435804.642611,0,0,0,1,0,0,1,0
243526,1786553435805.647798,0,0,0,1,0,0,1,0
243527,1786553435806.653686,0,0,0,1,0,0,1,0
243528,1786553435807.661873,0,0,0,1,0,0,1,0
243529,1786553435808.669861,0,0,0,1,0,0,1,0
243530,1786553435809.680548,0,0,0,1,0,0,1,0
243531,1786553435810.686536,0,0,0,1,0,0,1,0
243532,1786553435811.727927,0,0,0,1,0,0,1,0
243533,1786553435812.707813,0,0,0,1,0,0,1,0
243534,1786553435813.720002,0,0,0,1,0,0,1,0
243535,1786553435814.724089,0,0,0,1,0,0,1,0
243536,1786553435815.729976,0,0,0,1,0,0,1,0
243537,1786553435816.738464,0,0,0,1,0,0,1,0
243538,1786553435817.746152,0,0,0,1,0,0,1,0
243539,1786553435818.754438,0,0,0,1,0,0,1,0
243540,1786553435819.762425,0,0,0,1,0,0,1,0
243541,1786553435820.770313,0,0,0,1,0,0,1,0
243542,1786553435821.780701,0,0,0,1,0,0,1,0
243543,1786553435822.789788,0,0,0,1,0,0,1,0
243544,1786553435823.796875,0,0,0,1,0,0,1,0
243545,1786553435824.812464,0,0,0,1,0,0,1,0
243546,1786553435825.813150,0,0,0,1,0,0,1,0
243547,1786553435826.985751,0,0,0,1,0,0,1,0
243548,1786553435827.860127,0,0,0,1,0,0,1,0
243549,1786553435828.855814,0,0,0,1,0,0,1,0
243550,1786553435829.871802,0,0,0,1,0,0,1,0
243551,1786553435830.873890,0,0,0,1,0,0,1,0
243552,1786553435831.881378,0,0,0,1,0,0,1,0
243553,1786553435832.888465,0,0,0,1,0,0,1,0
243554,1786553435833.896153,0,0,0,1,0,0,1,0
243555,1786553435834.909340,0,0,0,1,0,0,1,0
243556,1786553435835.911326,0,0,0,1,0,0,1,0
243557,1786553435836.918214,0,0,0,1,0,0,1,0
243558,1786553435837.927301,0,0,0,1,0,0,1,0
243559,1786553435838.933289,0,0,0,1,0,0,1,0
243560,1786553435839.941377,0,0,0,1,0,0,1,0
243561,1786553435840.949166,0,0,0,1,0,0,1,0
243562,1786553435841.964353,0,0,0,1,0,0,1,0
243563,1786553435842.968441,0,0,0,1,0,0,1,0
243564,1786553435843.977629,0,0,0,1,0,0,1,0
243565,1786553435844.983615,0,0,0,1,0,0,1,0
243566,1786553435846.014605,0,0,0,1,0,0,1,0
243567,1786553435847.012790,0,0,0,1,0,0,1,0
243568,1786553435848.015378,0,0,0,1,0,0,1,0
243569,1786553435849.022367,0,0,0,1,0,0,1,0
243570,1786553435850.032354,0,0,0,1,0,0,1,0
243571,1786553435851.041541,0,0,0,1,0,0,1,0
243572,1786553435852.051128,0,0,0,1,0,0,1,0
243573,1786553435853.060715,0,0,0,1,0,0,1,0
243574,1786553435854.070902,0,0,0,1,0,0,1,0
243575,1786553435855.079590,0,0,0,1,0,0,1,0
243576,1786553435856.101678,0,0,0,1,0,0,1,0
243577,1786553435857.098365,0,0,0,1,0,0,1,0
243578,1786553435858.290969,0,0,0,1,0,0,1,0
243579,1786553435859.286957,0,0,0,1,0,0,1,0
243580,1786553435860.292744,0,0,0,1,0,0,1,0
243581,1786553435861.299932,0,0,0,1,0,0,1,0
243582,1786553435862.317020,0,0,0,1,0,0,1,0
243583,1786553435863.322207,0,0,0,1,0,0,1,0
243584,1786553435864.327194,0,0,0,1,0,0,1,0
243585,1786553435865.337582,0,0,0,1,0,0,1,0
243586,1786553435866.345270,0,0,0,1,0,0,1,0
243587,1786553435867.355658,0,0,0,1,0,0,1,0
243588,1786553435868.366347,0,0,0,1,0,0,1,0
243589,1786553435869.373535,0,0,0,1,0,0,1,0
243590,1786553435870.381421,0,0,0,1,0,0,1,0
243591,1786553435871.390210,0,0,0,1,0,0,1,0
243592,1786553435872.400098,0,0,0,1,0,0,1,0
243593,1786553435873.445589,0,0,0,1,0,0,1,0
243594,1786553435874.427575,0,0,0,1,0,0,1,0
243595,1786553435875.436063,0,0,0,1,0,0,1,0
243596,1786553435876.442651,0,0,0,1,0,0,1,0
243597,1786553435877.451238,0,0,0,1,0,0,1,0
243598,1786553435878.461226,0,0,0,1,0,0,1,0
243599,1786553435879.479015,0,0,0,1,0,0,1,0
243600,1786553435880.488802,0,0,0,1,0,0,1,0
243601,1786553435881.495791,0,0,0,1,0,0,1,0
243602,1786553435882.509777,0,0,0,1,0,0,1,0
243603,1786553435883.518464,0,0,0,1,0,0,1,0
243604,1786553435884.525751,0,0,0,1,0,0,1,0
243605,1786553435885.534037,0,0,0,1,0,0,1,0
243606,1786553435886.577529,0,0,0,1,0,0,1,0
243607,1786553435887.588217,0,0,0,1,0,0,1,0
243608,1786553435888.604404,0,0,0,1,0,0,1,0
243609,1786553435889.626893,0,0,0,1,0,0,1,0
243610,1786553435890.617378,0,0,0,1,0,0,1,0
243611,1786553435891.625466,0,0,0,1,0,0,1,0
243612,1786553435892.631053,0,0,0,1,0,0,1,0
243613,1786553435893.644240,0,0,0,1,0,0,1,0
243614,1786553435894.651527,0,0,0,1,0,0,1,0
243615,1786553435895.663516,0,0,0,1,0,0,1,0
243616,1786553435896.665503,0,0,0,1,0,0,1,0
243617,1786553435897.675991,0,0,0,1,0,0,1,0
243618,1786553435898.681778,0,0,0,1,0,0,1,0
243619,1786553435899.691668,0,0,0,1,0,0,1,0
243620,1786553435900.697556,0,0,0,1,0,0,1,0
243621,1786553435901.708244,0,0,0,1,0,0,1,0
243622,1786553435902.714332,0,0,0,1,0,0,1,0
243623,1786553435903.728520,0,0,0,1,0,0,1,0
243624,1786553435904.768611,0,0,0,1,0,0,1,0
243625,1786553435905.761597,0,0,0,1,0,0,1,0
243626,1786553435906.760185,0,0,0,1,0,0,1,0
243627,1786553435907.767674,0,0,0,1,0,0,1,0
243628,1786553435908.779562,0,0,0,1,0,0,1,0
243629,1786553435909.787750,0,0,0,1,0,0,1,0
243630,1786553435910.794836,0,0,0,1,0,0,1,0
243631,1786553435911.830328,0,0,0,1,0,0,1,0
243632,1786553435912.828214,0,0,0,1,0,0,1,0
243633,1786553435913.837202,0,0,0,1,0,0,1,0
243634,1786553435914.850490,0,0,0,1,0,0,1,0
243635,1786553435915.848877,0,0,0,1,0,0,1,0
243636,1786553435916.856665,0,0,0,1,0,0,1,0
243637,1786553435917.871353,0,0,0,1,0,0,1,0
243638,1786553435918.873741,0,0,0,1,0,0,1,0
243639,1786553435920.367170,0,0,0,1,0,0,1,0
243640,1786553435920.913219,0,0,0,1,0,0,1,0
243641,1786553435921.912004,0,0,0,1,0,0,1,0
243642,1786553435922.914091,0,0,0,1,0,0,1,0
243643,1786553435923.921978,0,0,0,1,0,0,1,0
243644,1786553435924.937967,0,0,0,1,0,0,1,0
243645,1786553435925.937853,0,0,0,1,0,0,1,0
243646,1786553435926.946842,0,0,0,1,0,0,1,0
243647,1786553435927.976432,0,0,0,1,0,0,1,0
243648,1786553435928.967917,0,0,0,1,0,0,1,0
243649,1786553435929.975304,0,0,0,1,0,0,1,0
243650,1786553435930.983892,0,0,0,1,0,0,1,0
243651,1786553435931.988479,0,0,0,1,0,0,1,0
243652,1786553435932.996665,0,0,0,1,0,0,1,0
243653,1786553435934.004454,0,0,0,1,0,0,1,0
243654,1786553435935.027143,0,0,0,1,0,0,1,0
243655,1786553435936.032930,0,0,0,1,0,0,1,0
243656,1786553435937.032517,0,0,0,1,0,0,1,0
243657,1786553435938.040607,0,0,0,1,0,0,1,0
243658,1786553435939.050195,0,0,0,1,0,0,1,0
243659,1786553435940.057982,0,0,0,1,0,0,1,0
243660,1786553435941.067070,0,0,0,1,0,0,1,0
243661,1786553435942.075756,0,0,0,1,0,0,1,0
243662,1786553435943.085145,0,0,0,1,0,0,1,0
243663,1786553435944.094931,0,0,0,1,0,0,1,0
243664,1786553435945.109119,0,0,0,1,0,0,1,0
243665,1786553435946.114306,0,0,0,1,0,0,1,0
243666,1786553435947.123094,0,0,0,1,0,0,1,0
243667,1786553435948.130581,0,0,0,1,0,0,1,0
243668,1786553435949.143470,0,0,0,1,0,0,1,0
243669,1786553435950.368877,0,0,0,1,0,0,1,0
243670,1786553435951.287858,0,0,0,1,0,0,1,0
243671,1786553435952.292144,0,0,0,1,0,0,1,0
243672,1786553435953.297730,0,0,0,1,0,0,1,0
243673,1786553435954.302815,0,0,0,1,0,0,1,0
243674,1786553435955.309303,0,0,0,1,0,0,1,0
243675,1786553435956.316491,0,0,0,1,0,0,1,0
243676,1786553435957.322480,0,0,0,1,0,0,1,0
243677,1786553435958.329665,0,0,0,1,0,0,1,0
243678,1786553435959.338353,0,0,0,1,0,0,1,0
243679,1786553435960.354542,0,0,0,1,0,0,1,0
243680,1786553435961.356828,0,0,0,1,0,0,1,0
243681,1786553435962.364716,0,0,0,1,0,0,1,0
243682,1786553435963.372403,0,0,0,1,0,0,1,0
243683,1786553435964.387791,0,0,0,1,0,0,1,0
243684,1786553435965.395378,0,0,0,1,0,0,1,0
243685,1786553435966.401166,0,0,0,1,0,0,1,0
243686,1786553435967.407354,0,0,0,1,0,0,1,0
243687,1786553435968.415542,0,0,0,1,0,0,1,0
243688,1786553435969.422828,0,0,0,1,0,0,1,0
243689,1786553435970.431714,0,0,0,1,0,0,1,0
243690,1786553435971.438502,0,0,0,1,0,0,1,0
243691,1786553435972.446890,0,0,0,1,0,0,1,0
243692,1786553435973.454378,0,0,0,1,0,0,1,0
243693,1786553435974.462666,0,0,0,1,0,0,1,0
243694,1786553435975.474053,0,0,0,1,0,0,1,0
243695,1786553435976.508344,0,0,0,1,0,0,1,0
243696,1786553435977.502031,0,0,0,1,0,0,1,0
243697,1786553435978.508917,0,0,0,1,0,0,1,0
243698,1786553435979.516304,0,0,0,1,0,0,1,0
243699,1786553435980.592698,0,0,0,1,0,0,1,0
243700,1786553435981.603686,0,0,0,1,0,0,1,0
243701,1786553435982.561070,0,0,0,1,0,0,1,0
243702,1786553435983.568155,0,0,0,1,0,0,1,0
243703,1786553435984.573544,0,0,0,1,0,0,1,0
243704,1786553435985.582030,0,0,0,1,0,0,1,0
243705,1786553435986.588318,0,0,0,1,0,0,1,0
243706,1786553435987.595806,0,0,0,1,0,0,1,0
243707,1786553435988.603295,0,0,0,1,0,0,1,0
243708,1786553435989.611181,0,0,0,1,0,0,1,0
243709,1786553435990.620568,0,0,0,1,0,0,1,0
243710,1786553435991.628856,0,0,0,1,0,0,1,0
243711,1786553435992.644344,0,0,0,1,0,0,1,0
243712,1786553435993.654931,0,0,0,1,0,0,1,0
243713,1786553435994.659922,0,0,0,1,0,0,1,0
243714,1786553435995.710214,0,0,0,1,0,0,1,0
243715,1786553435996.683200,0,0,0,1,0,0,1,0
243716,1786553435997.695688,0,0,0,1,0,0,1,0
243717,1786553435998.708877,0,0,0,1,0,0,1,0
243718,1786553435999.712064,0,0,0,1,0,0,1,0
243719,1786553436000.722451,0,0,0,1,0,0,1,0
243720,1786553436001.729339,0,0,0,1,0,0,1,0
243721,1786553436002.738726,0,0,0,1,0,0,1,0
243722,1786553436003.747914,0,0,0,1,0,0,1,0
243723,1786553436004.757001,0,0,0,1,0,0,1,0
243724,1786553436005.766589,0,0,0,1,0,0,1,0
243725,1786553436006.777377,0,0,0,1,0,0,1,0
243726,1786553436007.785865,0,0,0,1,0,0,1,0
243727,1786553436008.792752,0,0,0,1,0,0,1,0
243728,1786553436009.811540,0,0,0,1,0,0,1,0
243729,1786553436011.165655,0,0,0,1,0,0,1,0
243730,1786553436012.133739,0,0,0,1,0,0,1,0
243731,1786553436013.132927,0,0,0,1,0,0,1,0
243732,1786553436014.140213,0,0,0,1,0,0,1,0
243733,1786553436015.147899,0,0,0,1,0,0,1,0
243734,1786553436016.154387,0,0,0,1,0,0,1,0
243735,1786553436017.162474,0,0,0,1,0,0,1,0
243736,1786553436018.171361,0,0,0,1,0,0,1,0
243737,1786553436019.180848,0,0,0,1,0,0,1,0
243738,1786553436020.187035,0,0,0,1,0,0,1,0
243739,1786553436021.193922,0,0,0,1,0,0,1,0
243740,1786553436022.201508,0,0,0,1,0,0,1,0
243741,1786553436023.209095,0,0,0,1,0,0,1,0
243742,1786553436024.218182,0,0,0,1,0,0,1,0
243743,1786553436025.261372,0,0,0,1,0,0,1,0
243744,1786553436026.241656,0,0,0,1,0,0,1,0
243745,1786553436027.246943,0,0,0,1,0,0,1,0
243746,1786553436028.254332,0,0,0,1,0,0,1,0
243747,1786553436029.260419,0,0,0,1,0,0,1,0
243748,1786553436030.268507,0,0,0,1,0,0,1,0
243749,1786553436031.276395,0,0,0,1,0,0,1,0
243750,1786553436032.285583,0,0,0,1,0,0,1,0
243751,1786553436033.294470,0,0,0,1,0,0,1,0
243752,1786553436034.300258,0,0,0,1,0,0,1,0
243753,1786553436035.307846,0,0,0,1,0,0,1,0
243754,1786553436036.316434,0,0,0,1,0,0,1,0
243755,1786553436037.323720,0,0,0,1,0,0,1,0
243756,1786553436038.331206,0,0,0,1,0,0,1,0
243757,1786553436039.338192,0,0,0,1,0,0,1,0
243758,1786553436040.363280,0,0,0,1,0,0,1,0
243759,1786553436041.784902,0,0,0,1,0,0,1,0
243760,1786553436042.419056,0,0,0,1,0,0,1,0
243761,1786553436043.396342,0,0,0,1,0,0,1,0
243762,1786553436044.404231,0,0,0,1,0,0,1,0
243763,1786553436045.413418,0,0,0,1,0,0,1,0
243764,1786553436046.436907,0,0,0,1,0,0,1,0
243765,1786553436047.433793,0,0,0,1,0,0,1,0
243766,1786553436048.439081,0,0,0,1,0,0,1,0
243767,1786553436049.492172,0,0,0,1,0,0,1,0
243768,1786553436050.496157,0,0,0,1,0,0,1,0
243769,1786553436051.478842,0,0,0,1,0,0,1,0
243770,1786553436052.481028,0,0,0,1,0,0,1,0
243771,1786553436053.488118,0,0,0,1,0,0,1,0
243772,1786553436054.495805,0,0,0,1,0,0,1,0
243773,1786553436055.505294,0,0,0,1,0,0,1,0
243774,1786553436056.696598,0,0,0,1,0,0,1,0
243775,1786553436057.581275,0,0,0,1,0,0,1,0
243776,1786553436058.564061,0,0,0,1,0,0,1,0
243777,1786553436059.571048,0,0,0,1,0,0,1,0
243778,1786553436060.576134,0,0,0,1,0,0,1,0
243779,1786553436061.582523,0,0,0,1,0,0,1,0
243780,1786553436062.592011,0,0,0,1,0,0,1,0
243781,1786553436063.598598,0,0,0,1,0,0,1,0
243782,1786553436064.605684,0,0,0,1,0,0,1,0
243783,1786553436065.616371,0,0,0,1,0,0,1,0
243784,1786553436066.625758,0,0,0,1,0,0,1,0
243785,1786553436067.641646,0,0,0,1,0,0,1,0
243786,1786553436068.640431,0,0,0,1,0,0,1,0
243787,1786553436069.647519,0,0,0,1,0,0,1,0
243788,1786553436070.660308,0,0,0,1,0,0,1,0
243789,1786553436071.664596,0,0,0,1,0,0,1,0
243790,1786553436072.670683,0,0,0,1,0,0,1,0
243791,1786553436073.684771,0,0,0,1,0,0,1,0
243792,1786553436074.691158,0,0,0,1,0,0,1,0
243793,1786553436075.703346,0,0,0,1,0,0,1,0
243794,1786553436076.711233,0,0,0,1,0,0,1,0
243795,1786553436077.720119,0,0,0,1,0,0,1,0
243796,1786553436078.728107,0,0,0,1,0,0,1,0
243797,1786553436079.735893,0,0,0,1,0,0,1,0
243798,1786553436080.743781,0,0,0,1,0,0,1,0
243799,1786553436081.749868,0,0,0,1,0,0,1,0
243800,1786553436082.756056,0,0,0,1,0,0,1,0
243801,1786553436083.764844,0,0,0,1,0,0,1,0
243802,1786553436084.769530,0,0,0,1,0,0,1,0
243803,1786553436085.780119,0,0,0,1,0,0,1,0
243804,1786553436086.800106,0,0,0,1,0,0,1,0
243805,1786553436087.800193,0,0,0,1,0,0,1,0
243806,1786553436088.806481,0,0,0,1,0,0,1,0
243807,1786553436089.838571,0,0,0,1,0,0,1,0
243808,1786553436090.839258,0,0,0,1,0,0,1,0
243809,1786553436091.856246,0,0,0,1,0,0,1,0
243810,1786553436092.860835,0,0,0,1,0,0,1,0
243811,1786553436094.004036,0,0,0,1,0,0,1,0
243812,1786553436094.881711,0,0,0,1,0,0,1,0
243813,1786553436095.878799,0,0,0,1,0,0,1,0
243814,1786553436096.885885,0,0,0,1,0,0,1,0
243815,1786553436097.893872,0,0,0,1,0,0,1,0
243816,1786553436098.902259,0,0,0,1,0,0,1,0
243817,1786553436099.908546,0,0,0,1,0,0,1,0
243818,1786553436100.914733,0,0,0,1,0,0,1,0
243819,1786553436101.955823,0,0,0,1,0,0,1,0
243820,1786553436102.984110,0,0,0,1,0,0,1,0
243821,1786553436103.992697,0,0,0,1,0,0,1,0
243822,1786553436104.990484,0,0,0,1,0,0,1,0
243823,1786553436106.004772,0,0,0,1,0,0,1,0
243824,1786553436107.006559,0,0,0,1,0,0,1,0
243825,1786553436108.014547,0,0,0,1,0,0,1,0
243826,1786553436109.018834,0,0,0,1,0,0,1,0
243827,1786553436110.029723,0,0,0,1,0,0,1,0
243828,1786553436111.034611,0,0,0,1,0,0,1,0
243829,1786553436112.042698,0,0,0,1,0,0,1,0
243830,1786553436113.050386,0,0,0,1,0,0,1,0
243831,1786553436114.058274,0,0,0,1,0,0,1,0
243832,1786553436115.065862,0,0,0,1,0,0,1,0
243833,1786553436116.074748,0,0,0,1,0,0,1,0
243834,1786553436117.087536,0,0,0,1,0,0,1,0
243835,1786553436118.094726,0,0,0,1,0,0,1,0
243836,1786553436119.101214,0,0,0,1,0,0,1,0
243837,1786553436120.109003,0,0,0,1,0,0,1,0
243838,1786553436121.116591,0,0,0,1,0,0,1,0
243839,1786553436122.125076,0,0,0,1,0,0,1,0
243840,1786553436123.149867,0,0,0,1,0,0,1,0
243841,1786553436124.150356,0,0,0,1,0,0,1,0
243842,1786553436125.153644,0,0,0,1,0,0,1,0
243843,1786553436126.158931,0,0,0,1,0,0,1,0
243844,1786553436127.166120,0,0,0,1,0,0,1,0
243845,1786553436128.173507,0,0,0,1,0,0,1,0
243846,1786553436129.186594,0,0,0,1,0,0,1,0
243847,1786553436130.190580,0,0,0,1,0,0,1,0
243848,1786553436131.200869,0,0,0,1,0,0,1,0
243849,1786553436132.687798,0,0,0,1,0,0,1,0
243850,1786553436133.541872,0,0,0,1,0,0,1,0
243851,1786553436134.525059,0,0,0,1,0,0,1,0
243852,1786553436135.526146,0,0,0,1,0,0,1,0
243853,1786553436136.530334,0,0,0,1,0,0,1,0
243854,1786553436137.537022,0,0,0,1,0,0,1,0
243855,1786553436138.552109,0,0,0,1,0,0,1,0
243856,1786553436139.560398,0,0,0,1,0,0,1,0
243857,1786553436140.566186,0,0,0,1,0,0,1,0
243858,1786553436141.573173,0,0,0,1,0,0,1,0
243859,1786553436142.581461,0,0,0,1,0,0,1,0
243860,1786553436143.588450,0,0,0,1,0,0,1,0
243861,1786553436144.599937,0,0,0,1,0,0,1,0
243862,1786553436145.605025,0,0,0,1,0,0,1,0
243863,1786553436146.841932,0,0,0,1,0,0,1,0
243864,1786553436147.845418,0,0,0,1,0,0,1,0
243865,1786553436148.854405,0,0,0,1,0,0,1,0
243866,1786553436149.863292,0,0,0,1,0,0,1,0
243867,1786553436150.877181,0,0,0,1,0,0,1,0
243868,1786553436151.883568,0,0,0,1,0,0,1,0
243869,1786553436152.892756,0,0,0,1,0,0,1,0
243870,1786553436153.902543,0,0,0,1,0,0,1,0
243871,1786553436154.933231,0,0,0,1,0,0,1,0
243872,1786553436155.929217,0,0,0,1,0,0,1,0
243873,1786553436156.933704,0,0,0,1,0,0,1,0
243874,1786553436157.943692,0,0,0,1,0,0,1,0
243875,1786553436158.953080,0,0,0,1,0,0,1,0
243876,1786553436159.960368,0,0,0,1,0,0,1,0
243877,1786553436160.973356,0,0,0,1,0,0,1,0
243878,1786553436161.977243,0,0,0,1,0,0,1,0
243879,1786553436162.991029,0,0,0,1,0,0,1,0
243880,1786553436163.994516,0,0,0,1,0,0,1,0
243881,1786553436165.006505,0,0,0,1,0,0,1,0
243882,1786553436166.015493,0,0,0,1,0,0,1,0
243883,1786553436167.025680,0,0,0,1,0,0,1,0
243884,1786553436168.030969,0,0,0,1,0,0,1,0
243885,1786553436169.041657,0,0,0,1,0,0,1,0
243886,1786553436170.047445,0,0,0,1,0,0,1,0
243887,1786553436171.058632,0,0,0,1,0,0,1,0
243888,1786553436172.075720,0,0,0,1,0,0,1,0
243889,1786553436173.074907,0,0,0,1,0,0,1,0
243890,1786553436174.082295,0,0,0,1,0,0,1,0
243891,1786553436175.092483,0,0,0,1,0,0,1,0
243892,1786553436176.100570,0,0,0,1,0,0,1,0
243893,1786553436177.110758,0,0,0,1,0,0,1,0
243894,1786553436178.124045,0,0,0,1,0,0,1,0
243895,1786553436179.129234,0,0,0,1,0,0,1,0
243896,1786553436180.137722,0,0,0,1,0,0,1,0
243897,1786553436181.148911,0,0,0,1,0,0,1,0
243898,1786553436182.157099,0,0,0,1,0,0,1,0
243899,1786553436183.165386,0,0,0,1,0,0,1,0
243900,1786553436184.173773,0,0,0,1,0,0,1,0
243901,1786553436185.183063,0,0,0,1,0,0,1,0
243902,1786553436186.191149,0,0,0,1,0,0,1,0
243903,1786553436187.200337,0,0,0,1,0,0,1,0
243904,1786553436188.213026,0,0,0,1,0,0,1,0
243905,1786553436189.219714,0,0,0,1,0,0,1,0
243906,1786553436190.227301,0,0,0,1,0,0,1,0
243907,1786553436191.235587,0,0,0,1,0,0,1,0
243908,1786553436192.244076,0,0,0,1,0,0,1,0
243909,1786553436194.352855,0,0,0,1,0,0,1,0
243910,1786553436194.681183,0,0,0,1,0,0,1,0
243911,1786553436195.692272,0,0,0,1,0,0,1,0
243912,1786553436196.687258,0,0,0,1,0,0,1,0
243913,1786553436197.697847,0,0,0,1,0,0,1,0
243914,1786553436198.702534,0,0,0,1,0,0,1,0
243915,1786553436199.711822,0,0,0,1,0,0,1,0
243916,1786553436200.721011,0,0,0,1,0,0,1,0
243917,1786553436201.729597,0,0,0,1,0,0,1,0
243918,1786553436202.738083,0,0,0,1,0,0,1,0
243919,1786553436203.747471,0,0,0,1,0,0,1,0
243920,1786553436204.757259,0,0,0,1,0,0,1,0
243921,1786553436205.767847,0,0,0,1,0,0,1,0
243922,1786553436206.779936,0,0,0,1,0,0,1,0
243923,1786553436207.805327,0,0,0,1,0,0,1,0
243924,1786553436208.807213,0,0,0,1,0,0,1,0
243925,1786553436209.826201,0,0,0,1,0,0,1,0
243926,1786553436210.833989,0,0,0,1,0,0,1,0
243927,1786553436211.841877,0,0,0,1,0,0,1,0
243928,1786553436212.853466,0,0,0,1,0,0,1,0
243929,1786553436213.861353,0,0,0,1,0,0,1,0
243930,1786553436214.881941,0,0,0,1,0,0,1,0
243931,1786553436215.878228,0,0,0,1,0,0,1,0
243932,1786553436216.887615,0,0,0,1,0,0,1,0
243933,1786553436217.895903,0,0,0,1,0,0,1,0
243934,1786553436218.905390,0,0,0,1,0,0,1,0
243935,1786553436219.931278,0,0,0,1,0,0,1,0
243936,1786553436220.929864,0,0,0,1,0,0,1,0
243937,1786553436221.937951,0,0,0,1,0,0,1,0
243938,1786553436222.952440,0,0,0,1,0,0,1,0
243939,1786553436224.058734,0,0,0,1,0,0,1,0
243940,1786553436225.013517,0,0,0,1,0,0,1,0
243941,1786553436226.014403,0,0,0,1,0,0,1,0
243942,1786553436227.024190,0,0,0,1,0,0,1,0
243943,1786553436228.032177,0,0,0,1,0,0,1,0
243944,1786553436229.036663,0,0,0,1,0,0,1,0
243945,1786553436230.040751,0,0,0,1,0,0,1,0
243946,1786553436231.047641,0,0,0,1,0,0,1,0
243947,1786553436232.051927,0,0,0,1,0,0,1,0
243948,1786553436233.061516,0,0,0,1,0,0,1,0
243949,1786553436234.069704,0,0,0,1,0,0,1,0
243950,1786553436235.077892,0,0,0,1,0,0,1,0
243951,1786553436236.091079,0,0,0,1,0,0,1,0
243952,1786553436237.097465,0,0,0,1,0,0,1,0
243953,1786553436238.103850,0,0,0,1,0,0,1,0
243954,1786553436239.119838,0,0,0,1,0,0,1,0
243955,1786553436240.122925,0,0,0,1,0,0,1,0
243956,1786553436241.129913,0,0,0,1,0,0,1,0
243957,1786553436242.138000,0,0,0,1,0,0,1,0
243958,1786553436243.145987,0,0,0,1,0,0,1,0
243959,1786553436244.153173,0,0,0,1,0,0,1,0
243960,1786553436245.163662,0,0,0,1,0,0,1,0
243961,1786553436246.169848,0,0,0,1,0,0,1,0
243962,1786553436247.178838,0,0,0,1,0,0,1,0
243963,1786553436248.186825,0,0,0,1,0,0,1,0
243964,1786553436249.195111,0,0,0,1,0,0,1,0
243965,1786553436250.203000,0,0,0,1,0,0,1,0
243966,1786553436251.210586,0,0,0,1,0,0,1,0
243967,1786553436252.219275,0,0,0,1,0,0,1,0
243968,1786553436253.234564,0,0,0,1,0,0,1,0
243969,1786553436254.726995,0,0,0,1,0,0,1,0
243970,1786553436255.542667,0,0,0,1,0,0,1,0
243971,1786553436256.543454,0,0,0,1,0,0,1,0
243972,1786553436257.548342,0,0,0,1,0,0,1,0
243973,1786553436258.560131,0,0,0,1,0,0,1,0
243974,1786553436259.566117,0,0,0,1,0,0,1,0
243975,1786553436260.574004,0,0,0,1,0,0,1,0
243976,1786553436261.581490,0,0,0,1,0,0,1,0
243977,1786553436262.589278,0,0,0,1,0,0,1,0
243978,1786553436263.599565,0,0,0,1,0,0,1,0
243979,1786553436264.603753,0,0,0,1,0,0,1,0
243980,1786553436265.612141,0,0,0,1,0,0,1,0
243981,1786553436266.619429,0,0,0,1,0,0,1,0
243982,1786553436267.629617,0,0,0,1,0,0,1,0
243983,1786553436268.657806,0,0,0,1,0,0,1,0
243984,1786553436269.655893,0,0,0,1,0,0,1,0
243985,1786553436270.660780,0,0,0,1,0,0,1,0
243986,1786553436271.667467,0,0,0,1,0,0,1,0
243987,1786553436272.676555,0,0,0,1,0,0,1,0
243988,1786553436273.685342,0,0,0,1,0,0,1,0
243989,1786553436274.693428,0,0,0,1,0,0,1,0
243990,1786553436275.702816,0,0,0,1,0,0,1,0
243991,1786553436276.709905,0,0,0,1,0,0,1,0
243992,1786553436277.716492,0,0,0,1,0,0,1,0
243993,1786553436278.726380,0,0,0,1,0,0,1,0
243994,1786553436279.734368,0,0,0,1,0,0,1,0
243995,1786553436280.745856,0,0,0,1,0,0,1,0
243996,1786553436281.753344,0,0,0,1,0,0,1,0
243997,1786553436282.761633,0,0,0,1,0,0,1,0
243998,1786553436283.769920,0,0,0,1,0,0,1,0
243999,1786553436285.220945,0,0,0,1,0,0,1,0
244000,1786553436286.090321,0,0,0,1,0,0,1,0
244001,1786553436287.062905,0,0,0,1,0,0,1,0
244002,1786553436288.068193,0,0,0,1,0,0,1,0
244003,1786553436289.093281,0,0,0,1,0,0,1,0
244004,1786553436290.308488,0,0,0,1,0,0,1,0
244005,1786553436291.097956,0,0,0,1,0,0,1,0
244006,1786553436292.114545,0,0,0,1,0,0,1,0
244007,1786553436293.113533,0,0,0,1,0,0,1,0
244008,1786553436294.122520,0,0,0,1,0,0,1,0
244009,1786553436295.127007,0,0,0,1,0,0,1,0
244010,1786553436296.132795,0,0,0,1,0,0,1,0
244011,1786553436297.141783,0,0,0,1,0,0,1,0
244012,1786553436298.149370,0,0,0,1,0,0,1,0
244013,1786553436299.173860,0,0,0,1,0,0,1,0
244014,1786553436300.185149,0,0,0,1,0,0,1,0
244015,1786553436301.188136,0,0,0,1,0,0,1,0
244016,1786553436302.193023,0,0,0,1,0,0,1,0
244017,1786553436303.196409,0,0,0,1,0,0,1,0
244018,1786553436304.215698,0,0,0,1,0,0,1,0
244019,1786553436305.211986,0,0,0,1,0,0,1,0
244020,1786553436306.220473,0,0,0,1,0,0,1,0
244021,1786553436307.228961,0,0,0,1,0,0,1,0
244022,1786553436308.237249,0,0,0,1,0,0,1,0
244023,1786553436309.243138,0,0,0,1,0,0,1,0
244024,1786553436310.253226,0,0,0,1,0,0,1,0
244025,1786553436311.260114,0,0,0,1,0,0,1,0
244026,1786553436312.268903,0,0,0,1,0,0,1,0
244027,1786553436313.277591,0,0,0,1,0,0,1,0
244028,1786553436314.290879,0,0,0,1,0,0,1,0
244029,1786553436315.297963,0,0,0,1,0,0,1,0
244030,1786553436316.302249,0,0,0,1,0,0,1,0
244031,1786553436317.317438,0,0,0,1,0,0,1,0
244032,1786553436318.319925,0,0,0,1,0,0,1,0
244033,1786553436319.329813,0,0,0,1,0,0,1,0
244034,1786553436320.335003,0,0,0,1,0,0,1,0
244035,1786553436321.346490,0,0,0,1,0,0,1,0
244036,1786553436322.352178,0,0,0,1,0,0,1,0
244037,1786553436323.362365,0,0,0,1,0,0,1,0
244038,1786553436324.367253,0,0,0,1,0,0,1,0
244039,1786553436325.375741,0,0,0,1,0,0,1,0
244040,1786553436326.385929,0,0,0,1,0,0,1,0
244041,1786553436327.393218,0,0,0,1,0,0,1,0
244042,1786553436328.399704,0,0,0,1,0,0,1,0
244043,1786553436329.409092,0,0,0,1,0,0,1,0
244044,1786553436330.442181,0,0,0,1,0,0,1,0
244045,1786553436331.478071,0,0,0,1,0,0,1,0
244046,1786553436332.490859,0,0,0,1,0,0,1,0
244047,1786553436333.483145,0,0,0,1,0,0,1,0
244048,1786553436334.476532,0,0,0,1,0,0,1,0
244049,1786553436335.504520,0,0,0,1,0,0,1,0
244050,1786553436336.504209,0,0,0,1,0,0,1,0
244051,1786553436337.501096,0,0,0,1,0,0,1,0
244052,1786553436338.510284,0,0,0,1,0,0,1,0
244053,1786553436339.517870,0,0,0,1,0,0,1,0
244054,1786553436340.526357,0,0,0,1,0,0,1,0
244055,1786553436341.531744,0,0,0,1,0,0,1,0
244056,1786553436342.542530,0,0,0,1,0,0,1,0
244057,1786553436343.548917,0,0,0,1,0,0,1,0
244058,1786553436344.567306,0,0,0,1,0,0,1,0
244059,1786553436345.573094,0,0,0,1,0,0,1,0
244060,1786553436346.579080,0,0,0,1,0,0,1,0
244061,1786553436347.586168,0,0,0,1,0,0,1,0
244062,1786553436348.593454,0,0,0,1,0,0,1,0
244063,1786553436349.604742,0,0,0,1,0,0,1,0
244064,1786553436350.612430,0,0,0,1,0,0,1,0
244065,1786553436351.620018,0,0,0,1,0,0,1,0
244066,1786553436352.628905,0,0,0,1,0,0,1,0
244067,1786553436353.638093,0,0,0,1,0,0,1,0
244068,1786553436354.648680,0,0,0,1,0,0,1,0
244069,1786553436355.659467,0,0,0,1,0,0,1,0
244070,1786553436356.666155,0,0,0,1,0,0,1,0
244071,1786553436357.680043,0,0,0,1,0,0,1,0
244072,1786553436358.687230,0,0,0,1,0,0,1,0
244073,1786553436359.703218,0,0,0,1,0,0,1,0
244074,1786553436360.710005,0,0,0,1,0,0,1,0
244075,1786553436361.718293,0,0,0,1,0,0,1,0
244076,1786553436362.727180,0,0,0,1,0,0,1,0
244077,1786553436363.736367,0,0,0,1,0,0,1,0
244078,1786553436364.745856,0,0,0,1,0,0,1,0
244079,1786553436365.774246,0,0,0,1,0,0,1,0
244080,1786553436366.781732,0,0,0,1,0,0,1,0
244081,1786553436367.783220,0,0,0,1,0,0,1,0
244082,1786553436368.790406,0,0,0,1,0,0,1,0
244083,1786553436369.799794,0,0,0,1,0,0,1,0
244084,1786553436370.809082,0,0,0,1,0,0,1,0
244085,1786553436371.818369,0,0,0,1,0,0,1,0
244086,1786553436372.834357,0,0,0,1,0,0,1,0
244087,1786553436373.840546,0,0,0,1,0,0,1,0
244088,1786553436374.870835,0,0,0,1,0,0,1,0
244089,1786553436375.869421,0,0,0,1,0,0,1,0
244090,1786553436376.877209,0,0,0,1,0,0,1,0
244091,1786553436377.884096,0,0,0,1,0,0,1,0
244092,1786553436378.892584,0,0,0,1,0,0,1,0
244093,1786553436379.899472,0,0,0,1,0,0,1,0
244094,1786553436380.909361,0,0,0,1,0,0,1,0
244095,1786553436381.916849,0,0,0,1,0,0,1,0
244096,1786553436382.934237,0,0,0,1,0,0,1,0
244097,1786553436383.937924,0,0,0,1,0,0,1,0
244098,1786553436384.959512,0,0,0,1,0,0,1,0
244099,1786553436385.952397,0,0,0,1,0,0,1,0
244100,1786553436386.961284,0,0,0,1,0,0,1,0
244101,1786553436387.969273,0,0,0,1,0,0,1,0
244102,1786553436388.976360,0,0,0,1,0,0,1,0
244103,1786553436390.497393,0,0,0,1,0,0,1,0
244104,1786553436391.017041,0,0,0,1,0,0,1,0
244105,1786553436392.016228,0,0,0,1,0,0,1,0
244106,1786553436393.022516,0,0,0,1,0,0,1,0
244107,1786553436394.130112,0,0,0,1,0,0,1,0
244108,1786553436395.136700,0,0,0,1,0,0,1,0
244109,1786553436396.144388,0,0,0,1,0,0,1,0
244110,1786553436397.151875,0,0,0,1,0,0,1,0
244111,1786553436398.209966,0,0,0,1,0,0,1,0
244112,1786553436399.217053,0,0,0,1,0,0,1,0
244113,1786553436400.230641,0,0,0,1,0,0,1,0
244114,1786553436401.205226,0,0,0,1,0,0,1,0
244115,1786553436402.214413,0,0,0,1,0,0,1,0
244116,1786553436403.222101,0,0,0,1,0,0,1,0
244117,1786553436404.242589,0,0,0,1,0,0,1,0
244118,1786553436405.302281,0,0,0,1,0,0,1,0
244119,1786553436406.300067,0,0,0,1,0,0,1,0
244120,1786553436407.316654,0,0,0,1,0,0,1,0
244121,1786553436408.281238,0,0,0,1,0,0,1,0
244122,1786553436409.290625,0,0,0,1,0,0,1,0
244123,1786553436410.298212,0,0,0,1,0,0,1,0
244124,1786553436411.326502,0,0,0,1,0,0,1,0
244125,1786553436412.327788,0,0,0,1,0,0,1,0
244126,1786553436413.338674,0,0,0,1,0,0,1,0
244127,1786553436414.361764,0,0,0,1,0,0,1,0
244128,1786553436415.360351,0,0,0,1,0,0,1,0
244129,1786553436416.364139,0,0,0,1,0,0,1,0
244130,1786553436417.375928,0,0,0,1,0,0,1,0
244131,1786553436418.381214,0,0,0,1,0,0,1,0
244132,1786553436419.389301,0,0,0,1,0,0,1,0
244133,1786553436420.792620,0,0,0,1,0,0,1,0
244134,1786553436421.786206,0,0,0,1,0,0,1,0
244135,1786553436422.791492,0,0,0,1,0,0,1,0
244136,1786553436423.797480,0,0,0,1,0,0,1,0
244137,1786553436424.827470,0,0,0,1,0,0,1,0
244138,1786553436425.827056,0,0,0,1,0,0,1,0
244139,1786553436426.834745,0,0,0,1,0,0,1,0
244140,1786553436427.843434,0,0,0,1,0,0,1,0
244141,1786553436428.852322,0,0,0,1,0,0,1,0
244142,1786553436429.857008,0,0,0,1,0,0,1,0
244143,1786553436430.883499,0,0,0,1,0,0,1,0
244144,1786553436431.880485,0,0,0,1,0,0,1,0
244145,1786553436432.887974,0,0,0,1,0,0,1,0
244146,1786553436433.893462,0,0,0,1,0,0,1,0
244147,1786553436434.909350,0,0,0,1,0,0,1,0
244148,1786553436435.928338,0,0,0,1,0,0,1,0
244149,1786553436436.928825,0,0,0,1,0,0,1,0
244150,1786553436437.932313,0,0,0,1,0,0,1,0
244151,1786553436438.942201,0,0,0,1,0,0,1,0
244152,1786553436439.944589,0,0,0,1,0,0,1,0
244153,1786553436440.954477,0,0,0,1,0,0,1,0
244154,1786553436441.957965,0,0,0,1,0,0,1,0
244155,1786553436442.967351,0,0,0,1,0,0,1,0
244156,1786553436443.971138,0,0,0,1,0,0,1,0
244157,1786553436444.972725,0,0,0,1,0,0,1,0
244158,1786553436445.977313,0,0,0,1,0,0,1,0
244159,1786553436446.993901,0,0,0,1,0,0,1,0
244160,1786553436448.000989,0,0,0,1,0,0,1,0
244161,1786553436449.007975,0,0,0,1,0,0,1,0
244162,1786553436450.012662,0,0,0,1,0,0,1,0
244163,1786553436451.037650,0,0,0,1,0,0,1,0
244164,1786553436452.033538,0,0,0,1,0,0,1,0
244165,1786553436453.039425,0,0,0,1,0,0,1,0
244166,1786553436454.048211,0,0,0,1,0,0,1,0
244167,1786553436455.055799,0,0,0,1,0,0,1,0
244168,1786553436456.064185,0,0,0,1,0,0,1,0
244169,1786553436457.071071,0,0,0,1,0,0,1,0
244170,1786553436458.081060,0,0,0,1,0,0,1,0
244171,1786553436459.087049,0,0,0,1,0,0,1,0
244172,1786553436460.095236,0,0,0,1,0,0,1,0
244173,1786553436461.103025,0,0,0,1,0,0,1,0
244174,1786553436462.111110,0,0,0,1,0,0,1,0
244175,1786553436463.124297,0,0,0,1,0,0,1,0
244176,1786553436464.130086,0,0,0,1,0,0,1,0
244177,1786553436465.381595,0,0,0,1,0,0,1,0
244178,1786553436466.157260,0,0,0,1,0,0,1,0
244179,1786553436467.157348,0,0,0,1,0,0,1,0
244180,1786553436468.162337,0,0,0,1,0,0,1,0
244181,1786553436469.169324,0,0,0,1,0,0,1,0
244182,1786553436470.176911,0,0,0,1,0,0,1,0
244183,1786553436471.184998,0,0,0,1,0,0,1,0
244184,1786553436472.193385,0,0,0,1,0,0,1,0
244185,1786553436473.199472,0,0,0,1,0,0,1,0
244186,1786553436474.206659,0,0,0,1,0,0,1,0
244187,1786553436475.214546,0,0,0,1,0,0,1,0
244188,1786553436476.222434,0,0,0,1,0,0,1,0
244189,1786553436477.230022,0,0,0,1,0,0,1,0
244190,1786553436478.239310,0,0,0,1,0,0,1,0
244191,1786553436479.245796,0,0,0,1,0,0,1,0
244192,1786553436480.781928,0,0,0,1,0,0,1,0
244193,1786553436481.561597,0,0,0,1,0,0,1,0
244194,1786553436482.560783,0,0,0,1,0,0,1,0
244195,1786553436483.567171,0,0,0,1,0,0,1,0
244196,1786553436484.575758,0,0,0,1,0,0,1,0
244197,1786553436485.581945,0,0,0,1,0,0,1,0
244198,1786553436486.594733,0,0,0,1,0,0,1,0
244199,1786553436487.598120,0,0,0,1,0,0,1,0
244200,1786553436488.608208,0,0,0,1,0,0,1,0
244201,1786553436489.613798,0,0,0,1,0,0,1,0
244202,1786553436490.623687,0,0,0,1,0,0,1,0
244203,1786553436491.628374,0,0,0,1,0,0,1,0
244204,1786553436492.638762,0,0,0,1,0,0,1,0
244205,1786553436493.646448,0,0,0,1,0,0,1,0
244206,1786553436494.656237,0,0,0,1,0,0,1,0
244207,1786553436495.715430,0,0,0,1,0,0,1,0
244208,1786553436496.702916,0,0,0,1,0,0,1,0
244209,1786553436497.699002,0,0,0,1,0,0,1,0
244210,1786553436498.704388,0,0,0,1,0,0,1,0
244211,1786553436499.712276,0,0,0,1,0,0,1,0
244212,1786553436500.726464,0,0,0,1,0,0,1,0
244213,1786553436501.730751,0,0,0,1,0,0,1,0
244214,1786553436502.738538,0,0,0,1,0,0,1,0
244215,1786553436503.746426,0,0,0,1,0,0,1,0
244216,1786553436504.752414,0,0,0,1,0,0,1,0
244217,1786553436505.762101,0,0,0,1,0,0,1,0
244218,1786553436506.769688,0,0,0,1,0,0,1,0
244219,1786553436507.779075,0,0,0,1,0,0,1,0
244220,1786553436508.786863,0,0,0,1,0,0,1,0
244221,1786553436509.795152,0,0,0,1,0,0,1,0
244222,1786553436510.802238,0,0,0,1,0,0,1,0
244223,1786553436511.853429,0,0,0,1,0,0,1,0
244224,1786553436512.837914,0,0,0,1,0,0,1,0
244225,1786553436513.844002,0,0,0,1,0,0,1,0
244226,1786553436514.925597,0,0,0,1,0,0,1,0
244227,1786553436515.864979,0,0,0,1,0,0,1,0
244228,1786553436516.876766,0,0,0,1,0,0,1,0
244229,1786553436517.879852,0,0,0,1,0,0,1,0
244230,1786553436518.887339,0,0,0,1,0,0,1,0
244231,1786553436519.911828,0,0,0,1,0,0,1,0
244232,1786553436520.908115,0,0,0,1,0,0,1,0
244233,1786553436521.914703,0,0,0,1,0,0,1,0
244234,1786553436522.922390,0,0,0,1,0,0,1,0
244235,1786553436523.930577,0,0,0,1,0,0,1,0
244236,1786553436524.946765,0,0,0,1,0,0,1,0
244237,1786553436525.952754,0,0,0,1,0,0,1,0
244238,1786553436526.972541,0,0,0,1,0,0,1,0
244239,1786553436527.972927,0,0,0,1,0,0,1,0
244240,1786553436528.983115,0,0,0,1,0,0,1,0
244241,1786553436529.994703,0,0,0,1,0,0,1,0
244242,1786553436530.998590,0,0,0,1,0,0,1,0
244243,1786553436532.003776,0,0,0,1,0,0,1,0
244244,1786553436533.012563,0,0,0,1,0,0,1,0
244245,1786553436534.019651,0,0,0,1,0,0,1,0
244246,1786553436535.027939,0,0,0,1,0,0,1,0
244247,1786553436536.035226,0,0,0,1,0,0,1,0
244248,1786553436537.045014,0,0,0,1,0,0,1,0
244249,1786553436538.052501,0,0,0,1,0,0,1,0
244250,1786553436539.059888,0,0,0,1,0,0,1,0
244251,1786553436540.069176,0,0,0,1,0,0,1,0
244252,1786553436541.095865,0,0,0,1,0,0,1,0
244253,1786553436542.103752,0,0,0,1,0,0,1,0
244254,1786553436543.098539,0,0,0,1,0,0,1,0
244255,1786553436544.106027,0,0,0,1,0,0,1,0
244256,1786553436545.123716,0,0,0,1,0,0,1,0
244257,1786553436546.122904,0,0,0,1,0,0,1,0
244258,1786553436547.130992,0,0,0,1,0,0,1,0
244259,1786553436548.137079,0,0,0,1,0,0,1,0
244260,1786553436549.146066,0,0,0,1,0,0,1,0
244261,1786553436550.153354,0,0,0,1,0,0,1,0
244262,1786553436551.163041,0,0,0,1,0,0,1,0
244263,1786553436552.169829,0,0,0,1,0,0,1,0
244264,1786553436553.178017,0,0,0,1,0,0,1,0
244265,1786553436554.186305,0,0,0,1,0,0,1,0
244266,1786553436555.194893,0,0,0,1,0,0,1,0
244267,1786553436556.226081,0,0,0,1,0,0,1,0
244268,1786553436557.224467,0,0,0,1,0,0,1,0
244269,1786553436558.235755,0,0,0,1,0,0,1,0
244270,1786553436559.243143,0,0,0,1,0,0,1,0
244271,1786553436560.246930,0,0,0,1,0,0,1,0
244272,1786553436561.265420,0,0,0,1,0,0,1,0
244273,1786553436562.270106,0,0,0,1,0,0,1,0
244274,1786553436563.274093,0,0,0,1,0,0,1,0
244275,1786553436564.282079,0,0,0,1,0,0,1,0
244276,1786553436565.290566,0,0,0,1,0,0,1,0
244277,1786553436566.299054,0,0,0,1,0,0,1,0
244278,1786553436567.305643,0,0,0,1,0,0,1,0
244279,1786553436568.315331,0,0,0,1,0,0,1,0
244280,1786553436569.333822,0,0,0,1,0,0,1,0
244281,1786553436570.331509,0,0,0,1,0,0,1,0
244282,1786553436571.339596,0,0,0,1,0,0,1,0
244283,1786553436572.560703,0,0,0,1,0,0,1,0
244284,1786553436573.545690,0,0,0,1,0,0,1,0
244285,1786553436574.557179,0,0,0,1,0,0,1,0
244286,1786553436575.565567,0,0,0,1,0,0,1,0
244287,1786553436576.573553,0,0,0,1,0,0,1,0
244288,1786553436577.586440,0,0,0,1,0,0,1,0
244289,1786553436578.593127,0,0,0,1,0,0,1,0
244290,1786553436579.599314,0,0,0,1,0,0,1,0
244291,1786553436580.605401,0,0,0,1,0,0,1,0
244292,1786553436581.611888,0,0,0,1,0,0,1,0
244293,1786553436582.620675,0,0,0,1,0,0,1,0
244294,1786553436583.631262,0,0,0,1,0,0,1,0
244295,1786553436584.639951,0,0,0,1,0,0,1,0
244296,1786553436585.649838,0,0,0,1,0,0,1,0
244297,1786553436586.657827,0,0,0,1,0,0,1,0
244298,1786553436587.687416,0,0,0,1,0,0,1,0
244299,1786553436588.684103,0,0,0,1,0,0,1,0
244300,1786553436589.690690,0,0,0,1,0,0,1,0
244301,1786553436590.698176,0,0,0,1,0,0,1,0
244302,1786553436591.707764,0,0,0,1,0,0,1,0
244303,1786553436592.715852,0,0,0,1,0,0,1,0
244304,1786553436593.740840,0,0,0,1,0,0,1,0
244305,1786553436594.739327,0,0,0,1,0,0,1,0
244306,1786553436595.745016,0,0,0,1,0,0,1,0
244307,1786553436596.752805,0,0,0,1,0,0,1,0
244308,1786553436597.760893,0,0,0,1,0,0,1,0
244309,1786553436598.769480,0,0,0,1,0,0,1,0
244310,1786553436599.780468,0,0,0,1,0,0,1,0
244311,1786553436600.787955,0,0,0,1,0,0,1,0
244312,1786553436601.797042,0,0,0,1,0,0,1,0
244313,1786553436603.249668,0,0,0,1,0,0,1,0
244314,1786553436603.845918,0,0,0,1,0,0,1,0
244315,1786553436604.848704,0,0,0,1,0,0,1,0
244316,1786553436605.845691,0,0,0,1,0,0,1,0
244317,1786553436606.851479,0,0,0,1,0,0,1,0
244318,1786553436607.862367,0,0,0,1,0,0,1,0
244319,1786553436608.867254,0,0,0,1,0,0,1,0
244320,1786553436609.884842,0,0,0,1,0,0,1,0
244321,1786553436610.886930,0,0,0,1,0,0,1,0
244322,1786553436611.899016,0,0,0,1,0,0,1,0
244323,1786553436612.902404,0,0,0,1,0,0,1,0
244324,1786553436613.911593,0,0,0,1,0,0,1,0
244325,1786553436614.927883,0,0,0,1,0,0,1,0
244326,1786553436615.929770,0,0,0,1,0,0,1,0
244327,1786553436616.938257,0,0,0,1,0,0,1,0
244328,1786553436617.953145,0,0,0,1,0,0,1,0
244329,1786553436618.977133,0,0,0,1,0,0,1,0
244330,1786553436619.968821,0,0,0,1,0,0,1,0
244331,1786553436620.972708,0,0,0,1,0,0,1,0
244332,1786553436621.982496,0,0,0,1,0,0,1,0
244333,1786553436622.986882,0,0,0,1,0,0,1,0
244334,1786553436623.996171,0,0,0,1,0,0,1,0
244335,1786553436625.003157,0,0,0,1,0,0,1,0
244336,1786553436626.012145,0,0,0,1,0,0,1,0
244337,1786553436627.065435,0,0,0,1,0,0,1,0
244338,1786553436628.074824,0,0,0,1,0,0,1,0
244339,1786553436629.050408,0,0,0,1,0,0,1,0
244340,1786553436630.056196,0,0,0,1,0,0,1,0
244341,1786553436631.064683,0,0,0,1,0,0,1,0
244342,1786553436632.071871,0,0,0,1,0,0,1,0
244343,1786553436633.499697,0,0,0,1,0,0,1,0
244344,1786553436634.106849,0,0,0,1,0,0,1,0
244345,1786553436635.108836,0,0,0,1,0,0,1,0
244346,1786553436636.113524,0,0,0,1,0,0,1,0
244347,1786553436637.119613,0,0,0,1,0,0,1,0
244348,1786553436638.127800,0,0,0,1,0,0,1,0
244349,1786553436639.134086,0,0,0,1,0,0,1,0
244350,1786553436640.143474,0,0,0,1,0,0,1,0
244351,1786553436641.162763,0,0,0,1,0,0,1,0
244352,1786553436642.184052,0,0,0,1,0,0,1,0
244353,1786553436643.178439,0,0,0,1,0,0,1,0
244354,1786553436644.181626,0,0,0,1,0,0,1,0
244355,1786553436645.189415,0,0,0,1,0,0,1,0
244356,1786553436646.197002,0,0,0,1,0,0,1,0
244357,1786553436647.202990,0,0,0,1,0,0,1,0
244358,1786553436648.219478,0,0,0,1,0,0,1,0
244359,1786553436649.223964,0,0,0,1,0,0,1,0
244360,1786553436650.231852,0,0,0,1,0,0,1,0
244361,1786553436651.239740,0,0,0,1,0,0,1,0
244362,1786553436652.247927,0,0,0,1,0,0,1,0
244363,1786553436653.255713,0,0,0,1,0,0,1,0
244364,1786553436654.266000,0,0,0,1,0,0,1,0
244365,1786553436655.275188,0,0,0,1,0,0,1,0
244366,1786553436656.283775,0,0,0,1,0,0,1,0
244367,1786553436657.289563,0,0,0,1,0,0,1,0
244368,1786553436658.297750,0,0,0,1,0,0,1,0
244369,1786553436659.311236,0,0,0,1,0,0,1,0
244370,1786553436660.315722,0,0,0,1,0,0,1,0
244371,1786553436661.327410,0,0,0,1,0,0,1,0
244372,1786553436662.333398,0,0,0,1,0,0,1,0
244373,1786553436663.343686,0,0,0,1,0,0,1,0
244374,1786553436664.424080,0,0,0,1,0,0,1,0
244375,1786553436665.407865,0,0,0,1,0,0,1,0
244376,1786553436666.404352,0,0,0,1,0,0,1,0
244377,1786553436667.409439,0,0,0,1,0,0,1,0
244378,1786553436668.415026,0,0,0,1,0,0,1,0
244379,1786553436669.422514,0,0,0,1,0,0,1,0
244380,1786553436670.424401,0,0,0,1,0,0,1,0
244381,1786553436671.432390,0,0,0,1,0,0,1,0
244382,1786553436672.437377,0,0,0,1,0,0,1,0
244383,1786553436673.448963,0,0,0,1,0,0,1,0
244384,1786553436674.454150,0,0,0,1,0,0,1,0
244385,1786553436675.474938,0,0,0,1,0,0,1,0
244386,1786553436676.470723,0,0,0,1,0,0,1,0
244387,1786553436677.482511,0,0,0,1,0,0,1,0
244388,1786553436678.484998,0,0,0,1,0,0,1,0
244389,1786553436679.525289,0,0,0,1,0,0,1,0
244390,1786553436680.514376,0,0,0,1,0,0,1,0
244391,1786553436681.515562,0,0,0,1,0,0,1,0
244392,1786553436682.521949,0,0,0,1,0,0,1,0
244393,1786553436683.529736,0,0,0,1,0,0,1,0
244394,1786553436684.536622,0,0,0,1,0,0,1,0
244395,1786553436685.544909,0,0,0,1,0,0,1,0
244396,1786553436686.554296,0,0,0,1,0,0,1,0
244397,1786553436687.583486,0,0,0,1,0,0,1,0
244398,1786553436688.580272,0,0,0,1,0,0,1,0
244399,1786553436689.584760,0,0,0,1,0,0,1,0
244400,1786553436690.595047,0,0,0,1,0,0,1,0
244401,1786553436691.618334,0,0,0,1,0,0,1,0
244402,1786553436692.615718,0,0,0,1,0,0,1,0
244403,1786553436693.621605,0,0,0,1,0,0,1,0
244404,1786553436694.632393,0,0,0,1,0,0,1,0
244405,1786553436695.698187,0,0,0,1,0,0,1,0
244406,1786553436696.696473,0,0,0,1,0,0,1,0
244407,1786553436697.682359,0,0,0,1,0,0,1,0
244408,1786553436698.679246,0,0,0,1,0,0,1,0
244409,1786553436699.683833,0,0,0,1,0,0,1,0
244410,1786553436700.690920,0,0,0,1,0,0,1,0
244411,1786553436701.700909,0,0,0,1,0,0,1,0
244412,1786553436702.707196,0,0,0,1,0,0,1,0
244413,1786553436703.720784,0,0,0,1,0,0,1,0
244414,1786553436704.730472,0,0,0,1,0,0,1,0
244415,1786553436705.731559,0,0,0,1,0,0,1,0
244416,1786553436706.740147,0,0,0,1,0,0,1,0
244417,1786553436707.754536,0,0,0,1,0,0,1,0
244418,1786553436708.760724,0,0,0,1,0,0,1,0
244419,1786553436709.774512,0,0,0,1,0,0,1,0
244420,1786553436710.789500,0,0,0,1,0,0,1,0
244421,1786553436711.792688,0,0,0,1,0,0,1,0
244422,1786553436712.800975,0,0,0,1,0,0,1,0
244423,1786553436713.811464,0,0,0,1,0,0,1,0
244424,1786553436714.839153,0,0,0,1,0,0,1,0
244425,1786553436715.839239,0,0,0,1,0,0,1,0
244426,1786553436716.846026,0,0,0,1,0,0,1,0
244427,1786553436717.855914,0,0,0,1,0,0,1,0
244428,1786553436718.866200,0,0,0,1,0,0,1,0
244429,1786553436719.873886,0,0,0,1,0,0,1,0
244430,1786553436720.880675,0,0,0,1,0,0,1,0
244431,1786553436721.891362,0,0,0,1,0,0,1,0
244432,1786553436722.898649,0,0,0,1,0,0,1,0
244433,1786553436723.906536,0,0,0,1,0,0,1,0
244434,1786553436724.923024,0,0,0,1,0,0,1,0
244435,1786553436725.923611,0,0,0,1,0,0,1,0
244436,1786553436727.134819,0,0,0,1,0,0,1,0
244437,1786553436727.996794,0,0,0,1,0,0,1,0
244438,1786553436728.999082,0,0,0,1,0,0,1,0
244439,1786553436730.000770,0,0,0,1,0,0,1,0
244440,1786553436731.009158,0,0,0,1,0,0,1,0
244441,1786553436732.013845,0,0,0,1,0,0,1,0
244442,1786553436733.019232,0,0,0,1,0,0,1,0
244443,1786553436734.025121,0,0,0,1,0,0,1,0
244444,1786553436735.041311,0,0,0,1,0,0,1,0
244445,1786553436736.046097,0,0,0,1,0,0,1,0
244446,1786553436737.052185,0,0,0,1,0,0,1,0
244447,1786553436738.061174,0,0,0,1,0,0,1,0
244448,1786553436739.068561,0,0,0,1,0,0,1,0
244449,1786553436740.078647,0,0,0,1,0,0,1,0
244450,1786553436741.086035,0,0,0,1,0,0,1,0
244451,1786553436742.103823,0,0,0,1,0,0,1,0
244452,1786553436743.104211,0,0,0,1,0,0,1,0
244453,1786553436744.111799,0,0,0,1,0,0,1,0
244454,1786553436745.120989,0,0,0,1,0,0,1,0
244455,1786553436746.128376,0,0,0,1,0,0,1,0
244456,1786553436747.135062,0,0,0,1,0,0,1,0
244457,1786553436748.143649,0,0,0,1,0,0,1,0
244458,1786553436749.150836,0,0,0,1,0,0,1,0
244459,1786553436750.160023,0,0,0,1,0,0,1,0
244460,1786553436751.169012,0,0,0,1,0,0,1,0
244461,1786553436752.177002,0,0,0,1,0,0,1,0
244462,1786553436753.187089,0,0,0,1,0,0,1,0
244463,1786553436754.192777,0,0,0,1,0,0,1,0
244464,1786553436755.200666,0,0,0,1,0,0,1,0
244465,1786553436756.225954,0,0,0,1,0,0,1,0
244466,1786553436757.225141,0,0,0,1,0,0,1,0
244467,1786553436758.251929,0,0,0,1,0,0,1,0
244468,1786553436759.258717,0,0,0,1,0,0,1,0
244469,1786553436760.255503,0,0,0,1,0,0,1,0
244470,1786553436761.261989,0,0,0,1,0,0,1,0
244471,1786553436762.270178,0,0,0,1,0,0,1,0
244472,1786553436763.278066,0,0,0,1,0,0,1,0
244473,1786553436764.285154,0,0,0,1,0,0,1,0
244474,1786553436765.295042,0,0,0,1,0,0,1,0
244475,1786553436766.302528,0,0,0,1,0,0,1,0
244476,1786553436767.310515,0,0,0,1,0,0,1,0
244477,1786553436768.320704,0,0,0,1,0,0,1,0
244478,1786553436769.327792,0,0,0,1,0,0,1,0
244479,1786553436770.336380,0,0,0,1,0,0,1,0
244480,1786553436771.344466,0,0,0,1,0,0,1,0
244481,1786553436772.388356,0,0,0,1,0,0,1,0
244482,1786553436773.376041,0,0,0,1,0,0,1,0
244483,1786553436774.379930,0,0,0,1,0,0,1,0
244484,1786553436775.386519,0,0,0,1,0,0,1,0
244485,1786553436776.394506,0,0,0,1,0,0,1,0
244486,1786553436777.401993,0,0,0,1,0,0,1,0
244487,1786553436778.410480,0,0,0,1,0,0,1,0
244488,1786553436779.419967,0,0,0,1,0,0,1,0
244489,1786553436780.428455,0,0,0,1,0,0,1,0
244490,1786553436781.434743,0,0,0,1,0,0,1,0
244491,1786553436782.444031,0,0,0,1,0,0,1,0
244492,1786553436783.449819,0,0,0,1,0,0,1,0
244493,1786553436784.460008,0,0,0,1,0,0,1,0
244494,1786553436785.467495,0,0,0,1,0,0,1,0
244495,1786553436786.507785,0,0,0,1,0,0,1,0
244496,1786553436787.479367,0,0,0,1,0,0,1,0
244497,1786553436788.517658,0,0,0,1,0,0,1,0
244498,1786553436789.528745,0,0,0,1,0,0,1,0
244499,1786553436790.542534,0,0,0,1,0,0,1,0
244500,1786553436791.532721,0,0,0,1,0,0,1,0
244501,1786553436792.535708,0,0,0,1,0,0,1,0
244502,1786553436793.546197,0,0,0,1,0,0,1,0
244503,1786553436794.552586,0,0,0,1,0,0,1,0
244504,1786553436795.565174,0,0,0,1,0,0,1,0
244505,1786553436796.572462,0,0,0,1,0,0,1,0
244506,1786553436797.580149,0,0,0,1,0,0,1,0
244507,1786553436798.586336,0,0,0,1,0,0,1,0
244508,1786553436799.595024,0,0,0,1,0,0,1,0
244509,1786553436800.602512,0,0,0,1,0,0,1,0
244510,1786553436801.610899,0,0,0,1,0,0,1,0
244511,1786553436802.635988,0,0,0,1,0,0,1,0
244512,1786553436803.635274,0,0,0,1,0,0,1,0
244513,1786553436804.643760,0,0,0,1,0,0,1,0
244514,1786553436805.650548,0,0,0,1,0,0,1,0
244515,1786553436806.659036,0,0,0,1,0,0,1,0
244516,1786553436807.667424,0,0,0,1,0,0,1,0
244517,1786553436808.677613,0,0,0,1,0,0,1,0
244518,1786553436809.687001,0,0,0,1,0,0,1,0
244519,1786553436810.693388,0,0,0,1,0,0,1,0
244520,1786553436811.702876,0,0,0,1,0,0,1,0
244521,1786553436812.712165,0,0,0,1,0,0,1,0
244522,1786553436813.720151,0,0,0,1,0,0,1,0
244523,1786553436814.728437,0,0,0,1,0,0,1,0
244524,1786553436815.738425,0,0,0,1,0,0,1,0
244525,1786553436816.745612,0,0,0,1,0,0,1,0
244526,1786553436818.204339,0,0,0,1,0,0,1,0
244527,1786553436818.778989,0,0,0,1,0,0,1,0
244528,1786553436819.781076,0,0,0,1,0,0,1,0
244529,1786553436820.861672,0,0,0,1,0,0,1,0
244530,1786553436821.801754,0,0,0,1,0,0,1,0
244531,1786553436822.806141,0,0,0,1,0,0,1,0
244532,1786553436823.811829,0,0,0,1,0,0,1,0
244533,1786553436824.841916,0,0,0,1,0,0,1,0
244534,1786553436825.842403,0,0,0,1,0,0,1,0
244535,1786553436826.849489,0,0,0,1,0,0,1,0
244536,1786553436827.858077,0,0,0,1,0,0,1,0
244537,1786553436828.865065,0,0,0,1,0,0,1,0
244538,1786553436829.872751,0,0,0,1,0,0,1,0
244539,1786553436830.881439,0,0,0,1,0,0,1,0
244540,1786553436831.890226,0,0,0,1,0,0,1,0
244541,1786553436832.942316,0,0,0,1,0,0,1,0
244542,1786553436833.957704,0,0,0,1,0,0,1,0
244543,1786553436834.933989,0,0,0,1,0,0,1,0
244544,1786553436835.935174,0,0,0,1,0,0,1,0
244545,1786553436836.960962,0,0,0,1,0,0,1,0
244546,1786553436837.964351,0,0,0,1,0,0,1,0
244547,1786553436838.968039,0,0,0,1,0,0,1,0
244548,1786553436839.973026,0,0,0,1,0,0,1,0
244549,1786553436840.980014,0,0,0,1,0,0,1,0
244550,1786553436841.986601,0,0,0,1,0,0,1,0
244551,1786553436843.006789,0,0,0,1,0,0,1,0
244552,1786553436844.012377,0,0,0,1,0,0,1,0
244553,1786553436845.021365,0,0,0,1,0,0,1,0
244554,1786553436846.027452,0,0,0,1,0,0,1,0
244555,1786553436847.034639,0,0,0,1,0,0,1,0
244556,1786553436848.303749,0,0,0,1,0,0,1,0
244557,1786553436849.070114,0,0,0,1,0,0,1,0
244558,1786553436850.078602,0,0,0,1,0,0,1,0
244559,1786553436851.140495,0,0,0,1,0,0,1,0
244560,1786553436852.084977,0,0,0,1,0,0,1,0
244561,1786553436853.113165,0,0,0,1,0,0,1,0
244562,1786553436854.108952,0,0,0,1,0,0,1,0
244563,1786553436855.119938,0,0,0,1,0,0,1,0
244564,1786553436856.125926,0,0,0,1,0,0,1,0
244565,1786553436857.138414,0,0,0,1,0,0,1,0
244566,1786553436858.145702,0,0,0,1,0,0,1,0
244567,1786553436859.154789,0,0,0,1,0,0,1,0
244568,1786553436860.162076,0,0,0,1,0,0,1,0
244569,1786553436861.172764,0,0,0,1,0,0,1,0
244570,1786553436862.182051,0,0,0,1,0,0,1,0
244571,1786553436863.214741,0,0,0,1,0,0,1,0
244572,1786553436864.209427,0,0,0,1,0,0,1,0
244573,1786553436865.216916,0,0,0,1,0,0,1,0
244574,1786553436866.224103,0,0,0,1,0,0,1,0
244575,1786553436867.234690,0,0,0,1,0,0,1,0
244576,1786553436868.243278,0,0,0,1,0,0,1,0
244577,1786553436869.253467,0,0,0,1,0,0,1,0
244578,1786553436870.262155,0,0,0,1,0,0,1,0
244579,1786553436871.271542,0,0,0,1,0,0,1,0
244580,1786553436872.280130,0,0,0,1,0,0,1,0
244581,1786553436873.288917,0,0,0,1,0,0,1,0
244582,1786553436874.297806,0,0,0,1,0,0,1,0
244583,1786553436875.306593,0,0,0,1,0,0,1,0
244584,1786553436876.315780,0,0,0,1,0,0,1,0
244585,1786553436877.324568,0,0,0,1,0,0,1,0
244586,1786553436878.342258,0,0,0,1,0,0,1,0
244587,1786553436879.685772,0,0,0,1,0,0,1,0
244588,1786553436880.549347,0,0,0,1,0,0,1,0
244589,1786553436881.513330,0,0,0,1,0,0,1,0
244590,1786553436882.510417,0,0,0,1,0,0,1,0
244591,1786553436883.517205,0,0,0,1,0,0,1,0
244592,1786553436884.526692,0,0,0,1,0,0,1,0
244593,1786553436885.552081,0,0,0,1,0,0,1,0
244594,1786553436886.583072,0,0,0,1,0,0,1,0
244595,1786553436887.582860,0,0,0,1,0,0,1,0
244596,1786553436888.592146,0,0,0,1,0,0,1,0
244597,1786553436889.598335,0,0,0,1,0,0,1,0
244598,1786553436890.608722,0,0,0,1,0,0,1,0
244599,1786553436891.615410,0,0,0,1,0,0,1,0
244600,1786553436892.625997,0,0,0,1,0,0,1,0
244601,1786553436893.631484,0,0,0,1,0,0,1,0
244602,1786553436894.661572,0,0,0,1,0,0,1,0
244603,1786553436895.656959,0,0,0,1,0,0,1,0
244604,1786553436896.666147,0,0,0,1,0,0,1,0
244605,1786553436897.671934,0,0,0,1,0,0,1,0
244606,1786553436898.679621,0,0,0,1,0,0,1,0
244607,1786553436899.688810,0,0,0,1,0,0,1,0
244608,1786553436900.697397,0,0,0,1,0,0,1,0
244609,1786553436901.706486,0,0,0,1,0,0,1,0
244610,1786553436902.719673,0,0,0,1,0,0,1,0
244611,1786553436903.723762,0,0,0,1,0,0,1,0
244612,1786553436904.733050,0,0,0,1,0,0,1,0
244613,1786553436905.740136,0,0,0,1,0,0,1,0
244614,1786553436906.748823,0,0,0,1,0,0,1,0
244615,1786553436907.757210,0,0,0,1,0,0,1,0
244616,1786553436908.766296,0,0,0,1,0,0,1,0
244617,1786553436909.802887,0,0,0,1,0,0,1,0
244618,1786553436910.829976,0,0,0,1,0,0,1,0
244619,1786553436911.807460,0,0,0,1,0,0,1,0
244620,1786553436912.834050,0,0,0,1,0,0,1,0
244621,1786553436913.836737,0,0,0,1,0,0,1,0
244622,1786553436914.851824,0,0,0,1,0,0,1,0
244623,1786553436915.849711,0,0,0,1,0,0,1,0
244624,1786553436916.861799,0,0,0,1,0,0,1,0
244625,1786553436917.870886,0,0,0,1,0,0,1,0
244626,1786553436918.884473,0,0,0,1,0,0,1,0
244627,1786553436919.889460,0,0,0,1,0,0,1,0
244628,1786553436920.897848,0,0,0,1,0,0,1,0
244629,1786553436921.907836,0,0,0,1,0,0,1,0
244630,1786553436922.915023,0,0,0,1,0,0,1,0
244631,1786553436923.951912,0,0,0,1,0,0,1,0
244632,1786553436924.943699,0,0,0,1,0,0,1,0
244633,1786553436925.944887,0,0,0,1,0,0,1,0
244634,1786553436926.951474,0,0,0,1,0,0,1,0
244635,1786553436927.956461,0,0,0,1,0,0,1,0
244636,1786553436928.964248,0,0,0,1,0,0,1,0
244637,1786553436929.972535,0,0,0,1,0,0,1,0
244638,1786553436930.980424,0,0,0,1,0,0,1,0
244639,1786553436931.987111,0,0,0,1,0,0,1,0
244640,1786553436932.996799,0,0,0,1,0,0,1,0
244641,1786553436934.004789,0,0,0,1,0,0,1,0
244642,1786553436935.022276,0,0,0,1,0,0,1,0
244643,1786553436936.027064,0,0,0,1,0,0,1,0
244644,1786553436937.035952,0,0,0,1,0,0,1,0
244645,1786553436938.042340,0,0,0,1,0,0,1,0
244646,1786553436939.052226,0,0,0,1,0,0,1,0
244647,1786553436940.272931,0,0,0,1,0,0,1,0
244648,1786553436941.233316,0,0,0,1,0,0,1,0
244649,1786553436942.230602,0,0,0,1,0,0,1,0
244650,1786553436943.237590,0,0,0,1,0,0,1,0
244651,1786553436944.245878,0,0,0,1,0,0,1,0
244652,1786553436945.254166,0,0,0,1,0,0,1,0
244653,1786553436946.263254,0,0,0,1,0,0,1,0
244654,1786553436947.272841,0,0,0,1,0,0,1,0
244655,1786553436948.279529,0,0,0,1,0,0,1,0
244656,1786553436949.288618,0,0,0,1,0,0,1,0
244657,1786553436950.298105,0,0,0,1,0,0,1,0
244658,1786553436951.314394,0,0,0,1,0,0,1,0
244659,1786553436952.323881,0,0,0,1,0,0,1,0
244660,1786553436953.327768,0,0,0,1,0,0,1,0
244661,1786553436954.332756,0,0,0,1,0,0,1,0
244662,1786553436955.351743,0,0,0,1,0,0,1,0
244663,1786553436956.357431,0,0,0,1,0,0,1,0
244664,1786553436957.358818,0,0,0,1,0,0,1,0
244665,1786553436958.364904,0,0,0,1,0,0,1,0
244666,1786553436959.372091,0,0,0,1,0,0,1,0
244667,1786553436960.381580,0,0,0,1,0,0,1,0
244668,1786553436961.388567,0,0,0,1,0,0,1,0
244669,1786553436962.398254,0,0,0,1,0,0,1,0
244670,1786553436963.405642,0,0,0,1,0,0,1,0
244671,1786553436964.414030,0,0,0,1,0,0,1,0
244672,1786553436965.421518,0,0,0,1,0,0,1,0
244673,1786553436966.430005,0,0,0,1,0,0,1,0
244674,1786553436967.438394,0,0,0,1,0,0,1,0
244675,1786553436968.451881,0,0,0,1,0,0,1,0
244676,1786553436969.960412,0,0,0,1,0,0,1,0
244677,1786553436970.485857,0,0,0,1,0,0,1,0
244678,1786553436971.494544,0,0,0,1,0,0,1,0
244679,1786553436972.492531,0,0,0,1,0,0,1,0
244680,1786553436973.562424,0,0,0,1,0,0,1,0
244681,1786553436974.512807,0,0,0,1,0,0,1,0
244682,1786553436975.517995,0,0,0,1,0,0,1,0
244683,1786553436976.523582,0,0,0,1,0,0,1,0
244684,1786553436977.527468,0,0,0,1,0,0,1,0
244685,1786553436978.534155,0,0,0,1,0,0,1,0
244686,1786553436979.542544,0,0,0,1,0,0,1,0
244687,1786553436980.550732,0,0,0,1,0,0,1,0
244688,1786553436981.560118,0,0,0,1,0,0,1,0
244689,1786553436982.567604,0,0,0,1,0,0,1,0
244690,1786553436983.592195,0,0,0,1,0,0,1,0
244691,1786553436984.602780,0,0,0,1,0,0,1,0
244692,1786553436985.608466,0,0,0,1,0,0,1,0
244693,1786553436986.614855,0,0,0,1,0,0,1,0
244694,1786553436987.620542,0,0,0,1,0,0,1,0
244695,1786553436988.628729,0,0,0,1,0,0,1,0
244696,1786553436989.635913,0,0,0,1,0,0,1,0
244697,1786553436990.644801,0,0,0,1,0,0,1,0
244698,1786553436991.652589,0,0,0,1,0,0,1,0
244699,1786553436992.659877,0,0,0,1,0,0,1,0
244700,1786553436993.669166,0,0,0,1,0,0,1,0
244701,1786553436994.678754,0,0,0,1,0,0,1,0
244702,1786553436995.684442,0,0,0,1,0,0,1,0
244703,1786553436996.691331,0,0,0,1,0,0,1,0
244704,1786553436997.699018,0,0,0,1,0,0,1,0
244705,1786553436998.707506,0,0,0,1,0,0,1,0
244706,1786553436999.716694,0,0,0,1,0,0,1,0
244707,1786553437000.741684,0,0,0,1,0,0,1,0
244708,1786553437001.750372,0,0,0,1,0,0,1,0
244709,1786553437002.749458,0,0,0,1,0,0,1,0
244710,1786553437003.754346,0,0,0,1,0,0,1,0
244711,1786553437004.764534,0,0,0,1,0,0,1,0
244712,1786553437005.774220,0,0,0,1,0,0,1,0
244713,1786553437006.781607,0,0,0,1,0,0,1,0
244714,1786553437007.790095,0,0,0,1,0,0,1,0
244715,1786553437008.798882,0,0,0,1,0,0,1,0
244716,1786553437009.806571,0,0,0,1,0,0,1,0
244717,1786553437010.814259,0,0,0,1,0,0,1,0
244718,1786553437011.834047,0,0,0,1,0,0,1,0
244719,1786553437012.839034,0,0,0,1,0,0,1,0
244720,1786553437013.850123,0,0,0,1,0,0,1,0
244721,1786553437014.874712,0,0,0,1,0,0,1,0
244722,1786553437015.868899,0,0,0,1,0,0,1,0
244723,1786553437016.887087,0,0,0,1,0,0,1,0
244724,1786553437017.892875,0,0,0,1,0,0,1,0
244725,1786553437018.897062,0,0,0,1,0,0,1,0
244726,1786553437019.907650,0,0,0,1,0,0,1,0
244727,1786553437020.912238,0,0,0,1,0,0,1,0
244728,1786553437021.923127,0,0,0,1,0,0,1,0
244729,1786553437022.929513,0,0,0,1,0,0,1,0
244730,1786553437023.941700,0,0,0,1,0,0,1,0
244731,1786553437024.951289,0,0,0,1,0,0,1,0
244732,1786553437025.959977,0,0,0,1,0,0,1,0
244733,1786553437026.966763,0,0,0,1,0,0,1,0
244734,1786553437027.977251,0,0,0,1,0,0,1,0
244735,1786553437028.984538,0,0,0,1,0,0,1,0
244736,1786553437029.991625,0,0,0,1,0,0,1,0
244737,1786553437031.020114,0,0,0,1,0,0,1,0
244738,1786553437032.025301,0,0,0,1,0,0,1,0
244739,1786553437033.039490,0,0,0,1,0,0,1,0
244740,1786553437034.037278,0,0,0,1,0,0,1,0
244741,1786553437035.043365,0,0,0,1,0,0,1,0
244742,1786553437036.050754,0,0,0,1,0,0,1,0
244743,1786553437037.058843,0,0,0,1,0,0,1,0
244744,1786553437038.067332,0,0,0,1,0,0,1,0
244745,1786553437039.077519,0,0,0,1,0,0,1,0
244746,1786553437040.087908,0,0,0,1,0,0,1,0
244747,1786553437041.097096,0,0,0,1,0,0,1,0
244748,1786553437042.105483,0,0,0,1,0,0,1,0
244749,1786553437043.116770,0,0,0,1,0,0,1,0
244750,1786553437044.124758,0,0,0,1,0,0,1,0
244751,1786553437045.132845,0,0,0,1,0,0,1,0
244752,1786553437046.180437,0,0,0,1,0,0,1,0
244753,1786553437047.157222,0,0,0,1,0,0,1,0
244754,1786553437048.163709,0,0,0,1,0,0,1,0
244755,1786553437049.181798,0,0,0,1,0,0,1,0
244756,1786553437050.187485,0,0,0,1,0,0,1,0
244757,1786553437051.196072,0,0,0,1,0,0,1,0
244758,1786553437052.204559,0,0,0,1,0,0,1,0
244759,1786553437053.213746,0,0,0,1,0,0,1,0
244760,1786553437054.222833,0,0,0,1,0,0,1,0
244761,1786553437055.233219,0,0,0,1,0,0,1,0
244762,1786553437056.241407,0,0,0,1,0,0,1,0
244763,1786553437057.249694,0,0,0,1,0,0,1,0
244764,1786553437058.258981,0,0,0,1,0,0,1,0
244765,1786553437059.267269,0,0,0,1,0,0,1,0
244766,1786553437060.274556,0,0,0,1,0,0,1,0
244767,1786553437061.349847,0,0,0,1,0,0,1,0
244768,1786553437062.316732,0,0,0,1,0,0,1,0
244769,1786553437063.312519,0,0,0,1,0,0,1,0
244770,1786553437064.318205,0,0,0,1,0,0,1,0
244771,1786553437065.326793,0,0,0,1,0,0,1,0
244772,1786553437066.330081,0,0,0,1,0,0,1,0
244773,1786553437067.333768,0,0,0,1,0,0,1,0
244774,1786553437068.341955,0,0,0,1,0,0,1,0
244775,1786553437069.348342,0,0,0,1,0,0,1,0
244776,1786553437070.356330,0,0,0,1,0,0,1,0
244777,1786553437071.363018,0,0,0,1,0,0,1,0
244778,1786553437072.371606,0,0,0,1,0,0,1,0
244779,1786553437073.378495,0,0,0,1,0,0,1,0
244780,1786553437074.387084,0,0,0,1,0,0,1,0
244781,1786553437075.431775,0,0,0,1,0,0,1,0
244782,1786553437076.414761,0,0,0,1,0,0,1,0
244783,1786553437077.418747,0,0,0,1,0,0,1,0
244784,1786553437078.424734,0,0,0,1,0,0,1,0
244785,1786553437079.432421,0,0,0,1,0,0,1,0
244786,1786553437080.439709,0,0,0,1,0,0,1,0
244787,1786553437081.452296,0,0,0,1,0,0,1,0
244788,1786553437082.457484,0,0,0,1,0,0,1,0
244789,1786553437083.465472,0,0,0,1,0,0,1,0
244790,1786553437084.473361,0,0,0,1,0,0,1,0
244791,1786553437085.481648,0,0,0,1,0,0,1,0
244792,1786553437086.519539,0,0,0,1,0,0,1,0
244793,1786553437087.501624,0,0,0,1,0,0,1,0
244794,1786553437088.506611,0,0,0,1,0,0,1,0
244795,1786553437089.516499,0,0,0,1,0,0,1,0
244796,1786553437090.537889,0,0,0,1,0,0,1,0
244797,1786553437091.548077,0,0,0,1,0,0,1,0
244798,1786553437092.546063,0,0,0,1,0,0,1,0
244799,1786553437093.552550,0,0,0,1,0,0,1,0
244800,1786553437094.565538,0,0,0,1,0,0,1,0
244801,1786553437095.569725,0,0,0,1,0,0,1,0
244802,1786553437096.578013,0,0,0,1,0,0,1,0
244803,1786553437097.585399,0,0,0,1,0,0,1,0
244804,1786553437098.593188,0,0,0,1,0,0,1,0
244805,1786553437099.601275,0,0,0,1,0,0,1,0
244806,1786553437100.609562,0,0,0,1,0,0,1,0
244807,1786553437101.618951,0,0,0,1,0,0,1,0
244808,1786553437102.625737,0,0,0,1,0,0,1,0
244809,1786553437103.632323,0,0,0,1,0,0,1,0
244810,1786553437104.639510,0,0,0,1,0,0,1,0
244811,1786553437105.648897,0,0,0,1,0,0,1,0
244812,1786553437106.674886,0,0,0,1,0,0,1,0
244813,1786553437107.675874,0,0,0,1,0,0,1,0
244814,1786553437108.677462,0,0,0,1,0,0,1,0
244815,1786553437109.685850,0,0,0,1,0,0,1,0
244816,1786553437110.692336,0,0,0,1,0,0,1,0
244817,1786553437111.701625,0,0,0,1,0,0,1,0
244818,1786553437112.707812,0,0,0,1,0,0,1,0
244819,1786553437113.738102,0,0,0,1,0,0,1,0
244820,1786553437114.733688,0,0,0,1,0,0,1,0
244821,1786553437115.742076,0,0,0,1,0,0,1,0
244822,1786553437116.750163,0,0,0,1,0,0,1,0
244823,1786553437117.758050,0,0,0,1,0,0,1,0
244824,1786553437118.764838,0,0,0,1,0,0,1,0
244825,1786553437119.776225,0,0,0,1,0,0,1,0
244826,1786553437120.786315,0,0,0,1,0,0,1,0
244827,1786553437121.803705,0,0,0,1,0,0,1,0
244828,1786553437122.834495,0,0,0,1,0,0,1,0
244829,1786553437123.826680,0,0,0,1,0,0,1,0
244830,1786553437124.841768,0,0,0,1,0,0,1,0
244831,1786553437125.837055,0,0,0,1,0,0,1,0
244832,1786553437126.844045,0,0,0,1,0,0,1,0
244833,1786553437127.849332,0,0,0,1,0,0,1,0
244834,1786553437128.861820,0,0,0,1,0,0,1,0
244835,1786553437129.884209,0,0,0,1,0,0,1,0
244836,1786553437130.900496,0,0,0,1,0,0,1,0
244837,1786553437131.887280,0,0,0,1,0,0,1,0
244838,1786553437132.900369,0,0,0,1,0,0,1,0
244839,1786553437133.899456,0,0,0,1,0,0,1,0
244840,1786553437134.915446,0,0,0,1,0,0,1,0
244841,1786553437135.916533,0,0,0,1,0,0,1,0
244842,1786553437136.953423,0,0,0,1,0,0,1,0
244843,1786553437137.943310,0,0,0,1,0,0,1,0
244844,1786553437138.947997,0,0,0,1,0,0,1,0
244845,1786553437139.954686,0,0,0,1,0,0,1,0
244846,1786553437140.964274,0,0,0,1,0,0,1,0
244847,1786553437141.971462,0,0,0,1,0,0,1,0
244848,1786553437142.980950,0,0,0,1,0,0,1,0
244849,1786553437143.984635,0,0,0,1,0,0,1,0
244850,1786553437145.001524,0,0,0,1,0,0,1,0
244851,1786553437146.008112,0,0,0,1,0,0,1,0
244852,1786553437147.026602,0,0,0,1,0,0,1,0
244853,1786553437148.028090,0,0,0,1,0,0,1,0
244854,1786553437149.037278,0,0,0,1,0,0,1,0
244855,1786553437150.045565,0,0,0,1,0,0,1,0
244856,1786553437151.054653,0,0,0,1,0,0,1,0
244857,1786553437152.062740,0,0,0,1,0,0,1,0
244858,1786553437153.072427,0,0,0,1,0,0,1,0
244859,1786553437154.097216,0,0,0,1,0,0,1,0
244860,1786553437155.093604,0,0,0,1,0,0,1,0
244861,1786553437156.099791,0,0,0,1,0,0,1,0
244862,1786553437157.108479,0,0,0,1,0,0,1,0
244863,1786553437158.116567,0,0,0,1,0,0,1,0
244864,1786553437159.124755,0,0,0,1,0,0,1,0
244865,1786553437160.141643,0,0,0,1,0,0,1,0
244866,1786553437161.144229,0,0,0,1,0,0,1,0
244867,1786553437162.154718,0,0,0,1,0,0,1,0
244868,1786553437163.168005,0,0,0,1,0,0,1,0
244869,1786553437164.175192,0,0,0,1,0,0,1,0
244870,1786553437165.180579,0,0,0,1,0,0,1,0
244871,1786553437166.191467,0,0,0,1,0,0,1,0
244872,1786553437167.199355,0,0,0,1,0,0,1,0
244873,1786553437168.210342,0,0,0,1,0,0,1,0
244874,1786553437169.230432,0,0,0,1,0,0,1,0
244875,1786553437170.286725,0,0,0,1,0,0,1,0
244876,1786553437171.248108,0,0,0,1,0,0,1,0
244877,1786553437172.257195,0,0,0,1,0,0,1,0
244878,1786553437173.265183,0,0,0,1,0,0,1,0
244879,1786553437174.277571,0,0,0,1,0,0,1,0
244880,1786553437175.287358,0,0,0,1,0,0,1,0
244881,1786553437176.296346,0,0,0,1,0,0,1,0
244882,1786553437177.304134,0,0,0,1,0,0,1,0
244883,1786553437178.311722,0,0,0,1,0,0,1,0
244884,1786553437179.326410,0,0,0,1,0,0,1,0
244885,1786553437180.333297,0,0,0,1,0,0,1,0
244886,1786553437181.338985,0,0,0,1,0,0,1,0
244887,1786553437182.346472,0,0,0,1,0,0,1,0
244888,1786553437183.355660,0,0,0,1,0,0,1,0
244889,1786553437184.365049,0,0,0,1,0,0,1,0
244890,1786553437185.860681,0,0,0,1,0,0,1,0
244891,1786553437186.428429,0,0,0,1,0,0,1,0
244892,1786553437187.415215,0,0,0,1,0,0,1,0
244893,1786553437188.515810,0,0,0,1,0,0,1,0
244894,1786553437189.442490,0,0,0,1,0,0,1,0
244895,1786553437190.469280,0,0,0,1,0,0,1,0
244896,1786553437191.447065,0,0,0,1,0,0,1,0
244897,1786553437192.453752,0,0,0,1,0,0,1,0
244898,1786553437193.461838,0,0,0,1,0,0,1,0
244899,1786553437194.472825,0,0,0,1,0,0,1,0
244900,1786553437195.489514,0,0,0,1,0,0,1,0
244901,1786553437196.498201,0,0,0,1,0,0,1,0
244902,1786553437197.506288,0,0,0,1,0,0,1,0
244903,1786553437198.515177,0,0,0,1,0,0,1,0
244904,1786553437199.533866,0,0,0,1,0,0,1,0
244905,1786553437200.624162,0,0,0,1,0,0,1,0
244906,1786553437201.578945,0,0,0,1,0,0,1,0
244907,1786553437202.589033,0,0,0,1,0,0,1,0
244908,1786553437203.598521,0,0,0,1,0,0,1,0
244909,1786553437204.604308,0,0,0,1,0,0,1,0
244910,1786553437205.614596,0,0,0,1,0,0,1,0
244911,1786553437206.620483,0,0,0,1,0,0,1,0
244912,1786553437207.627470,0,0,0,1,0,0,1,0
244913,1786553437208.631658,0,0,0,1,0,0,1,0
244914,1786553437209.638046,0,0,0,1,0,0,1,0
244915,1786553437210.643434,0,0,0,1,0,0,1,0
244916,1786553437211.649923,0,0,0,1,0,0,1,0
244917,1786553437212.658210,0,0,0,1,0,0,1,0
244918,1786553437213.665897,0,0,0,1,0,0,1,0
244919,1786553437214.673285,0,0,0,1,0,0,1,0
244920,1786553437215.694373,0,0,0,1,0,0,1,0
244921,1786553437216.693160,0,0,0,1,0,0,1,0
244922,1786553437217.701048,0,0,0,1,0,0,1,0
244923,1786553437218.710137,0,0,0,1,0,0,1,0
244924,1786553437219.715124,0,0,0,1,0,0,1,0
244925,1786553437220.721411,0,0,0,1,0,0,1,0
244926,1786553437221.784301,0,0,0,1,0,0,1,0
244927,1786553437222.755285,0,0,0,1,0,0,1,0
244928,1786553437223.755771,0,0,0,1,0,0,1,0
244929,1786553437224.769959,0,0,0,1,0,0,1,0
244930,1786553437225.776847,0,0,0,1,0,0,1,0
244931,1786553437226.784934,0,0,0,1,0,0,1,0
244932,1786553437227.803622,0,0,0,1,0,0,1,0
244933,1786553437228.804709,0,0,0,1,0,0,1,0
244934,1786553437229.809596,0,0,0,1,0,0,1,0
244935,1786553437230.848388,0,0,0,1,0,0,1,0
244936,1786553437231.841873,0,0,0,1,0,0,1,0
244937,1786553437232.841160,0,0,0,1,0,0,1,0
244938,1786553437233.849147,0,0,0,1,0,0,1,0
244939,1786553437234.867236,0,0,0,1,0,0,1,0
244940,1786553437235.866422,0,0,0,1,0,0,1,0
244941,1786553437236.875810,0,0,0,1,0,0,1,0
244942,1786553437237.883597,0,0,0,1,0,0,1,0
244943,1786553437238.894584,0,0,0,1,0,0,1,0
244944,1786553437239.912472,0,0,0,1,0,0,1,0
244945,1786553437240.913559,0,0,0,1,0,0,1,0
244946,1786553437241.922446,0,0,0,1,0,0,1,0
244947,1786553437242.932333,0,0,0,1,0,0,1,0
244948,1786553437243.941521,0,0,0,1,0,0,1,0
244949,1786553437244.966710,0,0,0,1,0,0,1,0
244950,1786553437245.971397,0,0,0,1,0,0,1,0
244951,1786553437247.022189,0,0,0,1,0,0,1,0
244952,1786553437247.991873,0,0,0,1,0,0,1,0
244953,1786553437248.992760,0,0,0,1,0,0,1,0
244954,1786553437250.010449,0,0,0,1,0,0,1,0
244955,1786553437251.020337,0,0,0,1,0,0,1,0
244956,1786553437252.021324,0,0,0,1,0,0,1,0
244957,1786553437253.030212,0,0,0,1,0,0,1,0
244958,1786553437254.073003,0,0,0,1,0,0,1,0
244959,1786553437255.062390,0,0,0,1,0,0,1,0
244960,1786553437256.073177,0,0,0,1,0,0,1,0
244961,1786553437257.076164,0,0,0,1,0,0,1,0
244962,1786553437258.074851,0,0,0,1,0,0,1,0
244963,1786553437259.085439,0,0,0,1,0,0,1,0
244964,1786553437260.089725,0,0,0,1,0,0,1,0
244965,1786553437261.124715,0,0,0,1,0,0,1,0
244966,1786553437262.111000,0,0,0,1,0,0,1,0
244967,1786553437263.159590,0,0,0,1,0,0,1,0
244968,1786553437264.138073,0,0,0,1,0,0,1,0
244969,1786553437265.142659,0,0,0,1,0,0,1,0
244970,1786553437266.148545,0,0,0,1,0,0,1,0
244971,1786553437267.160133,0,0,0,1,0,0,1,0
244972,1786553437268.172120,0,0,0,1,0,0,1,0
244973,1786553437269.179909,0,0,0,1,0,0,1,0
244974,1786553437270.192497,0,0,0,1,0,0,1,0
244975,1786553437271.199384,0,0,0,1,0,0,1,0
244976,1786553437272.209272,0,0,0,1,0,0,1,0
244977,1786553437273.220459,0,0,0,1,0,0,1,0
244978,1786553437274.230647,0,0,0,1,0,0,1,0
244979,1786553437275.279737,0,0,0,1,0,0,1,0
244980,1786553437276.308126,0,0,0,1,0,0,1,0
244981,1786553437277.321915,0,0,0,1,0,0,1,0
244982,1786553437278.328402,0,0,0,1,0,0,1,0
244983,1786553437279.363691,0,0,0,1,0,0,1,0
244984,1786553437280.374079,0,0,0,1,0,0,1,0
244985,1786553437281.387866,0,0,0,1,0,0,1,0
244986,1786553437282.414755,0,0,0,1,0,0,1,0
244987,1786553437283.376740,0,0,0,1,0,0,1,0
244988,1786553437284.371026,0,0,0,1,0,0,1,0
244989,1786553437285.381214,0,0,0,1,0,0,1,0
244990,1786553437286.427904,0,0,0,1,0,0,1,0
244991,1786553437287.406491,0,0,0,1,0,0,1,0
244992,1786553437288.408180,0,0,0,1,0,0,1,0
244993,1786553437289.417368,0,0,0,1,0,0,1,0
244994,1786553437290.442856,0,0,0,1,0,0,1,0
244995,1786553437291.429941,0,0,0,1,0,0,1,0
244996,1786553437292.501234,0,0,0,1,0,0,1,0
244997,1786553437293.492921,0,0,0,1,0,0,1,0
244998,1786553437294.475105,0,0,0,1,0,0,1,0
244999,1786553437295.472590,0,0,0,1,0,0,1,0
245000,1786553437296.478477,0,0,0,1,0,0,1,0
245001,1786553437297.488264,0,0,0,1,0,0,1,0
245002,1786553437298.499052,0,0,0,1,0,0,1,0
245003,1786553437299.507539,0,0,0,1,0,0,1,0
245004,1786553437300.515526,0,0,0,1,0,0,1,0
245005,1786553437301.524614,0,0,0,1,0,0,1,0
245006,1786553437302.533300,0,0,0,1,0,0,1,0
245007,1786553437303.545788,0,0,0,1,0,0,1,0
245008,1786553437304.546974,0,0,0,1,0,0,1,0
245009,1786553437305.554260,0,0,0,1,0,0,1,0
245010,1786553437306.573748,0,0,0,1,0,0,1,0
245011,1786553437307.599238,0,0,0,1,0,0,1,0
245012,1786553437308.617627,0,0,0,1,0,0,1,0
245013,1786553437309.607413,0,0,0,1,0,0,1,0
245014,1786553437310.611501,0,0,0,1,0,0,1,0
245015,1786553437311.617689,0,0,0,1,0,0,1,0
245016,1786553437312.625277,0,0,0,1,0,0,1,0
245017,1786553437313.629363,0,0,0,1,0,0,1,0
245018,1786553437314.639751,0,0,0,1,0,0,1,0
245019,1786553437315.647237,0,0,0,1,0,0,1,0
245020,1786553437316.655926,0,0,0,1,0,0,1,0
245021,1786553437317.662612,0,0,0,1,0,0,1,0
245022,1786553437318.670598,0,0,0,1,0,0,1,0
245023,1786553437319.678886,0,0,0,1,0,0,1,0
245024,1786553437320.688774,0,0,0,1,0,0,1,0
245025,1786553437321.696962,0,0,0,1,0,0,1,0
245026,1786553437322.704950,0,0,0,1,0,0,1,0
245027,1786553437323.760342,0,0,0,1,0,0,1,0
245028,1786553437324.744729,0,0,0,1,0,0,1,0
245029,1786553437325.789919,0,0,0,1,0,0,1,0
245030,1786553437326.775205,0,0,0,1,0,0,1,0
245031,1786553437327.769691,0,0,0,1,0,0,1,0
245032,1786553437328.779480,0,0,0,1,0,0,1,0
245033,1786553437329.784368,0,0,0,1,0,0,1,0
245034,1786553437330.793055,0,0,0,1,0,0,1,0
245035,1786553437331.800343,0,0,0,1,0,0,1,0
245036,1786553437332.808431,0,0,0,1,0,0,1,0
245037,1786553437333.825420,0,0,0,1,0,0,1,0
245038,1786553437334.839610,0,0,0,1,0,0,1,0
245039,1786553437335.839498,0,0,0,1,0,0,1,0
245040,1786553437336.846487,0,0,0,1,0,0,1,0
245041,1786553437337.856674,0,0,0,1,0,0,1,0
245042,1786553437338.871662,0,0,0,1,0,0,1,0
245043,1786553437339.878550,0,0,0,1,0,0,1,0
245044,1786553437340.885839,0,0,0,1,0,0,1,0
245045,1786553437341.926428,0,0,0,1,0,0,1,0
245046,1786553437342.915215,0,0,0,1,0,0,1,0
245047,1786553437343.918501,0,0,0,1,0,0,1,0
245048,1786553437344.933188,0,0,0,1,0,0,1,0
245049,1786553437345.931775,0,0,0,1,0,0,1,0
245050,1786553437346.937363,0,0,0,1,0,0,1,0
245051,1786553437347.947350,0,0,0,1,0,0,1,0
245052,1786553437348.952337,0,0,0,1,0,0,1,0
245053,1786553437349.976526,0,0,0,1,0,0,1,0
245054,1786553437350.975414,0,0,0,1,0,0,1,0
245055,1786553437351.986601,0,0,0,1,0,0,1,0
245056,1786553437352.991790,0,0,0,1,0,0,1,0
245057,1786553437354.412914,0,0,0,1,0,0,1,0
245058,1786553437355.420302,0,0,0,1,0,0,1,0
245059,1786553437356.416987,0,0,0,1,0,0,1,0
245060,1786553437357.434674,0,0,0,1,0,0,1,0
245061,1786553437358.438263,0,0,0,1,0,0,1,0
245062,1786553437359.444550,0,0,0,1,0,0,1,0
245063,1786553437360.451937,0,0,0,1,0,0,1,0
245064,1786553437361.459925,0,0,0,1,0,0,1,0
245065,1786553437362.468015,0,0,0,1,0,0,1,0
245066,1786553437363.474302,0,0,0,1,0,0,1,0
245067,1786553437364.482091,0,0,0,1,0,0,1,0
245068,1786553437365.490678,0,0,0,1,0,0,1,0
245069,1786553437366.497666,0,0,0,1,0,0,1,0
245070,1786553437367.505254,0,0,0,1,0,0,1,0
245071,1786553437368.513342,0,0,0,1,0,0,1,0
245072,1786553437369.532330,0,0,0,1,0,0,1,0
245073,1786553437370.544117,0,0,0,1,0,0,1,0
245074,1786553437371.544103,0,0,0,1,0,0,1,0
245075,1786553437372.551392,0,0,0,1,0,0,1,0
245076,1786553437373.562679,0,0,0,1,0,0,1,0
245077,1786553437374.593266,0,0,0,1,0,0,1,0
245078,1786553437375.615753,0,0,0,1,0,0,1,0
245079,1786553437376.600638,0,0,0,1,0,0,1,0
245080,1786553437377.607026,0,0,0,1,0,0,1,0
245081,1786553437378.616112,0,0,0,1,0,0,1,0
245082,1786553437379.624199,0,0,0,1,0,0,1,0
245083,1786553437380.633986,0,0,0,1,0,0,1,0
245084,1786553437381.639974,0,0,0,1,0,0,1,0
245085,1786553437382.647461,0,0,0,1,0,0,1,0
245086,1786553437383.653148,0,0,0,1,0,0,1,0
245087,1786553437384.666335,0,0,0,1,0,0,1,0
245088,1786553437385.688823,0,0,0,1,0,0,1,0
245089,1786553437386.695611,0,0,0,1,0,0,1,0
245090,1786553437387.693597,0,0,0,1,0,0,1,0
245091,1786553437388.699884,0,0,0,1,0,0,1,0
245092,1786553437389.711571,0,0,0,1,0,0,1,0
245093,1786553437390.716559,0,0,0,1,0,0,1,0
245094,1786553437391.723148,0,0,0,1,0,0,1,0
245095,1786553437392.731837,0,0,0,1,0,0,1,0
245096,1786553437393.740523,0,0,0,1,0,0,1,0
245097,1786553437394.749710,0,0,0,1,0,0,1,0
245098,1786553437395.755396,0,0,0,1,0,0,1,0
245099,1786553437396.763083,0,0,0,1,0,0,1,0
245100,1786553437397.776972,0,0,0,1,0,0,1,0
245101,1786553437398.785660,0,0,0,1,0,0,1,0
245102,1786553437399.840752,0,0,0,1,0,0,1,0
245103,1786553437400.826437,0,0,0,1,0,0,1,0
245104,1786553437401.814022,0,0,0,1,0,0,1,0
245105,1786553437402.832009,0,0,0,1,0,0,1,0
245106,1786553437403.837996,0,0,0,1,0,0,1,0
245107,1786553437404.852883,0,0,0,1,0,0,1,0
245108,1786553437405.854269,0,0,0,1,0,0,1,0
245109,1786553437406.873457,0,0,0,1,0,0,1,0
245110,1786553437407.872744,0,0,0,1,0,0,1,0
245111,1786553437408.881934,0,0,0,1,0,0,1,0
245112,1786553437409.887820,0,0,0,1,0,0,1,0
245113,1786553437410.896808,0,0,0,1,0,0,1,0
245114,1786553437411.903394,0,0,0,1,0,0,1,0
245115,1786553437412.910581,0,0,0,1,0,0,1,0
245116,1786553437413.920269,0,0,0,1,0,0,1,0
245117,1786553437415.116172,0,0,0,1,0,0,1,0
245118,1786553437416.119759,0,0,0,1,0,0,1,0
245119,1786553437417.116945,0,0,0,1,0,0,1,0
245120,1786553437418.124233,0,0,0,1,0,0,1,0
245121,1786553437419.129419,0,0,0,1,0,0,1,0
245122,1786553437420.137005,0,0,0,1,0,0,1,0
245123,1786553437421.145493,0,0,0,1,0,0,1,0
245124,1786553437422.170981,0,0,0,1,0,0,1,0
245125,1786553437423.169467,0,0,0,1,0,0,1,0
245126,1786553437424.176054,0,0,0,1,0,0,1,0
245127,1786553437425.182441,0,0,0,1,0,0,1,0
245128,1786553437426.189229,0,0,0,1,0,0,1,0
245129,1786553437427.199616,0,0,0,1,0,0,1,0
245130,1786553437428.206603,0,0,0,1,0,0,1,0
245131,1786553437429.226391,0,0,0,1,0,0,1,0
245132,1786553437430.230378,0,0,0,1,0,0,1,0
245133,1786553437431.235865,0,0,0,1,0,0,1,0
245134,1786553437432.241251,0,0,0,1,0,0,1,0
245135,1786553437433.252739,0,0,0,1,0,0,1,0
245136,1786553437434.257226,0,0,0,1,0,0,1,0
245137,1786553437435.266714,0,0,0,1,0,0,1,0
245138,1786553437436.272703,0,0,0,1,0,0,1,0
245139,1786553437437.281392,0,0,0,1,0,0,1,0
245140,1786553437438.288480,0,0,0,1,0,0,1,0
245141,1786553437439.310570,0,0,0,1,0,0,1,0
245142,1786553437440.307558,0,0,0,1,0,0,1,0
245143,1786553437441.320647,0,0,0,1,0,0,1,0
245144,1786553437442.328336,0,0,0,1,0,0,1,0
245145,1786553437443.336323,0,0,0,1,0,0,1,0
245146,1786553437444.343209,0,0,0,1,0,0,1,0
245147,1786553437445.370300,0,0,0,1,0,0,1,0
245148,1786553437446.365987,0,0,0,1,0,0,1,0
245149,1786553437447.369974,0,0,0,1,0,0,1,0
245150,1786553437448.377061,0,0,0,1,0,0,1,0
245151,1786553437449.382648,0,0,0,1,0,0,1,0
245152,1786553437450.392735,0,0,0,1,0,0,1,0
245153,1786553437451.403222,0,0,0,1,0,0,1,0
245154,1786553437452.409309,0,0,0,1,0,0,1,0
245155,1786553437453.421498,0,0,0,1,0,0,1,0
245156,1786553437454.428885,0,0,0,1,0,0,1,0
245157,1786553437455.442973,0,0,0,1,0,0,1,0
245158,1786553437456.447661,0,0,0,1,0,0,1,0
245159,1786553437457.454849,0,0,0,1,0,0,1,0
245160,1786553437458.462737,0,0,0,1,0,0,1,0
245161,1786553437459.470524,0,0,0,1,0,0,1,0
245162,1786553437460.489912,0,0,0,1,0,0,1,0
245163,1786553437461.492300,0,0,0,1,0,0,1,0
245164,1786553437462.497486,0,0,0,1,0,0,1,0
245165,1786553437463.504473,0,0,0,1,0,0,1,0
245166,1786553437464.513061,0,0,0,1,0,0,1,0
245167,1786553437465.520348,0,0,0,1,0,0,1,0
245168,1786553437466.528235,0,0,0,1,0,0,1,0
245169,1786553437467.539320,0,0,0,1,0,0,1,0
245170,1786553437468.544706,0,0,0,1,0,0,1,0
245171,1786553437469.553896,0,0,0,1,0,0,1,0
245172,1786553437470.563985,0,0,0,1,0,0,1,0
245173,1786553437471.577674,0,0,0,1,0,0,1,0
245174,1786553437472.582862,0,0,0,1,0,0,1,0
245175,1786553437473.592649,0,0,0,1,0,0,1,0
245176,1786553437474.983871,0,0,0,1,0,0,1,0
245177,1786553437475.614525,0,0,0,1,0,0,1,0
245178,1786553437476.619813,0,0,0,1,0,0,1,0
245179,1786553437477.636902,0,0,0,1,0,0,1,0
245180,1786553437478.642589,0,0,0,1,0,0,1,0
245181,1786553437479.649877,0,0,0,1,0,0,1,0
245182,1786553437480.654864,0,0,0,1,0,0,1,0
245183,1786553437481.667852,0,0,0,1,0,0,1,0
245184,1786553437482.668439,0,0,0,1,0,0,1,0
245185,1786553437483.676628,0,0,0,1,0,0,1,0
245186,1786553437484.683514,0,0,0,1,0,0,1,0
245187,1786553437485.692602,0,0,0,1,0,0,1,0
245188,1786553437486.700489,0,0,0,1,0,0,1,0
245189,1786553437487.719678,0,0,0,1,0,0,1,0
245190,1786553437488.723664,0,0,0,1,0,0,1,0
245191,1786553437489.729351,0,0,0,1,0,0,1,0
245192,1786553437490.761540,0,0,0,1,0,0,1,0
245193,1786553437491.760327,0,0,0,1,0,0,1,0
245194,1786553437492.769816,0,0,0,1,0,0,1,0
245195,1786553437493.774904,0,0,0,1,0,0,1,0
245196,1786553437494.796094,0,0,0,1,0,0,1,0
245197,1786553437495.790578,0,0,0,1,0,0,1,0
245198,1786553437496.798967,0,0,0,1,0,0,1,0
245199,1786553437497.805653,0,0,0,1,0,0,1,0
245200,1786553437498.813141,0,0,0,1,0,0,1,0
245201,1786553437499.828930,0,0,0,1,0,0,1,0
245202,1786553437500.835821,0,0,0,1,0,0,1,0
245203,1786553437501.843508,0,0,0,1,0,0,1,0
245204,1786553437502.851595,0,0,0,1,0,0,1,0
245205,1786553437503.860982,0,0,0,1,0,0,1,0
245206,1786553437504.886070,0,0,0,1,0,0,1,0
245207,1786553437505.896259,0,0,0,1,0,0,1,0
245208,1786553437506.906645,0,0,0,1,0,0,1,0
245209,1786553437507.903633,0,0,0,1,0,0,1,0
245210,1786553437508.909420,0,0,0,1,0,0,1,0
245211,1786553437509.915706,0,0,0,1,0,0,1,0
245212,1786553437510.925092,0,0,0,1,0,0,1,0
245213,1786553437511.936181,0,0,0,1,0,0,1,0
245214,1786553437512.942568,0,0,0,1,0,0,1,0
245215,1786553437513.949856,0,0,0,1,0,0,1,0
245216,1786553437514.959343,0,0,0,1,0,0,1,0
245217,1786553437515.966629,0,0,0,1,0,0,1,0
245218,1786553437516.974419,0,0,0,1,0,0,1,0
245219,1786553437517.977405,0,0,0,1,0,0,1,0
245220,1786553437518.985294,0,0,0,1,0,0,1,0
245221,1786553437519.993483,0,0,0,1,0,0,1,0
245222,1786553437521.017673,0,0,0,1,0,0,1,0
245223,1786553437522.023261,0,0,0,1,0,0,1,0
245224,1786553437523.022847,0,0,0,1,0,0,1,0
245225,1786553437524.030635,0,0,0,1,0,0,1,0
245226,1786553437525.046721,0,0,0,1,0,0,1,0
245227,1786553437526.056109,0,0,0,1,0,0,1,0
245228,1786553437527.055597,0,0,0,1,0,0,1,0
245229,1786553437528.062484,0,0,0,1,0,0,1,0
245230,1786553437529.070571,0,0,0,1,0,0,1,0
245231,1786553437530.086559,0,0,0,1,0,0,1,0
245232,1786553437531.090347,0,0,0,1,0,0,1,0
245233,1786553437532.093735,0,0,0,1,0,0,1,0
245234,1786553437533.101222,0,0,0,1,0,0,1,0
245235,1786553437534.110309,0,0,0,1,0,0,1,0
245236,1786553437535.117296,0,0,0,1,0,0,1,0
245237,1786553437536.124783,0,0,0,1,0,0,1,0
245238,1786553437537.262082,0,0,0,1,0,0,1,0
245239,1786553437538.272971,0,0,0,1,0,0,1,0
245240,1786553437539.268257,0,0,0,1,0,0,1,0
245241,1786553437540.272844,0,0,0,1,0,0,1,0
245242,1786553437541.278131,0,0,0,1,0,0,1,0
245243,1786553437542.286617,0,0,0,1,0,0,1,0
245244,1786553437543.293304,0,0,0,1,0,0,1,0
245245,1786553437544.300892,0,0,0,1,0,0,1,0
245246,1786553437545.310579,0,0,0,1,0,0,1,0
245247,1786553437546.317468,0,0,0,1,0,0,1,0
245248,1786553437547.327553,0,0,0,1,0,0,1,0
245249,1786553437548.333240,0,0,0,1,0,0,1,0
245250,1786553437549.412534,0,0,0,1,0,0,1,0
245251,1786553437550.418021,0,0,0,1,0,0,1,0
245252,1786553437551.430009,0,0,0,1,0,0,1,0
245253,1786553437552.446097,0,0,0,1,0,0,1,0
245254,1786553437553.456685,0,0,0,1,0,0,1,0
245255,1786553437554.456473,0,0,0,1,0,0,1,0
245256,1786553437555.468860,0,0,0,1,0,0,1,0
245257,1786553437556.471348,0,0,0,1,0,0,1,0
245258,1786553437557.478235,0,0,0,1,0,0,1,0
245259,1786553437558.487922,0,0,0,1,0,0,1,0
245260,1786553437559.493607,0,0,0,1,0,0,1,0
245261,1786553437560.501594,0,0,0,1,0,0,1,0
245262,1786553437561.509982,0,0,0,1,0,0,1,0
245263,1786553437562.516769,0,0,0,1,0,0,1,0
245264,1786553437563.525356,0,0,0,1,0,0,1,0
245265,1786553437564.532745,0,0,0,1,0,0,1,0
245266,1786553437565.543933,0,0,0,1,0,0,1,0
245267,1786553437566.548220,0,0,0,1,0,0,1,0
245268,1786553437567.581809,0,0,0,1,0,0,1,0
245269,1786553437568.586098,0,0,0,1,0,0,1,0
245270,1786553437569.591185,0,0,0,1,0,0,1,0
245271,1786553437570.595972,0,0,0,1,0,0,1,0
245272,1786553437571.598959,0,0,0,1,0,0,1,0
245273,1786553437572.606847,0,0,0,1,0,0,1,0
245274,1786553437573.614335,0,0,0,1,0,0,1,0
245275,1786553437574.622422,0,0,0,1,0,0,1,0
245276,1786553437575.630208,0,0,0,1,0,0,1,0
245277,1786553437576.637797,0,0,0,1,0,0,1,0
245278,1786553437577.647185,0,0,0,1,0,0,1,0
245279,1786553437578.655173,0,0,0,1,0,0,1,0
245280,1786553437579.665561,0,0,0,1,0,0,1,0
245281,1786553437580.670548,0,0,0,1,0,0,1,0
245282,1786553437581.680136,0,0,0,1,0,0,1,0
245283,1786553437582.715627,0,0,0,1,0,0,1,0
245284,1786553437583.703514,0,0,0,1,0,0,1,0
245285,1786553437584.708201,0,0,0,1,0,0,1,0
245286,1786553437585.720288,0,0,0,1,0,0,1,0
245287,1786553437586.725278,0,0,0,1,0,0,1,0
245288,1786553437587.733566,0,0,0,1,0,0,1,0
245289,1786553437588.736954,0,0,0,1,0,0,1,0
245290,1786553437589.746342,0,0,0,1,0,0,1,0
245291,1786553437590.753128,0,0,0,1,0,0,1,0
245292,1786553437591.761017,0,0,0,1,0,0,1,0
245293,1786553437592.768304,0,0,0,1,0,0,1,0
245294,1786553437593.780893,0,0,0,1,0,0,1,0
245295,1786553437594.799383,0,0,0,1,0,0,1,0
245296,1786553437595.799869,0,0,0,1,0,0,1,0
245297,1786553437596.806858,0,0,0,1,0,0,1,0
245298,1786553437597.847647,0,0,0,1,0,0,1,0
245299,1786553437598.920641,0,0,0,1,0,0,1,0
245300,1786553437599.887525,0,0,0,1,0,0,1,0
245301,1786553437600.891714,0,0,0,1,0,0,1,0
245302,1786553437601.912803,0,0,0,1,0,0,1,0
245303,1786553437602.910190,0,0,0,1,0,0,1,0
245304,1786553437603.917977,0,0,0,1,0,0,1,0
245305,1786553437604.936364,0,0,0,1,0,0,1,0
245306,1786553437605.934250,0,0,0,1,0,0,1,0
245307,1786553437606.939837,0,0,0,1,0,0,1,0
245308,1786553437607.948624,0,0,0,1,0,0,1,0
245309,1786553437608.956711,0,0,0,1,0,0,1,0
245310,1786553437609.966999,0,0,0,1,0,0,1,0
245311,1786553437610.975689,0,0,0,1,0,0,1,0
245312,1786553437611.981376,0,0,0,1,0,0,1,0
245313,1786553437613.033465,0,0,0,1,0,0,1,0
245314,1786553437614.006350,0,0,0,1,0,0,1,0
245315,1786553437615.015938,0,0,0,1,0,0,1,0
245316,1786553437616.027825,0,0,0,1,0,0,1,0
245317,1786553437617.029013,0,0,0,1,0,0,1,0
245318,1786553437618.047001,0,0,0,1,0,0,1,0
245319,1786553437619.049188,0,0,0,1,0,0,1,0
245320,1786553437620.056574,0,0,0,1,0,0,1,0
245321,1786553437621.070062,0,0,0,1,0,0,1,0
245322,1786553437622.076848,0,0,0,1,0,0,1,0
245323,1786553437623.086337,0,0,0,1,0,0,1,0
245324,1786553437624.094824,0,0,0,1,0,0,1,0
245325,1786553437625.103411,0,0,0,1,0,0,1,0
245326,1786553437626.110398,0,0,0,1,0,0,1,0
245327,1786553437627.119285,0,0,0,1,0,0,1,0
245328,1786553437628.128872,0,0,0,1,0,0,1,0
245329,1786553437629.154061,0,0,0,1,0,0,1,0
245330,1786553437630.153449,0,0,0,1,0,0,1,0
245331,1786553437631.160935,0,0,0,1,0,0,1,0
245332,1786553437632.168923,0,0,0,1,0,0,1,0
245333,1786553437633.174909,0,0,0,1,0,0,1,0
245334,1786553437634.180797,0,0,0,1,0,0,1,0
245335,1786553437635.200385,0,0,0,1,0,0,1,0
245336,1786553437636.206172,0,0,0,1,0,0,1,0
245337,1786553437637.207959,0,0,0,1,0,0,1,0
245338,1786553437638.218747,0,0,0,1,0,0,1,0
245339,1786553437639.226335,0,0,0,1,0,0,1,0
245340,1786553437640.232122,0,0,0,1,0,0,1,0
245341,1786553437641.239910,0,0,0,1,0,0,1,0
245342,1786553437642.249498,0,0,0,1,0,0,1,0
245343,1786553437643.256586,0,0,0,1,0,0,1,0
245344,1786553437644.274076,0,0,0,1,0,0,1,0
245345,1786553437645.277963,0,0,0,1,0,0,1,0
245346,1786553437646.288352,0,0,0,1,0,0,1,0
245347,1786553437647.296838,0,0,0,1,0,0,1,0
245348,1786553437648.299525,0,0,0,1,0,0,1,0
245349,1786553437649.307712,0,0,0,1,0,0,1,0
245350,1786553437650.314599,0,0,0,1,0,0,1,0
245351,1786553437651.341288,0,0,0,1,0,0,1,0
245352,1786553437652.336074,0,0,0,1,0,0,1,0
245353,1786553437653.344062,0,0,0,1,0,0,1,0
245354,1786553437654.350650,0,0,0,1,0,0,1,0
245355,1786553437655.361039,0,0,0,1,0,0,1,0
245356,1786553437656.365225,0,0,0,1,0,0,1,0
245357,1786553437657.377014,0,0,0,1,0,0,1,0
245358,1786553437658.385000,0,0,0,1,0,0,1,0
245359,1786553437660.055046,0,0,0,1,0,0,1,0
245360,1786553437660.447979,0,0,0,1,0,0,1,0
245361,1786553437661.454467,0,0,0,1,0,0,1,0
245362,1786553437662.442653,0,0,0,1,0,0,1,0
245363,1786553437663.450940,0,0,0,1,0,0,1,0
245364,1786553437664.476129,0,0,0,1,0,0,1,0
245365,1786553437665.470817,0,0,0,1,0,0,1,0
245366,1786553437666.519608,0,0,0,1,0,0,1,0
245367,1786553437667.535895,0,0,0,1,0,0,1,0
245368,1786553437668.546982,0,0,0,1,0,0,1,0
245369,1786553437669.554670,0,0,0,1,0,0,1,0
245370,1786553437670.534755,0,0,0,1,0,0,1,0
245371,1786553437671.535442,0,0,0,1,0,0,1,0
245372,1786553437672.551029,0,0,0,1,0,0,1,0
245373,1786553437673.553117,0,0,0,1,0,0,1,0
245374,1786553437674.581806,0,0,0,1,0,0,1,0
245375,1786553437675.586693,0,0,0,1,0,0,1,0
245376,1786553437676.585680,0,0,0,1,0,0,1,0
245377,1786553437677.588266,0,0,0,1,0,0,1,0
245378,1786553437678.595155,0,0,0,1,0,0,1,0
245379,1786553437679.602941,0,0,0,1,0,0,1,0
245380,1786553437680.611729,0,0,0,1,0,0,1,0
245381,1786553437681.619318,0,0,0,1,0,0,1,0
245382,1786553437682.629006,0,0,0,1,0,0,1,0
245383,1786553437683.647994,0,0,0,1,0,0,1,0
245384,1786553437684.651081,0,0,0,1,0,0,1,0
245385,1786553437685.658870,0,0,0,1,0,0,1,0
245386,1786553437686.668556,0,0,0,1,0,0,1,0
245387,1786553437687.680244,0,0,0,1,0,0,1,0
245388,1786553437688.685831,0,0,0,1,0,0,1,0
245389,1786553437689.693219,0,0,0,1,0,0,1,0
245390,1786553437690.893526,0,0,0,1,0,0,1,0
245391,1786553437691.850309,0,0,0,1,0,0,1,0
245392,1786553437692.847896,0,0,0,1,0,0,1,0
245393,1786553437693.999797,0,0,0,1,0,0,1,0
245394,1786553437694.874173,0,0,0,1,0,0,1,0
245395,1786553437695.871559,0,0,0,1,0,0,1,0
245396,1786553437696.880046,0,0,0,1,0,0,1,0
245397,1786553437697.887433,0,0,0,1,0,0,1,0
245398,1786553437698.900522,0,0,0,1,0,0,1,0
245399,1786553437699.914509,0,0,0,1,0,0,1,0
245400,1786553437700.918195,0,0,0,1,0,0,1,0
245401,1786553437701.924582,0,0,0,1,0,0,1,0
245402,1786553437702.934970,0,0,0,1,0,0,1,0
245403,1786553437703.940958,0,0,0,1,0,0,1,0
245404,1786553437704.964349,0,0,0,1,0,0,1,0
245405,1786553437705.980337,0,0,0,1,0,0,1,0
245406,1786553437706.975726,0,0,0,1,0,0,1,0
245407,1786553437707.976114,0,0,0,1,0,0,1,0
245408,1786553437708.981201,0,0,0,1,0,0,1,0
245409,1786553437709.990290,0,0,0,1,0,0,1,0
245410,1786553437710.998177,0,0,0,1,0,0,1,0
245411,1786553437712.005065,0,0,0,1,0,0,1,0
245412,1786553437713.013151,0,0,0,1,0,0,1,0
245413,1786553437714.021338,0,0,0,1,0,0,1,0
245414,1786553437715.029226,0,0,0,1,0,0,1,0
245415,1786553437716.037614,0,0,0,1,0,0,1,0
245416,1786553437717.051702,0,0,0,1,0,0,1,0
245417,1786553437718.057791,0,0,0,1,0,0,1,0
245418,1786553437719.064977,0,0,0,1,0,0,1,0
245419,1786553437720.071163,0,0,0,1,0,0,1,0
245420,1786553437721.105456,0,0,0,1,0,0,1,0
245421,1786553437722.096743,0,0,0,1,0,0,1,0
245422,1786553437723.102430,0,0,0,1,0,0,1,0
245423,1786553437724.124720,0,0,0,1,0,0,1,0
245424,1786553437725.123106,0,0,0,1,0,0,1,0
245425,1786553437726.129494,0,0,0,1,0,0,1,0
245426,1786553437727.138483,0,0,0,1,0,0,1,0
245427,1786553437728.143971,0,0,0,1,0,0,1,0
245428,1786553437729.154259,0,0,0,1,0,0,1,0
245429,1786553437730.160046,0,0,0,1,0,0,1,0
245430,1786553437731.169132,0,0,0,1,0,0,1,0
245431,1786553437732.177121,0,0,0,1,0,0,1,0
245432,1786553437733.196511,0,0,0,1,0,0,1,0
245433,1786553437734.194997,0,0,0,1,0,0,1,0
245434,1786553437735.207184,0,0,0,1,0,0,1,0
245435,1786553437736.222873,0,0,0,1,0,0,1,0
245436,1786553437737.224860,0,0,0,1,0,0,1,0
245437,1786553437738.232948,0,0,0,1,0,0,1,0
245438,1786553437739.242537,0,0,0,1,0,0,1,0
245439,1786553437740.251824,0,0,0,1,0,0,1,0
245440,1786553437741.263611,0,0,0,1,0,0,1,0
245441,1786553437742.274000,0,0,0,1,0,0,1,0
245442,1786553437743.283487,0,0,0,1,0,0,1,0
245443,1786553437744.292674,0,0,0,1,0,0,1,0
245444,1786553437745.301863,0,0,0,1,0,0,1,0
245445,1786553437746.314452,0,0,0,1,0,0,1,0
245446,1786553437747.321240,0,0,0,1,0,0,1,0
245447,1786553437748.329228,0,0,0,1,0,0,1,0
245448,1786553437749.365919,0,0,0,1,0,0,1,0
245449,1786553437750.356805,0,0,0,1,0,0,1,0
245450,1786553437751.775228,0,0,0,1,0,0,1,0
245451,1786553437752.447587,0,0,0,1,0,0,1,0
245452,1786553437753.391068,0,0,0,1,0,0,1,0
245453,1786553437754.389955,0,0,0,1,0,0,1,0
245454,1786553437755.504451,0,0,0,1,0,0,1,0
245455,1786553437756.417831,0,0,0,1,0,0,1,0
245456,1786553437757.422818,0,0,0,1,0,0,1,0
245457,1786553437758.428607,0,0,0,1,0,0,1,0
245458,1786553437759.435994,0,0,0,1,0,0,1,0
245459,1786553437760.445983,0,0,0,1,0,0,1,0
245460,1786553437761.446969,0,0,0,1,0,0,1,0
245461,1786553437762.462458,0,0,0,1,0,0,1,0
245462,1786553437763.465845,0,0,0,1,0,0,1,0
245463,1786553437764.475532,0,0,0,1,0,0,1,0
245464,1786553437765.490618,0,0,0,1,0,0,1,0
245465,1786553437766.515206,0,0,0,1,0,0,1,0
245466,1786553437767.517494,0,0,0,1,0,0,1,0
245467,1786553437768.521281,0,0,0,1,0,0,1,0
245468,1786553437769.528568,0,0,0,1,0,0,1,0
245469,1786553437770.537056,0,0,0,1,0,0,1,0
245470,1786553437771.544543,0,0,0,1,0,0,1,0
245471,1786553437772.554230,0,0,0,1,0,0,1,0
245472,1786553437773.563717,0,0,0,1,0,0,1,0
245473,1786553437774.572004,0,0,0,1,0,0,1,0
245474,1786553437775.579992,0,0,0,1,0,0,1,0
245475,1786553437776.587281,0,0,0,1,0,0,1,0
245476,1786553437777.594170,0,0,0,1,0,0,1,0
245477,1786553437778.602755,0,0,0,1,0,0,1,0
245478,1786553437779.610043,0,0,0,1,0,0,1,0
245479,1786553437780.616831,0,0,0,1,0,0,1,0
245480,1786553437781.624219,0,0,0,1,0,0,1,0
245481,1786553437782.634704,0,0,0,1,0,0,1,0
245482,1786553437783.658094,0,0,0,1,0,0,1,0
245483,1786553437784.655980,0,0,0,1,0,0,1,0
245484,1786553437785.661668,0,0,0,1,0,0,1,0
245485,1786553437786.669255,0,0,0,1,0,0,1,0
245486,1786553437787.676043,0,0,0,1,0,0,1,0
245487,1786553437788.684831,0,0,0,1,0,0,1,0
245488,1786553437789.691719,0,0,0,1,0,0,1,0
245489,1786553437790.702407,0,0,0,1,0,0,1,0
245490,1786553437791.708396,0,0,0,1,0,0,1,0
245491,1786553437792.714984,0,0,0,1,0,0,1,0
245492,1786553437793.723872,0,0,0,1,0,0,1,0
245493,1786553437794.733558,0,0,0,1,0,0,1,0
245494,1786553437795.742147,0,0,0,1,0,0,1,0
245495,1786553437796.748532,0,0,0,1,0,0,1,0
245496,1786553437797.756919,0,0,0,1,0,0,1,0
245497,1786553437798.830114,0,0,0,1,0,0,1,0
245498,1786553437799.800397,0,0,0,1,0,0,1,0
245499,1786553437800.800785,0,0,0,1,0,0,1,0
245500,1786553437801.802972,0,0,0,1,0,0,1,0
245501,1786553437802.810158,0,0,0,1,0,0,1,0
245502,1786553437803.826746,0,0,0,1,0,0,1,0
245503,1786553437804.842234,0,0,0,1,0,0,1,0
245504,1786553437805.841621,0,0,0,1,0,0,1,0
245505,1786553437806.848208,0,0,0,1,0,0,1,0
245506,1786553437807.856195,0,0,0,1,0,0,1,0
245507,1786553437808.864682,0,0,0,1,0,0,1,0
245508,1786553437809.872169,0,0,0,1,0,0,1,0
245509,1786553437810.878957,0,0,0,1,0,0,1,0
245510,1786553437811.886242,0,0,0,1,0,0,1,0
245511,1786553437812.894529,0,0,0,1,0,0,1,0
245512,1786553437813.904916,0,0,0,1,0,0,1,0
245513,1786553437814.996011,0,0,0,1,0,0,1,0
245514,1786553437815.927192,0,0,0,1,0,0,1,0
245515,1786553437816.948281,0,0,0,1,0,0,1,0
245516,1786553437817.995972,0,0,0,1,0,0,1,0
245517,1786553437818.949254,0,0,0,1,0,0,1,0
245518,1786553437819.962045,0,0,0,1,0,0,1,0
245519,1786553437820.965234,0,0,0,1,0,0,1,0
245520,1786553437821.975220,0,0,0,1,0,0,1,0
245521,1786553437822.983408,0,0,0,1,0,0,1,0
245522,1786553437823.991497,0,0,0,1,0,0,1,0
245523,1786553437824.999086,0,0,0,1,0,0,1,0
245524,1786553437826.010772,0,0,0,1,0,0,1,0
245525,1786553437827.018762,0,0,0,1,0,0,1,0
245526,1786553437828.027651,0,0,0,1,0,0,1,0
245527,1786553437829.033938,0,0,0,1,0,0,1,0
245528,1786553437830.047626,0,0,0,1,0,0,1,0
245529,1786553437831.061114,0,0,0,1,0,0,1,0
245530,1786553437832.064103,0,0,0,1,0,0,1,0
245531,1786553437833.070089,0,0,0,1,0,0,1,0
245532,1786553437834.078477,0,0,0,1,0,0,1,0
245533,1786553437835.087166,0,0,0,1,0,0,1,0
245534,1786553437836.094653,0,0,0,1,0,0,1,0
245535,1786553437837.104041,0,0,0,1,0,0,1,0
245536,1786553437838.117728,0,0,0,1,0,0,1,0
245537,1786553437839.120014,0,0,0,1,0,0,1,0
245538,1786553437840.126500,0,0,0,1,0,0,1,0
245539,1786553437841.133188,0,0,0,1,0,0,1,0
245540,1786553437842.141175,0,0,0,1,0,0,1,0
245541,1786553437843.150560,0,0,0,1,0,0,1,0
245542,1786553437844.157548,0,0,0,1,0,0,1,0
245543,1786553437845.577974,0,0,0,1,0,0,1,0
245544,1786553437846.197029,0,0,0,1,0,0,1,0
245545,1786553437847.200417,0,0,0,1,0,0,1,0
245546,1786553437848.196503,0,0,0,1,0,0,1,0
245547,1786553437849.203791,0,0,0,1,0,0,1,0
245548,1786553437850.210478,0,0,0,1,0,0,1,0
245549,1786553437851.218064,0,0,0,1,0,0,1,0
245550,1786553437852.225752,0,0,0,1,0,0,1,0
245551,1786553437853.233740,0,0,0,1,0,0,1,0
245552,1786553437854.241227,0,0,0,1,0,0,1,0
245553,1786553437855.249414,0,0,0,1,0,0,1,0
245554,1786553437856.264501,0,0,0,1,0,0,1,0
245555,1786553437857.265889,0,0,0,1,0,0,1,0
245556,1786553437858.275977,0,0,0,1,0,0,1,0
245557,1786553437859.280864,0,0,0,1,0,0,1,0
245558,1786553437860.341456,0,0,0,1,0,0,1,0
245559,1786553437861.305842,0,0,0,1,0,0,1,0
245560,1786553437862.324632,0,0,0,1,0,0,1,0
245561,1786553437863.330421,0,0,0,1,0,0,1,0
245562,1786553437864.337509,0,0,0,1,0,0,1,0
245563,1786553437865.340997,0,0,0,1,0,0,1,0
245564,1786553437866.347983,0,0,0,1,0,0,1,0
245565,1786553437867.358571,0,0,0,1,0,0,1,0
245566,1786553437868.364858,0,0,0,1,0,0,1,0
245567,1786553437869.371546,0,0,0,1,0,0,1,0
245568,1786553437870.380734,0,0,0,1,0,0,1,0
245569,1786553437871.387020,0,0,0,1,0,0,1,0
245570,1786553437872.396807,0,0,0,1,0,0,1,0
245571,1786553437873.404395,0,0,0,1,0,0,1,0
245572,1786553437874.414082,0,0,0,1,0,0,1,0
245573,1786553437875.422869,0,0,0,1,0,0,1,0
245574,1786553437876.451258,0,0,0,1,0,0,1,0
245575,1786553437877.446344,0,0,0,1,0,0,1,0
245576,1786553437878.456232,0,0,0,1,0,0,1,0
245577,1786553437879.470722,0,0,0,1,0,0,1,0
245578,1786553437880.477310,0,0,0,1,0,0,1,0
245579,1786553437881.482496,0,0,0,1,0,0,1,0
245580,1786553437882.490283,0,0,0,1,0,0,1,0
245581,1786553437883.500870,0,0,0,1,0,0,1,0
245582,1786553437884.509656,0,0,0,1,0,0,1,0
245583,1786553437885.518444,0,0,0,1,0,0,1,0
245584,1786553437886.552335,0,0,0,1,0,0,1,0
245585,1786553437887.545822,0,0,0,1,0,0,1,0
245586,1786553437888.547808,0,0,0,1,0,0,1,0
245587,1786553437889.553194,0,0,0,1,0,0,1,0
245588,1786553437890.612786,0,0,0,1,0,0,1,0
245589,1786553437891.607572,0,0,0,1,0,0,1,0
245590,1786553437892.605659,0,0,0,1,0,0,1,0
245591,1786553437893.613646,0,0,0,1,0,0,1,0
245592,1786553437894.622434,0,0,0,1,0,0,1,0
245593,1786553437895.652823,0,0,0,1,0,0,1,0
245594,1786553437896.651609,0,0,0,1,0,0,1,0
245595,1786553437897.660697,0,0,0,1,0,0,1,0
245596,1786553437898.665984,0,0,0,1,0,0,1,0
245597,1786553437899.676072,0,0,0,1,0,0,1,0
245598,1786553437900.689460,0,0,0,1,0,0,1,0
245599,1786553437901.693348,0,0,0,1,0,0,1,0
245600,1786553437902.699535,0,0,0,1,0,0,1,0
245601,1786553437903.709222,0,0,0,1,0,0,1,0
245602,1786553437904.716609,0,0,0,1,0,0,1,0
245603,1786553437905.724097,0,0,0,1,0,0,1,0
245604,1786553437907.037012,0,0,0,1,0,0,1,0
245605,1786553437908.033199,0,0,0,1,0,0,1,0
245606,1786553437909.040687,0,0,0,1,0,0,1,0
245607,1786553437910.044975,0,0,0,1,0,0,1,0
245608,1786553437911.051762,0,0,0,1,0,0,1,0
245609,1786553437912.062250,0,0,0,1,0,0,1,0
245610,1786553437913.063436,0,0,0,1,0,0,1,0
245611,1786553437914.068823,0,0,0,1,0,0,1,0
245612,1786553437915.073309,0,0,0,1,0,0,1,0
245613,1786553437916.080497,0,0,0,1,0,0,1,0
245614,1786553437917.089484,0,0,0,1,0,0,1,0
245615,1786553437918.095673,0,0,0,1,0,0,1,0
245616,1786553437919.104360,0,0,0,1,0,0,1,0
245617,1786553437920.111648,0,0,0,1,0,0,1,0
245618,1786553437921.119336,0,0,0,1,0,0,1,0
245619,1786553437922.142125,0,0,0,1,0,0,1,0
245620,1786553437923.135910,0,0,0,1,0,0,1,0
245621,1786553437924.145799,0,0,0,1,0,0,1,0
245622,1786553437925.153186,0,0,0,1,0,0,1,0
245623,1786553437926.161772,0,0,0,1,0,0,1,0
245624,1786553437927.166860,0,0,0,1,0,0,1,0
245625,1786553437928.178747,0,0,0,1,0,0,1,0
245626,1786553437929.182734,0,0,0,1,0,0,1,0
245627,1786553437930.190020,0,0,0,1,0,0,1,0
245628,1786553437931.196706,0,0,0,1,0,0,1,0
245629,1786553437932.204094,0,0,0,1,0,0,1,0
245630,1786553437933.211681,0,0,0,1,0,0,1,0
245631,1786553437934.219968,0,0,0,1,0,0,1,0
245632,1786553437935.227755,0,0,0,1,0,0,1,0
245633,1786553437936.236142,0,0,0,1,0,0,1,0
245634,1786553437937.702868,0,0,0,1,0,0,1,0
245635,1786553437938.264917,0,0,0,1,0,0,1,0
245636,1786553437939.283504,0,0,0,1,0,0,1,0
245637,1786553437940.279689,0,0,0,1,0,0,1,0
245638,1786553437941.288875,0,0,0,1,0,0,1,0
245639,1786553437942.295062,0,0,0,1,0,0,1,0
245640,1786553437943.302849,0,0,0,1,0,0,1,0
245641,1786553437944.314437,0,0,0,1,0,0,1,0
245642,1786553437945.318527,0,0,0,1,0,0,1,0
245643,1786553437946.325713,0,0,0,1,0,0,1,0
245644,1786553437947.335201,0,0,0,1,0,0,1,0
245645,1786553437948.342688,0,0,0,1,0,0,1,0
245646,1786553437949.350075,0,0,0,1,0,0,1,0
245647,1786553437950.358262,0,0,0,1,0,0,1,0
245648,1786553437951.365950,0,0,0,1,0,0,1,0
245649,1786553437952.378838,0,0,0,1,0,0,1,0
245650,1786553437953.385824,0,0,0,1,0,0,1,0
245651,1786553437954.390812,0,0,0,1,0,0,1,0
245652,1786553437955.398599,0,0,0,1,0,0,1,0
245653,1786553437956.406585,0,0,0,1,0,0,1,0
245654,1786553437957.417572,0,0,0,1,0,0,1,0
245655,1786553437958.426460,0,0,0,1,0,0,1,0
245656,1786553437959.434347,0,0,0,1,0,0,1,0
245657,1786553437960.462237,0,0,0,1,0,0,1,0
245658,1786553437961.466625,0,0,0,1,0,0,1,0
245659,1786553437962.470811,0,0,0,1,0,0,1,0
245660,1786553437963.476898,0,0,0,1,0,0,1,0
245661,1786553437964.485986,0,0,0,1,0,0,1,0
245662,1786553437965.494273,0,0,0,1,0,0,1,0
245663,1786553437966.503161,0,0,0,1,0,0,1,0
245664,1786553437967.746171,0,0,0,1,0,0,1,0
245665,1786553437968.743356,0,0,0,1,0,0,1,0
245666,1786553437969.749845,0,0,0,1,0,0,1,0
245667,1786553437970.757531,0,0,0,1,0,0,1,0
245668,1786553437971.765019,0,0,0,1,0,0,1,0
245669,1786553437972.777506,0,0,0,1,0,0,1,0
245670,1786553437973.784093,0,0,0,1,0,0,1,0
245671,1786553437974.800582,0,0,0,1,0,0,1,0
245672,1786553437975.799670,0,0,0,1,0,0,1,0
245673,1786553437976.829160,0,0,0,1,0,0,1,0
245674,1786553437977.845049,0,0,0,1,0,0,1,0
245675,1786553437978.845136,0,0,0,1,0,0,1,0
245676,1786553437979.844724,0,0,0,1,0,0,1,0
245677,1786553437980.857912,0,0,0,1,0,0,1,0
245678,1786553437981.863100,0,0,0,1,0,0,1,0
245679,1786553437982.892086,0,0,0,1,0,0,1,0
245680,1786553437983.885872,0,0,0,1,0,0,1,0
245681,1786553437984.901761,0,0,0,1,0,0,1,0
245682,1786553437985.903748,0,0,0,1,0,0,1,0
245683,1786553437986.909335,0,0,0,1,0,0,1,0
245684,1786553437987.920423,0,0,0,1,0,0,1,0
245685,1786553437988.926011,0,0,0,1,0,0,1,0
245686,1786553437989.935098,0,0,0,1,0,0,1,0
245687,1786553437990.941985,0,0,0,1,0,0,1,0
245688,1786553437991.950872,0,0,0,1,0,0,1,0
245689,1786553437992.956260,0,0,0,1,0,0,1,0
245690,1786553437994.129062,0,0,0,1,0,0,1,0
245691,1786553437994.978936,0,0,0,1,0,0,1,0
245692,1786553437995.984022,0,0,0,1,0,0,1,0
245693,1786553437996.988709,0,0,0,1,0,0,1,0
245694,1786553437998.000797,0,0,0,1,0,0,1,0
245695,1786553437999.443622,0,0,0,1,0,0,1,0
245696,1786553438000.343199,0,0,0,1,0,0,1,0
245697,1786553438001.312182,0,0,0,1,0,0,1,0
245698,1786553438002.316170,0,0,0,1,0,0,1,0
245699,1786553438003.323456,0,0,0,1,0,0,1,0
245700,1786553438004.340344,0,0,0,1,0,0,1,0
245701,1786553438005.334831,0,0,0,1,0,0,1,0
245702,1786553438006.338619,0,0,0,1,0,0,1,0
245703,1786553438007.345608,0,0,0,1,0,0,1,0
245704,1786553438008.352896,0,0,0,1,0,0,1,0
245705,1786553438009.367783,0,0,0,1,0,0,1,0
245706,1786553438010.369570,0,0,0,1,0,0,1,0
245707,1786553438011.378257,0,0,0,1,0,0,1,0
245708,1786553438012.385543,0,0,0,1,0,0,1,0
245709,1786553438013.395332,0,0,0,1,0,0,1,0
245710,1786553438014.402019,0,0,0,1,0,0,1,0
245711,1786553438015.408906,0,0,0,1,0,0,1,0
245712,1786553438016.416193,0,0,0,1,0,0,1,0
245713,1786553438017.423880,0,0,0,1,0,0,1,0
245714,1786553438018.430466,0,0,0,1,0,0,1,0
245715,1786553438019.440254,0,0,0,1,0,0,1,0
245716,1786553438020.447042,0,0,0,1,0,0,1,0
245717,1786553438021.455130,0,0,0,1,0,0,1,0
245718,1786553438022.462818,0,0,0,1,0,0,1,0
245719,1786553438023.471105,0,0,0,1,0,0,1,0
245720,1786553438024.479292,0,0,0,1,0,0,1,0
245721,1786553438025.489681,0,0,0,1,0,0,1,0
245722,1786553438026.494971,0,0,0,1,0,0,1,0
245723,1786553438027.502958,0,0,0,1,0,0,1,0
245724,1786553438028.515847,0,0,0,1,0,0,1,0
245725,1786553438029.522936,0,0,0,1,0,0,1,0
245726,1786553438030.527324,0,0,0,1,0,0,1,0
245727,1786553438031.535611,0,0,0,1,0,0,1,0
245728,1786553438032.542698,0,0,0,1,0,0,1,0
245729,1786553438033.551287,0,0,0,1,0,0,1,0
245730,1786553438034.564474,0,0,0,1,0,0,1,0
245731,1786553438035.570160,0,0,0,1,0,0,1,0
245732,1786553438036.578848,0,0,0,1,0,0,1,0
245733,1786553438037.584936,0,0,0,1,0,0,1,0
245734,1786553438038.594524,0,0,0,1,0,0,1,0
245735,1786553438039.601110,0,0,0,1,0,0,1,0
245736,1786553438040.610298,0,0,0,1,0,0,1,0
245737,1786553438041.636087,0,0,0,1,0,0,1,0
245738,1786553438042.633673,0,0,0,1,0,0,1,0
245739,1786553438043.631760,0,0,0,1,0,0,1,0
245740,1786553438044.978173,0,0,0,1,0,0,1,0
245741,1786553438045.798946,0,0,0,1,0,0,1,0
245742,1786553438046.806033,0,0,0,1,0,0,1,0
245743,1786553438047.813122,0,0,0,1,0,0,1,0
245744,1786553438048.831109,0,0,0,1,0,0,1,0
245745,1786553438049.871000,0,0,0,1,0,0,1,0
245746,1786553438050.851485,0,0,0,1,0,0,1,0
245747,1786553438051.864472,0,0,0,1,0,0,1,0
245748,1786553438052.865957,0,0,0,1,0,0,1,0
245749,1786553438053.874343,0,0,0,1,0,0,1,0
245750,1786553438054.888432,0,0,0,1,0,0,1,0
245751,1786553438055.888317,0,0,0,1,0,0,1,0
245752,1786553438056.901306,0,0,0,1,0,0,1,0
245753,1786553438057.962298,0,0,0,1,0,0,1,0
245754,1786553438058.960284,0,0,0,1,0,0,1,0
245755,1786553438059.973371,0,0,0,1,0,0,1,0
245756,1786553438060.943354,0,0,0,1,0,0,1,0
245757,1786553438061.951142,0,0,0,1,0,0,1,0
245758,1786553438062.956930,0,0,0,1,0,0,1,0
245759,1786553438063.969518,0,0,0,1,0,0,1,0
245760,1786553438064.972206,0,0,0,1,0,0,1,0
245761,1786553438065.979593,0,0,0,1,0,0,1,0
245762,1786553438066.986980,0,0,0,1,0,0,1,0
245763,1786553438067.995369,0,0,0,1,0,0,1,0
245764,1786553438069.003559,0,0,0,1,0,0,1,0
245765,1786553438070.011346,0,0,0,1,0,0,1,0
245766,1786553438071.018232,0,0,0,1,0,0,1,0
245767,1786553438072.026419,0,0,0,1,0,0,1,0
245768,1786553438073.034607,0,0,0,1,0,0,1,0
245769,1786553438074.042096,0,0,0,1,0,0,1,0
245770,1786553438075.053484,0,0,0,1,0,0,1,0
245771,1786553438076.115376,0,0,0,1,0,0,1,0
245772,1786553438077.089960,0,0,0,1,0,0,1,0
245773,1786553438078.105149,0,0,0,1,0,0,1,0
245774,1786553438079.102036,0,0,0,1,0,0,1,0
245775,1786553438080.111923,0,0,0,1,0,0,1,0
245776,1786553438081.118611,0,0,0,1,0,0,1,0
245777,1786553438082.129998,0,0,0,1,0,0,1,0
245778,1786553438083.137686,0,0,0,1,0,0,1,0
245779,1786553438084.145875,0,0,0,1,0,0,1,0
245780,1786553438085.154463,0,0,0,1,0,0,1,0
245781,1786553438086.163251,0,0,0,1,0,0,1,0
245782,1786553438087.173238,0,0,0,1,0,0,1,0
245783,1786553438088.181727,0,0,0,1,0,0,1,0
245784,1786553438089.190514,0,0,0,1,0,0,1,0
245785,1786553438090.533829,0,0,0,1,0,0,1,0
245786,1786553438091.407007,0,0,0,1,0,0,1,0
245787,1786553438092.387593,0,0,0,1,0,0,1,0
245788,1786553438093.390980,0,0,0,1,0,0,1,0
245789,1786553438094.401667,0,0,0,1,0,0,1,0
245790,1786553438095.405855,0,0,0,1,0,0,1,0
245791,1786553438096.411945,0,0,0,1,0,0,1,0
245792,1786553438097.418132,0,0,0,1,0,0,1,0
245793,1786553438098.426321,0,0,0,1,0,0,1,0
245794,1786553438099.433608,0,0,0,1,0,0,1,0
245795,1786553438100.440295,0,0,0,1,0,0,1,0
245796,1786553438101.448282,0,0,0,1,0,0,1,0
245797,1786553438102.457669,0,0,0,1,0,0,1,0
245798,1786553438103.463956,0,0,0,1,0,0,1,0
245799,1786553438104.483643,0,0,0,1,0,0,1,0
245800,1786553438105.497431,0,0,0,1,0,0,1,0
245801,1786553438106.507018,0,0,0,1,0,0,1,0
245802,1786553438107.507004,0,0,0,1,0,0,1,0
245803,1786553438108.516991,0,0,0,1,0,0,1,0
245804,1786553438109.522477,0,0,0,1,0,0,1,0
245805,1786553438110.532065,0,0,0,1,0,0,1,0
245806,1786553438111.538352,0,0,0,1,0,0,1,0
245807,1786553438112.552040,0,0,0,1,0,0,1,0
245808,1786553438113.563128,0,0,0,1,0,0,1,0
245809,1786553438114.572514,0,0,0,1,0,0,1,0
245810,1786553438115.579003,0,0,0,1,0,0,1,0
245811,1786553438116.585991,0,0,0,1,0,0,1,0
245812,1786553438117.593777,0,0,0,1,0,0,1,0
245813,1786553438118.601165,0,0,0,1,0,0,1,0
245814,1786553438119.607853,0,0,0,1,0,0,1,0
245815,1786553438120.616540,0,0,0,1,0,0,1,0
245816,1786553438121.636129,0,0,0,1,0,0,1,0
245817,1786553438122.663018,0,0,0,1,0,0,1,0
245818,1786553438123.670504,0,0,0,1,0,0,1,0
245819,1786553438124.665691,0,0,0,1,0,0,1,0
245820,1786553438125.673977,0,0,0,1,0,0,1,0
245821,1786553438126.680864,0,0,0,1,0,0,1,0
245822,1786553438127.689150,0,0,0,1,0,0,1,0
245823,1786553438128.701039,0,0,0,1,0,0,1,0
245824,1786553438129.708127,0,0,0,1,0,0,1,0
245825,1786553438130.716114,0,0,0,1,0,0,1,0
245826,1786553438131.723102,0,0,0,1,0,0,1,0
245827,1786553438132.732388,0,0,0,1,0,0,1,0
245828,1786553438133.738675,0,0,0,1,0,0,1,0
245829,1786553438134.746561,0,0,0,1,0,0,1,0
245830,1786553438135.775751,0,0,0,1,0,0,1,0
245831,1786553438136.768737,0,0,0,1,0,0,1,0
245832,1786553438137.777726,0,0,0,1,0,0,1,0
245833,1786553438138.811017,0,0,0,1,0,0,1,0
245834,1786553438139.804403,0,0,0,1,0,0,1,0
245835,1786553438140.807390,0,0,0,1,0,0,1,0
245836,1786553438141.825080,0,0,0,1,0,0,1,0
245837,1786553438142.831867,0,0,0,1,0,0,1,0
245838,1786553438143.836855,0,0,0,1,0,0,1,0
245839,1786553438144.851544,0,0,0,1,0,0,1,0
245840,1786553438145.852532,0,0,0,1,0,0,1,0
245841,1786553438146.862820,0,0,0,1,0,0,1,0
245842,1786553438147.871209,0,0,0,1,0,0,1,0
245843,1786553438148.877796,0,0,0,1,0,0,1,0
245844,1786553438149.884184,0,0,0,1,0,0,1,0
245845,1786553438150.890171,0,0,0,1,0,0,1,0
245846,1786553438152.568818,0,0,0,1,0,0,1,0
245847,1786553438153.411291,0,0,0,1,0,0,1,0
245848,1786553438154.416578,0,0,0,1,0,0,1,0
245849,1786553438155.420064,0,0,0,1,0,0,1,0
245850,1786553438156.428850,0,0,0,1,0,0,1,0
245851,1786553438157.431538,0,0,0,1,0,0,1,0
245852,1786553438158.438526,0,0,0,1,0,0,1,0
245853,1786553438159.447215,0,0,0,1,0,0,1,0
245854,1786553438160.458902,0,0,0,1,0,0,1,0
245855,1786553438161.462689,0,0,0,1,0,0,1,0
245856,1786553438162.471377,0,0,0,1,0,0,1,0
245857,1786553438163.478265,0,0,0,1,0,0,1,0
245858,1786553438164.486454,0,0,0,1,0,0,1,0
245859,1786553438165.493442,0,0,0,1,0,0,1,0
245860,1786553438166.507132,0,0,0,1,0,0,1,0
245861,1786553438167.511819,0,0,0,1,0,0,1,0
245862,1786553438168.519406,0,0,0,1,0,0,1,0
245863,1786553438169.528194,0,0,0,1,0,0,1,0
245864,1786553438170.537882,0,0,0,1,0,0,1,0
245865,1786553438171.545668,0,0,0,1,0,0,1,0
245866,1786553438172.555555,0,0,0,1,0,0,1,0
245867,1786553438173.567644,0,0,0,1,0,0,1,0
245868,1786553438174.580332,0,0,0,1,0,0,1,0
245869,1786553438175.590719,0,0,0,1,0,0,1,0
245870,1786553438176.597606,0,0,0,1,0,0,1,0
245871,1786553438177.608893,0,0,0,1,0,0,1,0
245872,1786553438178.614480,0,0,0,1,0,0,1,0
245873,1786553438179.625267,0,0,0,1,0,0,1,0
245874,1786553438180.641356,0,0,0,1,0,0,1,0
245875,1786553438181.763154,0,0,0,1,0,0,1,0
245876,1786553438182.762340,0,0,0,1,0,0,1,0
245877,1786553438183.767627,0,0,0,1,0,0,1,0
245878,1786553438184.790216,0,0,0,1,0,0,1,0
245879,1786553438185.786902,0,0,0,1,0,0,1,0
245880,1786553438186.805390,0,0,0,1,0,0,1,0
245881,1786553438187.840080,0,0,0,1,0,0,1,0
245882,1786553438188.838367,0,0,0,1,0,0,1,0
245883,1786553438189.843354,0,0,0,1,0,0,1,0
245884,1786553438190.851042,0,0,0,1,0,0,1,0
245885,1786553438191.859829,0,0,0,1,0,0,1,0
245886,1786553438192.869519,0,0,0,1,0,0,1,0
245887,1786553438194.025220,0,0,0,1,0,0,1,0
245888,1786553438194.896696,0,0,0,1,0,0,1,0
245889,1786553438195.899283,0,0,0,1,0,0,1,0
245890,1786553438196.910670,0,0,0,1,0,0,1,0
245891,1786553438197.918258,0,0,0,1,0,0,1,0
245892,1786553438198.923944,0,0,0,1,0,0,1,0
245893,1786553438199.933832,0,0,0,1,0,0,1,0
245894,1786553438200.941320,0,0,0,1,0,0,1,0
245895,1786553438201.948908,0,0,0,1,0,0,1,0
245896,1786553438202.953495,0,0,0,1,0,0,1,0
245897,1786553438203.970183,0,0,0,1,0,0,1,0
245898,1786553438204.972170,0,0,0,1,0,0,1,0
245899,1786553438205.978660,0,0,0,1,0,0,1,0
245900,1786553438206.984546,0,0,0,1,0,0,1,0
245901,1786553438207.993834,0,0,0,1,0,0,1,0
245902,1786553438209.002322,0,0,0,1,0,0,1,0
245903,1786553438210.011710,0,0,0,1,0,0,1,0
245904,1786553438211.020899,0,0,0,1,0,0,1,0
245905,1786553438212.029686,0,0,0,1,0,0,1,0
245906,1786553438213.080576,0,0,0,1,0,0,1,0
245907,1786553438214.085165,0,0,0,1,0,0,1,0
245908,1786553438215.096751,0,0,0,1,0,0,1,0
245909,1786553438216.094038,0,0,0,1,0,0,1,0
245910,1786553438217.102527,0,0,0,1,0,0,1,0
245911,1786553438218.108314,0,0,0,1,0,0,1,0
245912,1786553438219.127503,0,0,0,1,0,0,1,0
245913,1786553438220.129990,0,0,0,1,0,0,1,0
245914,1786553438221.137077,0,0,0,1,0,0,1,0
245915,1786553438222.145265,0,0,0,1,0,0,1,0
245916,1786553438223.154953,0,0,0,1,0,0,1,0
245917,1786553438224.162739,0,0,0,1,0,0,1,0
245918,1786553438225.171627,0,0,0,1,0,0,1,0
245919,1786553438226.185514,0,0,0,1,0,0,1,0
245920,1786553438227.198804,0,0,0,1,0,0,1,0
245921,1786553438228.199890,0,0,0,1,0,0,1,0
245922,1786553438229.201476,0,0,0,1,0,0,1,0
245923,1786553438230.210265,0,0,0,1,0,0,1,0
245924,1786553438231.213754,0,0,0,1,0,0,1,0
245925,1786553438232.224642,0,0,0,1,0,0,1,0
245926,1786553438233.230430,0,0,0,1,0,0,1,0
245927,1786553438234.238718,0,0,0,1,0,0,1,0
245928,1786553438235.259908,0,0,0,1,0,0,1,0
245929,1786553438236.265195,0,0,0,1,0,0,1,0
245930,1786553438237.271283,0,0,0,1,0,0,1,0
245931,1786553438238.280072,0,0,0,1,0,0,1,0
245932,1786553438239.285959,0,0,0,1,0,0,1,0
245933,1786553438240.295348,0,0,0,1,0,0,1,0
245934,1786553438241.302835,0,0,0,1,0,0,1,0
245935,1786553438242.621952,0,0,0,1,0,0,1,0
245936,1786553438243.387718,0,0,0,1,0,0,1,0
245937,1786553438244.352302,0,0,0,1,0,0,1,0
245938,1786553438245.355191,0,0,0,1,0,0,1,0
245939,1786553438246.362978,0,0,0,1,0,0,1,0
245940,1786553438247.374666,0,0,0,1,0,0,1,0
245941,1786553438248.383253,0,0,0,1,0,0,1,0
245942,1786553438249.390538,0,0,0,1,0,0,1,0
245943,1786553438250.398224,0,0,0,1,0,0,1,0
245944,1786553438251.417513,0,0,0,1,0,0,1,0
245945,1786553438252.421701,0,0,0,1,0,0,1,0
245946,1786553438253.426487,0,0,0,1,0,0,1,0
245947,1786553438254.433375,0,0,0,1,0,0,1,0
245948,1786553438255.442463,0,0,0,1,0,0,1,0
245949,1786553438256.450049,0,0,0,1,0,0,1,0
245950,1786553438257.461036,0,0,0,1,0,0,1,0
245951,1786553438258.469922,0,0,0,1,0,0,1,0
245952,1786553438259.473008,0,0,0,1,0,0,1,0
245953,1786553438260.482595,0,0,0,1,0,0,1,0
245954,1786553438261.490483,0,0,0,1,0,0,1,0
245955,1786553438262.499371,0,0,0,1,0,0,1,0
245956,1786553438263.506359,0,0,0,1,0,0,1,0
245957,1786553438264.515147,0,0,0,1,0,0,1,0
245958,1786553438265.523934,0,0,0,1,0,0,1,0
245959,1786553438266.531421,0,0,0,1,0,0,1,0
245960,1786553438267.542308,0,0,0,1,0,0,1,0
245961,1786553438268.549198,0,0,0,1,0,0,1,0
245962,1786553438269.561786,0,0,0,1,0,0,1,0
245963,1786553438270.569573,0,0,0,1,0,0,1,0
245964,1786553438271.576960,0,0,0,1,0,0,1,0
245965,1786553438272.598449,0,0,0,1,0,0,1,0
245966,1786553438273.598035,0,0,0,1,0,0,1,0
245967,1786553438274.605524,0,0,0,1,0,0,1,0
245968,1786553438275.612110,0,0,0,1,0,0,1,0
245969,1786553438276.620597,0,0,0,1,0,0,1,0
245970,1786553438277.627985,0,0,0,1,0,0,1,0
245971,1786553438278.636973,0,0,0,1,0,0,1,0
245972,1786553438279.646061,0,0,0,1,0,0,1,0
245973,1786553438280.651648,0,0,0,1,0,0,1,0
245974,1786553438281.661036,0,0,0,1,0,0,1,0
245975,1786553438282.669423,0,0,0,1,0,0,1,0
245976,1786553438283.676912,0,0,0,1,0,0,1,0
245977,1786553438284.706402,0,0,0,1,0,0,1,0
245978,1786553438285.702287,0,0,0,1,0,0,1,0
245979,1786553438286.711977,0,0,0,1,0,0,1,0
245980,1786553438288.180407,0,0,0,1,0,0,1,0
245981,1786553438288.900670,0,0,0,1,0,0,1,0
245982,1786553438289.957163,0,0,0,1,0,0,1,0
245983,1786553438290.917945,0,0,0,1,0,0,1,0
245984,1786553438291.920332,0,0,0,1,0,0,1,0
245985,1786553438292.929521,0,0,0,1,0,0,1,0
245986,1786553438294.077120,0,0,0,1,0,0,1,0
245987,1786553438294.950196,0,0,0,1,0,0,1,0
245988,1786553438295.958182,0,0,0,1,0,0,1,0
245989,1786553438296.964772,0,0,0,1,0,0,1,0
245990,1786553438297.970959,0,0,0,1,0,0,1,0
245991,1786553438298.976545,0,0,0,1,0,0,1,0
245992,1786553438299.984334,0,0,0,1,0,0,1,0
245993,1786553438300.999721,0,0,0,1,0,0,1,0
245994,1786553438302.004607,0,0,0,1,0,0,1,0
245995,1786553438303.050399,0,0,0,1,0,0,1,0
245996,1786553438304.022383,0,0,0,1,0,0,1,0
245997,1786553438305.036069,0,0,0,1,0,0,1,0
245998,1786553438306.041056,0,0,0,1,0,0,1,0
245999,1786553438307.048242,0,0,0,1,0,0,1,0
246000,1786553438308.056230,0,0,0,1,0,0,1,0
246001,1786553438309.064618,0,0,0,1,0,0,1,0
246002,1786553438310.072006,0,0,0,1,0,0,1,0
246003,1786553438311.080893,0,0,0,1,0,0,1,0
246004,1786553438312.088881,0,0,0,1,0,0,1,0
246005,1786553438313.096970,0,0,0,1,0,0,1,0
246006,1786553438314.105057,0,0,0,1,0,0,1,0
246007,1786553438315.113244,0,0,0,1,0,0,1,0
246008,1786553438316.125132,0,0,0,1,0,0,1,0
246009,1786553438317.135920,0,0,0,1,0,0,1,0
246010,1786553438318.146809,0,0,0,1,0,0,1,0
246011,1786553438319.150195,0,0,0,1,0,0,1,0
246012,1786553438320.155782,0,0,0,1,0,0,1,0
246013,1786553438321.163569,0,0,0,1,0,0,1,0
246014,1786553438322.171558,0,0,0,1,0,0,1,0
246015,1786553438323.179245,0,0,0,1,0,0,1,0
246016,1786553438324.187333,0,0,0,1,0,0,1,0
246017,1786553438325.207621,0,0,0,1,0,0,1,0
246018,1786553438326.210907,0,0,0,1,0,0,1,0
246019,1786553438327.210394,0,0,0,1,0,0,1,0
246020,1786553438328.218782,0,0,0,1,0,0,1,0
246021,1786553438329.225271,0,0,0,1,0,0,1,0
246022,1786553438330.233759,0,0,0,1,0,0,1,0
246023,1786553438331.242748,0,0,0,1,0,0,1,0
246024,1786553438332.252536,0,0,0,1,0,0,1,0
246025,1786553438333.284327,0,0,0,1,0,0,1,0
246026,1786553438334.271712,0,0,0,1,0,0,1,0
246027,1786553438335.278799,0,0,0,1,0,0,1,0
246028,1786553438336.285587,0,0,0,1,0,0,1,0
246029,1786553438337.294475,0,0,0,1,0,0,1,0
246030,1786553438338.301063,0,0,0,1,0,0,1,0
246031,1786553438339.309650,0,0,0,1,0,0,1,0
246032,1786553438340.320838,0,0,0,1,0,0,1,0
246033,1786553438341.326227,0,0,0,1,0,0,1,0
246034,1786553438342.334413,0,0,0,1,0,0,1,0
246035,1786553438343.341100,0,0,0,1,0,0,1,0
246036,1786553438344.352687,0,0,0,1,0,0,1,0
246037,1786553438345.360676,0,0,0,1,0,0,1,0
246038,1786553438346.366462,0,0,0,1,0,0,1,0
246039,1786553438347.944198,0,0,0,1,0,0,1,0
246040,1786553438348.791471,0,0,0,1,0,0,1,0
246041,1786553438349.789358,0,0,0,1,0,0,1,0
246042,1786553438350.798144,0,0,0,1,0,0,1,0
246043,1786553438351.804632,0,0,0,1,0,0,1,0
246044,1786553438352.809819,0,0,0,1,0,0,1,0
246045,1786553438353.829108,0,0,0,1,0,0,1,0
246046,1786553438354.846296,0,0,0,1,0,0,1,0
246047,1786553438355.842083,0,0,0,1,0,0,1,0
246048,1786553438356.850971,0,0,0,1,0,0,1,0
246049,1786553438357.863659,0,0,0,1,0,0,1,0
246050,1786553438358.868247,0,0,0,1,0,0,1,0
246051,1786553438359.875333,0,0,0,1,0,0,1,0
246052,1786553438360.906823,0,0,0,1,0,0,1,0
246053,1786553438361.899910,0,0,0,1,0,0,1,0
246054,1786553438362.899797,0,0,0,1,0,0,1,0
246055,1786553438363.920986,0,0,0,1,0,0,1,0
246056,1786553438364.975878,0,0,0,1,0,0,1,0
246057,1786553438365.952463,0,0,0,1,0,0,1,0
246058,1786553438366.945349,0,0,0,1,0,0,1,0
246059,1786553438367.954338,0,0,0,1,0,0,1,0
246060,1786553438368.962425,0,0,0,1,0,0,1,0
246061,1786553438369.970912,0,0,0,1,0,0,1,0
246062,1786553438370.975998,0,0,0,1,0,0,1,0
246063,1786553438371.984186,0,0,0,1,0,0,1,0
246064,1786553438372.996973,0,0,0,1,0,0,1,0
246065,1786553438374.003261,0,0,0,1,0,0,1,0
246066,1786553438375.013048,0,0,0,1,0,0,1,0
246067,1786553438376.041536,0,0,0,1,0,0,1,0
246068,1786553438377.037722,0,0,0,1,0,0,1,0
246069,1786553438378.043210,0,0,0,1,0,0,1,0
246070,1786553438379.052498,0,0,0,1,0,0,1,0
246071,1786553438380.060186,0,0,0,1,0,0,1,0
246072,1786553438381.080574,0,0,0,1,0,0,1,0
246073,1786553438382.081160,0,0,0,1,0,0,1,0
246074,1786553438383.089346,0,0,0,1,0,0,1,0
246075,1786553438384.097233,0,0,0,1,0,0,1,0
246076,1786553438385.106821,0,0,0,1,0,0,1,0
246077,1786553438386.114708,0,0,0,1,0,0,1,0
246078,1786553438387.123996,0,0,0,1,0,0,1,0
246079,1786553438388.134785,0,0,0,1,0,0,1,0
246080,1786553438389.142473,0,0,0,1,0,0,1,0
246081,1786553438390.149861,0,0,0,1,0,0,1,0
246082,1786553438391.159750,0,0,0,1,0,0,1,0
246083,1786553438392.176138,0,0,0,1,0,0,1,0
246084,1786553438393.220727,0,0,0,1,0,0,1,0
246085,1786553438394.287220,0,0,0,1,0,0,1,0
246086,1786553438395.295209,0,0,0,1,0,0,1,0
246087,1786553438396.272094,0,0,0,1,0,0,1,0
246088,1786553438397.288583,0,0,0,1,0,0,1,0
246089,1786553438398.294069,0,0,0,1,0,0,1,0
246090,1786553438399.302257,0,0,0,1,0,0,1,0
246091,1786553438400.309644,0,0,0,1,0,0,1,0
246092,1786553438401.327030,0,0,0,1,0,0,1,0
246093,1786553438402.345417,0,0,0,1,0,0,1,0
246094,1786553438403.340305,0,0,0,1,0,0,1,0
246095,1786553438404.345593,0,0,0,1,0,0,1,0
246096,1786553438405.353981,0,0,0,1,0,0,1,0
246097,1786553438406.363566,0,0,0,1,0,0,1,0
246098,1786553438407.373654,0,0,0,1,0,0,1,0
246099,1786553438408.401043,0,0,0,1,0,0,1,0
246100,1786553438409.397729,0,0,0,1,0,0,1,0
246101,1786553438410.401816,0,0,0,1,0,0,1,0
246102,1786553438411.411204,0,0,0,1,0,0,1,0
246103,1786553438412.419591,0,0,0,1,0,0,1,0
246104,1786553438413.428379,0,0,0,1,0,0,1,0
246105,1786553438414.443267,0,0,0,1,0,0,1,0
246106,1786553438415.447854,0,0,0,1,0,0,1,0
246107,1786553438416.454040,0,0,0,1,0,0,1,0
246108,1786553438417.464128,0,0,0,1,0,0,1,0
246109,1786553438418.471916,0,0,0,1,0,0,1,0
246110,1786553438419.479004,0,0,0,1,0,0,1,0
246111,1786553438420.485692,0,0,0,1,0,0,1,0
246112,1786553438421.497081,0,0,0,1,0,0,1,0
246113,1786553438422.502769,0,0,0,1,0,0,1,0
246114,1786553438423.510656,0,0,0,1,0,0,1,0
246115,1786553438424.600653,0,0,0,1,0,0,1,0
246116,1786553438425.625444,0,0,0,1,0,0,1,0
246117,1786553438426.632231,0,0,0,1,0,0,1,0
246118,1786553438427.637818,0,0,0,1,0,0,1,0
246119,1786553438428.650909,0,0,0,1,0,0,1,0
246120,1786553438429.655095,0,0,0,1,0,0,1,0
246121,1786553438430.668082,0,0,0,1,0,0,1,0
246122,1786553438431.681169,0,0,0,1,0,0,1,0
246123,1786553438432.689157,0,0,0,1,0,0,1,0
246124,1786553438433.705644,0,0,0,1,0,0,1,0
246125,1786553438434.717632,0,0,0,1,0,0,1,0
246126,1786553438435.715418,0,0,0,1,0,0,1,0
246127,1786553438436.718806,0,0,0,1,0,0,1,0
246128,1786553438437.720693,0,0,0,1,0,0,1,0
246129,1786553438438.755482,0,0,0,1,0,0,1,0
246130,1786553438439.762270,0,0,0,1,0,0,1,0
246131,1786553438440.742754,0,0,0,1,0,0,1,0
246132,1786553438441.748341,0,0,0,1,0,0,1,0
246133,1786553438442.756327,0,0,0,1,0,0,1,0
246134,1786553438443.762514,0,0,0,1,0,0,1,0
246135,1786553438444.787603,0,0,0,1,0,0,1,0
246136,1786553438445.793189,0,0,0,1,0,0,1,0
246137,1786553438446.796678,0,0,0,1,0,0,1,0
246138,1786553438447.803065,0,0,0,1,0,0,1,0
246139,1786553438448.812051,0,0,0,1,0,0,1,0
246140,1786553438449.828940,0,0,0,1,0,0,1,0
246141,1786553438450.838027,0,0,0,1,0,0,1,0
246142,1786553438451.844614,0,0,0,1,0,0,1,0
246143,1786553438452.853402,0,0,0,1,0,0,1,0
246144,1786553438453.874392,0,0,0,1,0,0,1,0
246145,1786553438454.911082,0,0,0,1,0,0,1,0
246146,1786553438455.910767,0,0,0,1,0,0,1,0
246147,1786553438456.899753,0,0,0,1,0,0,1,0
246148,1786553438457.906141,0,0,0,1,0,0,1,0
246149,1786553438458.912029,0,0,0,1,0,0,1,0
246150,1786553438459.920216,0,0,0,1,0,0,1,0
246151,1786553438460.930204,0,0,0,1,0,0,1,0
246152,1786553438461.950993,0,0,0,1,0,0,1,0
246153,1786553438462.950181,0,0,0,1,0,0,1,0
246154,1786553438463.959968,0,0,0,1,0,0,1,0
246155,1786553438464.970055,0,0,0,1,0,0,1,0
246156,1786553438465.978641,0,0,0,1,0,0,1,0
246157,1786553438466.983027,0,0,0,1,0,0,1,0
246158,1786553438467.996115,0,0,0,1,0,0,1,0
246159,1786553438469.003301,0,0,0,1,0,0,1,0
246160,1786553438470.026391,0,0,0,1,0,0,1,0
246161,1786553438471.026478,0,0,0,1,0,0,1,0
246162,1786553438472.033665,0,0,0,1,0,0,1,0
246163,1786553438473.041853,0,0,0,1,0,0,1,0
246164,1786553438474.052441,0,0,0,1,0,0,1,0
246165,1786553438475.061928,0,0,0,1,0,0,1,0
246166,1786553438476.071915,0,0,0,1,0,0,1,0
246167,1786553438477.079003,0,0,0,1,0,0,1,0
246168,1786553438478.096690,0,0,0,1,0,0,1,0
246169,1786553438479.100778,0,0,0,1,0,0,1,0
246170,1786553438480.110166,0,0,0,1,0,0,1,0
246171,1786553438481.118354,0,0,0,1,0,0,1,0
246172,1786553438482.127742,0,0,0,1,0,0,1,0
246173,1786553438483.136930,0,0,0,1,0,0,1,0
246174,1786553438484.145017,0,0,0,1,0,0,1,0
246175,1786553438485.163908,0,0,0,1,0,0,1,0
246176,1786553438486.184295,0,0,0,1,0,0,1,0
246177,1786553438487.176681,0,0,0,1,0,0,1,0
246178,1786553438488.215971,0,0,0,1,0,0,1,0
246179,1786553438489.270863,0,0,0,1,0,0,1,0
246180,1786553438490.194943,0,0,0,1,0,0,1,0
246181,1786553438491.200129,0,0,0,1,0,0,1,0
246182,1786553438492.206517,0,0,0,1,0,0,1,0
246183,1786553438493.215305,0,0,0,1,0,0,1,0
246184,1786553438494.237395,0,0,0,1,0,0,1,0
246185,1786553438495.286386,0,0,0,1,0,0,1,0
246186,1786553438496.267671,0,0,0,1,0,0,1,0
246187,1786553438497.266857,0,0,0,1,0,0,1,0
246188,1786553438498.275346,0,0,0,1,0,0,1,0
246189,1786553438499.288833,0,0,0,1,0,0,1,0
246190,1786553438500.298920,0,0,0,1,0,0,1,0
246191,1786553438501.312610,0,0,0,1,0,0,1,0
246192,1786553438502.318498,0,0,0,1,0,0,1,0
246193,1786553438503.326786,0,0,0,1,0,0,1,0
246194,1786553438504.335874,0,0,0,1,0,0,1,0
246195,1786553438505.346562,0,0,0,1,0,0,1,0
246196,1786553438506.353251,0,0,0,1,0,0,1,0
246197,1786553438507.362639,0,0,0,1,0,0,1,0
246198,1786553438508.372027,0,0,0,1,0,0,1,0
246199,1786553438509.381214,0,0,0,1,0,0,1,0
246200,1786553438510.390602,0,0,0,1,0,0,1,0
246201,1786553438511.398988,0,0,0,1,0,0,1,0
246202,1786553438512.408776,0,0,0,1,0,0,1,0
246203,1786553438513.417765,0,0,0,1,0,0,1,0
246204,1786553438514.428653,0,0,0,1,0,0,1,0
246205,1786553438515.436140,0,0,0,1,0,0,1,0
246206,1786553438516.885764,0,0,0,1,0,0,1,0
246207,1786553438517.874448,0,0,0,1,0,0,1,0
246208,1786553438518.902539,0,0,0,1,0,0,1,0
246209,1786553438519.897125,0,0,0,1,0,0,1,0
246210,1786553438520.902213,0,0,0,1,0,0,1,0
246211,1786553438521.906000,0,0,0,1,0,0,1,0
246212,1786553438522.918287,0,0,0,1,0,0,1,0
246213,1786553438523.922974,0,0,0,1,0,0,1,0
246214,1786553438524.941763,0,0,0,1,0,0,1,0
246215,1786553438525.940851,0,0,0,1,0,0,1,0
246216,1786553438526.957839,0,0,0,1,0,0,1,0
246217,1786553438527.967629,0,0,0,1,0,0,1,0
246218,1786553438528.972717,0,0,0,1,0,0,1,0
246219,1786553438529.981405,0,0,0,1,0,0,1,0
246220,1786553438530.988892,0,0,0,1,0,0,1,0
246221,1786553438532.016980,0,0,0,1,0,0,1,0
246222,1786553438533.009766,0,0,0,1,0,0,1,0
246223,1786553438534.020554,0,0,0,1,0,0,1,0
246224,1786553438535.027642,0,0,0,1,0,0,1,0
246225,1786553438536.035029,0,0,0,1,0,0,1,0
246226,1786553438537.043917,0,0,0,1,0,0,1,0
246227,1786553438538.052104,0,0,0,1,0,0,1,0
246228,1786553438539.072493,0,0,0,1,0,0,1,0
246229,1786553438540.074880,0,0,0,1,0,0,1,0
246230,1786553438541.079067,0,0,0,1,0,0,1,0
246231,1786553438542.088354,0,0,0,1,0,0,1,0
246232,1786553438543.096341,0,0,0,1,0,0,1,0
246233,1786553438544.104929,0,0,0,1,0,0,1,0
246234,1786553438545.112816,0,0,0,1,0,0,1,0
246235,1786553438546.121304,0,0,0,1,0,0,1,0
246236,1786553438547.148593,0,0,0,1,0,0,1,0
246237,1786553438548.158581,0,0,0,1,0,0,1,0
246238,1786553438549.152067,0,0,0,1,0,0,1,0
246239,1786553438550.156556,0,0,0,1,0,0,1,0
246240,1786553438551.162542,0,0,0,1,0,0,1,0
246241,1786553438552.166428,0,0,0,1,0,0,1,0
246242,1786553438553.172615,0,0,0,1,0,0,1,0
246243,1786553438554.177603,0,0,0,1,0,0,1,0
246244,1786553438555.182890,0,0,0,1,0,0,1,0
246245,1786553438556.190277,0,0,0,1,0,0,1,0
246246,1786553438557.197965,0,0,0,1,0,0,1,0
246247,1786553438558.205251,0,0,0,1,0,0,1,0
246248,1786553438559.241640,0,0,0,1,0,0,1,0
246249,1786553438560.239927,0,0,0,1,0,0,1,0
246250,1786553438561.231113,0,0,0,1,0,0,1,0
246251,1786553438562.262705,0,0,0,1,0,0,1,0
246252,1786553438563.255091,0,0,0,1,0,0,1,0
246253,1786553438564.258977,0,0,0,1,0,0,1,0
246254,1786553438565.266963,0,0,0,1,0,0,1,0
246255,1786553438566.274252,0,0,0,1,0,0,1,0
246256,1786553438567.281938,0,0,0,1,0,0,1,0
246257,1786553438568.290326,0,0,0,1,0,0,1,0
246258,1786553438569.298413,0,0,0,1,0,0,1,0
246259,1786553438570.306300,0,0,0,1,0,0,1,0
246260,1786553438571.313287,0,0,0,1,0,0,1,0
246261,1786553438572.320277,0,0,0,1,0,0,1,0
246262,1786553438573.327965,0,0,0,1,0,0,1,0
246263,1786553438574.338050,0,0,0,1,0,0,1,0
246264,1786553438575.344537,0,0,0,1,0,0,1,0
246265,1786553438576.360126,0,0,0,1,0,0,1,0
246266,1786553438577.732446,0,0,0,1,0,0,1,0
246267,1786553438578.386303,0,0,0,1,0,0,1,0
246268,1786553438579.384790,0,0,0,1,0,0,1,0
246269,1786553438580.391178,0,0,0,1,0,0,1,0
246270,1786553438581.399468,0,0,0,1,0,0,1,0
246271,1786553438582.407156,0,0,0,1,0,0,1,0
246272,1786553438583.414644,0,0,0,1,0,0,1,0
246273,1786553438584.422232,0,0,0,1,0,0,1,0
246274,1786553438585.430519,0,0,0,1,0,0,1,0
246275,1786553438586.460908,0,0,0,1,0,0,1,0
246276,1786553438587.446993,0,0,0,1,0,0,1,0
246277,1786553438588.454282,0,0,0,1,0,0,1,0
246278,1786553438589.462068,0,0,0,1,0,0,1,0
246279,1786553438590.483257,0,0,0,1,0,0,1,0
246280,1786553438591.477944,0,0,0,1,0,0,1,0
246281,1786553438592.498034,0,0,0,1,0,0,1,0
246282,1786553438593.511523,0,0,0,1,0,0,1,0
246283,1786553438594.510009,0,0,0,1,0,0,1,0
246284,1786553438595.519396,0,0,0,1,0,0,1,0
246285,1786553438596.522584,0,0,0,1,0,0,1,0
246286,1786553438597.529270,0,0,0,1,0,0,1,0
246287,1786553438598.536457,0,0,0,1,0,0,1,0
246288,1786553438599.543945,0,0,0,1,0,0,1,0
246289,1786553438600.551733,0,0,0,1,0,0,1,0
246290,1786553438601.561521,0,0,0,1,0,0,1,0
246291,1786553438602.570409,0,0,0,1,0,0,1,0
246292,1786553438603.577395,0,0,0,1,0,0,1,0
246293,1786553438604.585281,0,0,0,1,0,0,1,0
246294,1786553438605.593068,0,0,0,1,0,0,1,0
246295,1786553438606.601355,0,0,0,1,0,0,1,0
246296,1786553438607.932471,0,0,0,1,0,0,1,0
246297,1786553438608.915858,0,0,0,1,0,0,1,0
246298,1786553438609.905143,0,0,0,1,0,0,1,0
246299,1786553438610.908329,0,0,0,1,0,0,1,0
246300,1786553438611.916117,0,0,0,1,0,0,1,0
246301,1786553438612.925306,0,0,0,1,0,0,1,0
246302,1786553438613.931292,0,0,0,1,0,0,1,0
246303,1786553438614.942280,0,0,0,1,0,0,1,0
246304,1786553438615.949866,0,0,0,1,0,0,1,0
246305,1786553438616.958755,0,0,0,1,0,0,1,0
246306,1786553438617.967843,0,0,0,1,0,0,1,0
246307,1786553438618.974830,0,0,0,1,0,0,1,0
246308,1786553438619.985618,0,0,0,1,0,0,1,0
246309,1786553438620.990806,0,0,0,1,0,0,1,0
246310,1786553438622.009294,0,0,0,1,0,0,1,0
246311,1786553438623.021382,0,0,0,1,0,0,1,0
246312,1786553438624.031871,0,0,0,1,0,0,1,0
246313,1786553438625.064161,0,0,0,1,0,0,1,0
246314,1786553438626.059747,0,0,0,1,0,0,1,0
246315,1786553438627.051532,0,0,0,1,0,0,1,0
246316,1786553438628.059219,0,0,0,1,0,0,1,0
246317,1786553438629.065104,0,0,0,1,0,0,1,0
246318,1786553438630.074392,0,0,0,1,0,0,1,0
246319,1786553438631.081580,0,0,0,1,0,0,1,0
246320,1786553438632.090268,0,0,0,1,0,0,1,0
246321,1786553438633.096854,0,0,0,1,0,0,1,0
246322,1786553438634.104942,0,0,0,1,0,0,1,0
246323,1786553438635.114529,0,0,0,1,0,0,1,0
246324,1786553438636.122015,0,0,0,1,0,0,1,0
246325,1786553438637.172107,0,0,0,1,0,0,1,0
246326,1786553438638.196794,0,0,0,1,0,0,1,0
246327,1786553438639.165278,0,0,0,1,0,0,1,0
246328,1786553438640.167267,0,0,0,1,0,0,1,0
246329,1786553438641.177155,0,0,0,1,0,0,1,0
246330,1786553438642.180342,0,0,0,1,0,0,1,0
246331,1786553438643.190428,0,0,0,1,0,0,1,0
246332,1786553438644.196817,0,0,0,1,0,0,1,0
246333,1786553438645.207603,0,0,0,1,0,0,1,0
246334,1786553438646.212191,0,0,0,1,0,0,1,0
246335,1786553438647.223279,0,0,0,1,0,0,1,0
246336,1786553438648.227467,0,0,0,1,0,0,1,0
246337,1786553438649.236954,0,0,0,1,0,0,1,0
246338,1786553438650.250642,0,0,0,1,0,0,1,0
246339,1786553438651.255628,0,0,0,1,0,0,1,0
246340,1786553438652.288117,0,0,0,1,0,0,1,0
246341,1786553438653.280504,0,0,0,1,0,0,1,0
246342,1786553438654.284591,0,0,0,1,0,0,1,0
246343,1786553438655.292278,0,0,0,1,0,0,1,0
246344,1786553438656.299166,0,0,0,1,0,0,1,0
246345,1786553438657.310653,0,0,0,1,0,0,1,0
246346,1786553438658.316040,0,0,0,1,0,0,1,0
246347,1786553438659.323829,0,0,0,1,0,0,1,0
246348,1786553438660.330418,0,0,0,1,0,0,1,0
246349,1786553438661.340005,0,0,0,1,0,0,1,0
246350,1786553438662.346893,0,0,0,1,0,0,1,0
246351,1786553438663.355679,0,0,0,1,0,0,1,0
246352,1786553438664.363568,0,0,0,1,0,0,1,0
246353,1786553438665.372456,0,0,0,1,0,0,1,0
246354,1786553438666.378844,0,0,0,1,0,0,1,0
246355,1786553438667.387532,0,0,0,1,0,0,1,0
246356,1786553438668.768851,0,0,0,1,0,0,1,0
246357,1786553438669.489115,0,0,0,1,0,0,1,0
246358,1786553438670.489602,0,0,0,1,0,0,1,0
246359,1786553438671.496589,0,0,0,1,0,0,1,0
246360,1786553438672.512176,0,0,0,1,0,0,1,0
246361,1786553438673.518462,0,0,0,1,0,0,1,0
246362,1786553438674.525951,0,0,0,1,0,0,1,0
246363,1786553438675.532637,0,0,0,1,0,0,1,0
246364,1786553438676.540025,0,0,0,1,0,0,1,0
246365,1786553438677.546914,0,0,0,1,0,0,1,0
246366,1786553438678.559602,0,0,0,1,0,0,1,0
246367,1786553438679.580691,0,0,0,1,0,0,1,0
246368,1786553438680.574678,0,0,0,1,0,0,1,0
246369,1786553438681.582665,0,0,0,1,0,0,1,0
246370,1786553438682.594852,0,0,0,1,0,0,1,0
246371,1786553438683.600738,0,0,0,1,0,0,1,0
246372,1786553438684.608025,0,0,0,1,0,0,1,0
246373,1786553438685.615710,0,0,0,1,0,0,1,0
246374,1786553438686.624397,0,0,0,1,0,0,1,0
246375,1786553438687.632484,0,0,0,1,0,0,1,0
246376,1786553438688.647573,0,0,0,1,0,0,1,0
246377,1786553438689.651661,0,0,0,1,0,0,1,0
246378,1786553438690.660352,0,0,0,1,0,0,1,0
246379,1786553438691.667339,0,0,0,1,0,0,1,0
246380,1786553438692.675926,0,0,0,1,0,0,1,0
246381,1786553438693.683913,0,0,0,1,0,0,1,0
246382,1786553438694.697302,0,0,0,1,0,0,1,0
246383,1786553438695.702090,0,0,0,1,0,0,1,0
246384,1786553438696.711078,0,0,0,1,0,0,1,0
246385,1786553438697.724267,0,0,0,1,0,0,1,0
246386,1786553438698.730654,0,0,0,1,0,0,1,0
246387,1786553438699.739039,0,0,0,1,0,0,1,0
246388,1786553438700.745227,0,0,0,1,0,0,1,0
246389,1786553438701.753514,0,0,0,1,0,0,1,0
246390,1786553438702.760203,0,0,0,1,0,0,1,0
246391,1786553438703.768491,0,0,0,1,0,0,1,0
246392,1786553438704.786982,0,0,0,1,0,0,1,0
246393,1786553438705.809070,0,0,0,1,0,0,1,0
246394,1786553438706.807757,0,0,0,1,0,0,1,0
246395,1786553438707.809543,0,0,0,1,0,0,1,0
246396,1786553438708.830432,0,0,0,1,0,0,1,0
246397,1786553438709.835420,0,0,0,1,0,0,1,0
246398,1786553438710.840808,0,0,0,1,0,0,1,0
246399,1786553438711.848096,0,0,0,1,0,0,1,0
246400,1786553438712.864184,0,0,0,1,0,0,1,0
246401,1786553438713.869672,0,0,0,1,0,0,1,0
246402,1786553438714.886660,0,0,0,1,0,0,1,0
246403,1786553438715.882446,0,0,0,1,0,0,1,0
246404,1786553438716.887533,0,0,0,1,0,0,1,0
246405,1786553438717.899621,0,0,0,1,0,0,1,0
246406,1786553438718.906710,0,0,0,1,0,0,1,0
246407,1786553438719.915097,0,0,0,1,0,0,1,0
246408,1786553438720.922684,0,0,0,1,0,0,1,0
246409,1786553438721.943573,0,0,0,1,0,0,1,0
246410,1786553438722.946659,0,0,0,1,0,0,1,0
246411,1786553438723.951148,0,0,0,1,0,0,1,0
246412,1786553438724.959336,0,0,0,1,0,0,1,0
246413,1786553438725.966424,0,0,0,1,0,0,1,0
246414,1786553438726.973511,0,0,0,1,0,0,1,0
246415,1786553438727.985098,0,0,0,1,0,0,1,0
246416,1786553438729.004685,0,0,0,1,0,0,1,0
246417,1786553438729.998772,0,0,0,1,0,0,1,0
246418,1786553438731.004960,0,0,0,1,0,0,1,0
246419,1786553438732.010947,0,0,0,1,0,0,1,0
246420,1786553438733.017936,0,0,0,1,0,0,1,0
246421,1786553438734.025722,0,0,0,1,0,0,1,0
246422,1786553438735.034210,0,0,0,1,0,0,1,0
246423,1786553438736.041595,0,0,0,1,0,0,1,0
246424,1786553438737.050985,0,0,0,1,0,0,1,0
246425,1786553438738.065873,0,0,0,1,0,0,1,0
246426,1786553438739.071260,0,0,0,1,0,0,1,0
246427,1786553438740.076248,0,0,0,1,0,0,1,0
246428,1786553438741.083636,0,0,0,1,0,0,1,0
246429,1786553438742.091725,0,0,0,1,0,0,1,0
246430,1786553438743.099611,0,0,0,1,0,0,1,0
246431,1786553438744.114999,0,0,0,1,0,0,1,0
246432,1786553438745.118987,0,0,0,1,0,0,1,0
246433,1786553438746.126073,0,0,0,1,0,0,1,0
246434,1786553438747.134661,0,0,0,1,0,0,1,0
246435,1786553438748.145247,0,0,0,1,0,0,1,0
246436,1786553438749.153934,0,0,0,1,0,0,1,0
246437,1786553438750.162721,0,0,0,1,0,0,1,0
246438,1786553438751.169010,0,0,0,1,0,0,1,0
246439,1786553438752.179199,0,0,0,1,0,0,1,0
246440,1786553438753.188685,0,0,0,1,0,0,1,0
246441,1786553438754.211175,0,0,0,1,0,0,1,0
246442,1786553438755.208260,0,0,0,1,0,0,1,0
246443,1786553438756.214949,0,0,0,1,0,0,1,0
246444,1786553438757.222935,0,0,0,1,0,0,1,0
246445,1786553438758.231024,0,0,0,1,0,0,1,0
246446,1786553438759.519137,0,0,0,1,0,0,1,0
246447,1786553438760.513723,0,0,0,1,0,0,1,0
246448,1786553438761.516810,0,0,0,1,0,0,1,0
246449,1786553438762.527097,0,0,0,1,0,0,1,0
246450,1786553438763.536485,0,0,0,1,0,0,1,0
246451,1786553438764.613879,0,0,0,1,0,0,1,0
246452,1786553438765.567362,0,0,0,1,0,0,1,0
246453,1786553438766.592350,0,0,0,1,0,0,1,0
246454,1786553438767.590836,0,0,0,1,0,0,1,0
246455,1786553438768.597424,0,0,0,1,0,0,1,0
246456,1786553438769.612812,0,0,0,1,0,0,1,0
246457,1786553438770.621801,0,0,0,1,0,0,1,0
246458,1786553438771.630988,0,0,0,1,0,0,1,0
246459,1786553438772.636676,0,0,0,1,0,0,1,0
246460,1786553438773.674966,0,0,0,1,0,0,1,0
246461,1786553438774.664553,0,0,0,1,0,0,1,0
246462,1786553438775.665838,0,0,0,1,0,0,1,0
246463,1786553438776.668324,0,0,0,1,0,0,1,0
246464,1786553438777.677510,0,0,0,1,0,0,1,0
246465,1786553438778.680597,0,0,0,1,0,0,1,0
246466,1786553438779.688585,0,0,0,1,0,0,1,0
246467,1786553438780.691871,0,0,0,1,0,0,1,0
246468,1786553438781.698058,0,0,0,1,0,0,1,0
246469,1786553438782.706745,0,0,0,1,0,0,1,0
246470,1786553438783.713933,0,0,0,1,0,0,1,0
246471,1786553438784.721721,0,0,0,1,0,0,1,0
246472,1786553438785.729109,0,0,0,1,0,0,1,0
246473,1786553438786.738297,0,0,0,1,0,0,1,0
246474,1786553438787.745584,0,0,0,1,0,0,1,0
246475,1786553438788.793376,0,0,0,1,0,0,1,0
246476,1786553438789.788462,0,0,0,1,0,0,1,0
246477,1786553438790.796549,0,0,0,1,0,0,1,0
246478,1786553438791.803639,0,0,0,1,0,0,1,0
246479,1786553438792.810825,0,0,0,1,0,0,1,0
246480,1786553438793.970525,0,0,0,1,0,0,1,0
246481,1786553438794.845801,0,0,0,1,0,0,1,0
246482,1786553438795.847289,0,0,0,1,0,0,1,0
246483,1786553438796.854977,0,0,0,1,0,0,1,0
246484,1786553438797.866665,0,0,0,1,0,0,1,0
246485,1786553438798.873552,0,0,0,1,0,0,1,0
246486,1786553438799.881741,0,0,0,1,0,0,1,0
246487,1786553438800.893229,0,0,0,1,0,0,1,0
246488,1786553438801.893915,0,0,0,1,0,0,1,0
246489,1786553438802.928705,0,0,0,1,0,0,1,0
246490,1786553438803.917091,0,0,0,1,0,0,1,0
246491,1786553438804.927380,0,0,0,1,0,0,1,0
246492,1786553438805.922666,0,0,0,1,0,0,1,0
246493,1786553438806.929252,0,0,0,1,0,0,1,0
246494,1786553438807.937338,0,0,0,1,0,0,1,0
246495,1786553438808.945324,0,0,0,1,0,0,1,0
246496,1786553438809.951610,0,0,0,1,0,0,1,0
246497,1786553438810.959499,0,0,0,1,0,0,1,0
246498,1786553438811.972989,0,0,0,1,0,0,1,0
246499,1786553438812.976675,0,0,0,1,0,0,1,0
246500,1786553438813.983061,0,0,0,1,0,0,1,0
246501,1786553438814.993050,0,0,0,1,0,0,1,0
246502,1786553438816.000636,0,0,0,1,0,0,1,0
246503,1786553438817.008622,0,0,0,1,0,0,1,0
246504,1786553438818.016411,0,0,0,1,0,0,1,0
246505,1786553438819.024599,0,0,0,1,0,0,1,0
246506,1786553438820.388718,0,0,0,1,0,0,1,0
246507,1786553438821.060175,0,0,0,1,0,0,1,0
246508,1786553438822.054063,0,0,0,1,0,0,1,0
246509,1786553438823.060251,0,0,0,1,0,0,1,0
246510,1786553438824.067837,0,0,0,1,0,0,1,0
246511,1786553438825.075727,0,0,0,1,0,0,1,0
246512,1786553438826.083414,0,0,0,1,0,0,1,0
246513,1786553438827.094303,0,0,0,1,0,0,1,0
246514,1786553438828.100291,0,0,0,1,0,0,1,0
246515,1786553438829.110979,0,0,0,1,0,0,1,0
246516,1786553438830.116565,0,0,0,1,0,0,1,0
246517,1786553438831.127253,0,0,0,1,0,0,1,0
246518,1786553438832.132540,0,0,0,1,0,0,1,0
246519,1786553438833.145129,0,0,0,1,0,0,1,0
246520,1786553438834.148817,0,0,0,1,0,0,1,0
246521,1786553438835.749156,0,0,0,1,0,0,1,0
246522,1786553438836.208897,0,0,0,1,0,0,1,0
246523,1786553438837.183682,0,0,0,1,0,0,1,0
246524,1786553438838.189668,0,0,0,1,0,0,1,0
246525,1786553438839.199156,0,0,0,1,0,0,1,0
246526,1786553438840.207545,0,0,0,1,0,0,1,0
246527,1786553438841.213733,0,0,0,1,0,0,1,0
246528,1786553438842.221120,0,0,0,1,0,0,1,0
246529,1786553438843.229709,0,0,0,1,0,0,1,0
246530,1786553438844.237198,0,0,0,1,0,0,1,0
246531,1786553438845.245387,0,0,0,1,0,0,1,0
246532,1786553438846.255474,0,0,0,1,0,0,1,0
246533,1786553438847.260661,0,0,0,1,0,0,1,0
246534,1786553438848.269648,0,0,0,1,0,0,1,0
246535,1786553438849.284136,0,0,0,1,0,0,1,0
246536,1786553438850.291519,0,0,0,1,0,0,1,0
246537,1786553438851.303408,0,0,0,1,0,0,1,0
246538,1786553438852.310593,0,0,0,1,0,0,1,0
246539,1786553438853.313380,0,0,0,1,0,0,1,0
246540,1786553438854.323469,0,0,0,1,0,0,1,0
246541,1786553438855.328756,0,0,0,1,0,0,1,0
246542,1786553438856.337444,0,0,0,1,0,0,1,0
246543,1786553438857.344031,0,0,0,1,0,0,1,0
246544,1786553438858.352117,0,0,0,1,0,0,1,0
246545,1786553438859.359304,0,0,0,1,0,0,1,0
246546,1786553438860.366291,0,0,0,1,0,0,1,0
246547,1786553438861.374078,0,0,0,1,0,0,1,0
246548,1786553438862.382567,0,0,0,1,0,0,1,0
246549,1786553438863.390054,0,0,0,1,0,0,1,0
246550,1786553438865.031894,0,0,0,1,0,0,1,0
246551,1786553438865.571440,0,0,0,1,0,0,1,0
246552,1786553438866.489620,0,0,0,1,0,0,1,0
246553,1786553438867.482406,0,0,0,1,0,0,1,0
246554,1786553438868.490193,0,0,0,1,0,0,1,0
246555,1786553438869.502282,0,0,0,1,0,0,1,0
246556,1786553438870.506867,0,0,0,1,0,0,1,0
246557,1786553438871.509353,0,0,0,1,0,0,1,0
246558,1786553438872.516238,0,0,0,1,0,0,1,0
246559,1786553438873.524527,0,0,0,1,0,0,1,0
246560,1786553438874.531515,0,0,0,1,0,0,1,0
246561,1786553438875.539403,0,0,0,1,0,0,1,0
246562,1786553438876.547591,0,0,0,1,0,0,1,0
246563,1786553438877.559680,0,0,0,1,0,0,1,0
246564,1786553438878.597071,0,0,0,1,0,0,1,0
246565,1786553438879.583057,0,0,0,1,0,0,1,0
246566,1786553438880.587344,0,0,0,1,0,0,1,0
246567,1786553438881.593832,0,0,0,1,0,0,1,0
246568,1786553438882.601219,0,0,0,1,0,0,1,0
246569,1786553438883.612808,0,0,0,1,0,0,1,0
246570,1786553438884.617896,0,0,0,1,0,0,1,0
246571,1786553438885.624485,0,0,0,1,0,0,1,0
246572,1786553438886.634472,0,0,0,1,0,0,1,0
246573,1786553438887.643361,0,0,0,1,0,0,1,0
246574,1786553438888.649747,0,0,0,1,0,0,1,0
246575,1786553438889.657837,0,0,0,1,0,0,1,0
246576,1786553438890.666123,0,0,0,1,0,0,1,0
246577,1786553438891.674111,0,0,0,1,0,0,1,0
246578,1786553438892.681598,0,0,0,1,0,0,1,0
246579,1786553438893.702487,0,0,0,1,0,0,1,0
246580,1786553438894.709071,0,0,0,1,0,0,1,0
246581,1786553438895.713458,0,0,0,1,0,0,1,0
246582,1786553438896.717345,0,0,0,1,0,0,1,0
246583,1786553438897.725733,0,0,0,1,0,0,1,0
246584,1786553438898.737722,0,0,0,1,0,0,1,0
246585,1786553438899.755711,0,0,0,1,0,0,1,0
246586,1786553438900.751497,0,0,0,1,0,0,1,0
246587,1786553438901.758884,0,0,0,1,0,0,1,0
246588,1786553438902.767871,0,0,0,1,0,0,1,0
246589,1786553438903.783759,0,0,0,1,0,0,1,0
246590,1786553438904.799448,0,0,0,1,0,0,1,0
246591,1786553438905.799434,0,0,0,1,0,0,1,0
246592,1786553438906.805820,0,0,0,1,0,0,1,0
246593,1786553438907.812607,0,0,0,1,0,0,1,0
246594,1786553438908.831695,0,0,0,1,0,0,1,0
246595,1786553438909.846383,0,0,0,1,0,0,1,0
246596,1786553438910.858072,0,0,0,1,0,0,1,0
246597,1786553438911.864659,0,0,0,1,0,0,1,0
246598,1786553438912.866245,0,0,0,1,0,0,1,0
246599,1786553438913.874234,0,0,0,1,0,0,1,0
246600,1786553438914.890822,0,0,0,1,0,0,1,0
246601,1786553438915.886908,0,0,0,1,0,0,1,0
246602,1786553438916.905397,0,0,0,1,0,0,1,0
246603,1786553438917.903883,0,0,0,1,0,0,1,0
246604,1786553438918.915872,0,0,0,1,0,0,1,0
246605,1786553438919.919261,0,0,0,1,0,0,1,0
246606,1786553438920.930948,0,0,0,1,0,0,1,0
246607,1786553438921.934933,0,0,0,1,0,0,1,0
246608,1786553438922.946420,0,0,0,1,0,0,1,0
246609,1786553438923.953406,0,0,0,1,0,0,1,0
246610,1786553438925.273621,0,0,0,1,0,0,1,0
246611,1786553438926.143796,0,0,0,1,0,0,1,0
246612,1786553438927.142483,0,0,0,1,0,0,1,0
246613,1786553438928.152271,0,0,0,1,0,0,1,0
246614,1786553438929.154358,0,0,0,1,0,0,1,0
246615,1786553438930.162046,0,0,0,1,0,0,1,0
246616,1786553438931.168434,0,0,0,1,0,0,1,0
246617,1786553438932.178223,0,0,0,1,0,0,1,0
246618,1786553438933.184711,0,0,0,1,0,0,1,0
246619,1786553438934.192999,0,0,0,1,0,0,1,0
246620,1786553438935.200787,0,0,0,1,0,0,1,0
246621,1786553438936.208974,0,0,0,1,0,0,1,0
246622,1786553438937.216261,0,0,0,1,0,0,1,0
246623,1786553438938.225449,0,0,0,1,0,0,1,0
246624,1786553438939.233937,0,0,0,1,0,0,1,0
246625,1786553438940.254927,0,0,0,1,0,0,1,0
246626,1786553438941.257414,0,0,0,1,0,0,1,0
246627,1786553438942.266801,0,0,0,1,0,0,1,0
246628,1786553438943.270389,0,0,0,1,0,0,1,0
246629,1786553438944.277375,0,0,0,1,0,0,1,0
246630,1786553438945.285261,0,0,0,1,0,0,1,0
246631,1786553438946.294948,0,0,0,1,0,0,1,0
246632,1786553438947.302934,0,0,0,1,0,0,1,0
246633,1786553438948.310321,0,0,0,1,0,0,1,0
246634,1786553438949.321409,0,0,0,1,0,0,1,0
246635,1786553438950.326495,0,0,0,1,0,0,1,0
246636,1786553438951.334482,0,0,0,1,0,0,1,0
246637,1786553438952.341971,0,0,0,1,0,0,1,0
246638,1786553438953.349959,0,0,0,1,0,0,1,0
246639,1786553438954.358447,0,0,0,1,0,0,1,0
246640,1786553438955.450744,0,0,0,1,0,0,1,0
246641,1786553438956.408527,0,0,0,1,0,0,1,0
246642,1786553438957.413514,0,0,0,1,0,0,1,0
246643,1786553438958.422503,0,0,0,1,0,0,1,0
246644,1786553438959.425089,0,0,0,1,0,0,1,0
246645,1786553438960.436778,0,0,0,1,0,0,1,0
246646,1786553438961.441364,0,0,0,1,0,0,1,0
246647,1786553438962.451654,0,0,0,1,0,0,1,0
246648,1786553438963.458741,0,0,0,1,0,0,1,0
246649,1786553438964.481929,0,0,0,1,0,0,1,0
246650,1786553438965.483715,0,0,0,1,0,0,1,0
246651,1786553438966.488002,0,0,0,1,0,0,1,0
246652,1786553438967.493491,0,0,0,1,0,0,1,0
246653,1786553438968.501778,0,0,0,1,0,0,1,0
246654,1786553438969.514866,0,0,0,1,0,0,1,0
246655,1786553438970.521654,0,0,0,1,0,0,1,0
246656,1786553438971.528141,0,0,0,1,0,0,1,0
246657,1786553438972.536630,0,0,0,1,0,0,1,0
246658,1786553438973.543217,0,0,0,1,0,0,1,0
246659,1786553438974.551905,0,0,0,1,0,0,1,0
246660,1786553438975.562692,0,0,0,1,0,0,1,0
246661,1786553438976.569879,0,0,0,1,0,0,1,0
246662,1786553438977.577065,0,0,0,1,0,0,1,0
246663,1786553438978.585253,0,0,0,1,0,0,1,0
246664,1786553438979.593441,0,0,0,1,0,0,1,0
246665,1786553438980.601927,0,0,0,1,0,0,1,0
246666,1786553438981.615015,0,0,0,1,0,0,1,0
246667,1786553438982.619703,0,0,0,1,0,0,1,0
246668,1786553438983.626890,0,0,0,1,0,0,1,0
246669,1786553438984.890901,0,0,0,1,0,0,1,0
246670,1786553438985.652868,0,0,0,1,0,0,1,0
246671,1786553438986.656856,0,0,0,1,0,0,1,0
246672,1786553438987.664241,0,0,0,1,0,0,1,0
246673,1786553438988.669527,0,0,0,1,0,0,1,0
246674,1786553438989.678917,0,0,0,1,0,0,1,0
246675,1786553438990.697606,0,0,0,1,0,0,1,0
246676,1786553438991.696592,0,0,0,1,0,0,1,0
246677,1786553438992.702879,0,0,0,1,0,0,1,0
246678,1786553438993.709366,0,0,0,1,0,0,1,0
246679,1786553438994.721654,0,0,0,1,0,0,1,0
246680,1786553438995.726240,0,0,0,1,0,0,1,0
246681,1786553438996.735728,0,0,0,1,0,0,1,0
246682,1786553438997.744316,0,0,0,1,0,0,1,0
246683,1786553438998.752003,0,0,0,1,0,0,1,0
246684,1786553439000.209027,0,0,0,1,0,0,1,0
246685,1786553439000.787677,0,0,0,1,0,0,1,0
246686,1786553439001.788164,0,0,0,1,0,0,1,0
246687,1786553439002.793454,0,0,0,1,0,0,1,0
246688,1786553439003.798241,0,0,0,1,0,0,1,0
246689,1786553439004.825431,0,0,0,1,0,0,1,0
246690,1786553439005.824619,0,0,0,1,0,0,1,0
246691,1786553439006.831005,0,0,0,1,0,0,1,0
246692,1786553439007.836393,0,0,0,1,0,0,1,0
246693,1786553439008.845182,0,0,0,1,0,0,1,0
246694,1786553439009.853569,0,0,0,1,0,0,1,0
246695,1786553439010.862557,0,0,0,1,0,0,1,0
246696,1786553439011.869547,0,0,0,1,0,0,1,0
246697,1786553439012.877835,0,0,0,1,0,0,1,0
246698,1786553439013.892424,0,0,0,1,0,0,1,0
246699,1786553439014.909811,0,0,0,1,0,0,1,0
246700,1786553439015.907099,0,0,0,1,0,0,1,0
246701,1786553439016.910686,0,0,0,1,0,0,1,0
246702,1786553439017.917972,0,0,0,1,0,0,1,0
246703,1786553439018.927960,0,0,0,1,0,0,1,0
246704,1786553439019.936050,0,0,0,1,0,0,1,0
246705,1786553439020.943938,0,0,0,1,0,0,1,0
246706,1786553439021.952725,0,0,0,1,0,0,1,0
246707,1786553439022.961512,0,0,0,1,0,0,1,0
246708,1786553439023.971101,0,0,0,1,0,0,1,0
246709,1786553439024.975188,0,0,0,1,0,0,1,0
246710,1786553439025.983975,0,0,0,1,0,0,1,0
246711,1786553439026.993064,0,0,0,1,0,0,1,0
246712,1786553439028.003152,0,0,0,1,0,0,1,0
246713,1786553439029.011042,0,0,0,1,0,0,1,0
246714,1786553439030.135242,0,0,0,1,0,0,1,0
246715,1786553439031.131531,0,0,0,1,0,0,1,0
246716,1786553439032.138517,0,0,0,1,0,0,1,0
246717,1786553439033.147305,0,0,0,1,0,0,1,0
246718,1786553439034.155293,0,0,0,1,0,0,1,0
246719,1786553439035.165981,0,0,0,1,0,0,1,0
246720,1786553439036.172068,0,0,0,1,0,0,1,0
246721,1786553439037.181855,0,0,0,1,0,0,1,0
246722,1786553439038.191543,0,0,0,1,0,0,1,0
246723,1786553439039.199530,0,0,0,1,0,0,1,0
246724,1786553439040.210118,0,0,0,1,0,0,1,0
246725,1786553439041.217105,0,0,0,1,0,0,1,0
246726,1786553439042.227694,0,0,0,1,0,0,1,0
246727,1786553439043.236483,0,0,0,1,0,0,1,0
246728,1786553439044.245070,0,0,0,1,0,0,1,0
246729,1786553439045.288761,0,0,0,1,0,0,1,0
246730,1786553439046.272648,0,0,0,1,0,0,1,0
246731,1786553439047.278834,0,0,0,1,0,0,1,0
246732,1786553439048.288419,0,0,0,1,0,0,1,0
246733,1786553439049.402214,0,0,0,1,0,0,1,0
246734,1786553439050.306293,0,0,0,1,0,0,1,0
246735,1786553439051.313781,0,0,0,1,0,0,1,0
246736,1786553439052.322769,0,0,0,1,0,0,1,0
246737,1786553439053.331657,0,0,0,1,0,0,1,0
246738,1786553439054.340744,0,0,0,1,0,0,1,0
246739,1786553439055.350232,0,0,0,1,0,0,1,0
246740,1786553439056.358519,0,0,0,1,0,0,1,0
246741,1786553439057.368007,0,0,0,1,0,0,1,0
246742,1786553439058.377694,0,0,0,1,0,0,1,0
246743,1786553439059.384482,0,0,0,1,0,0,1,0
246744,1786553439060.647892,0,0,0,1,0,0,1,0
246745,1786553439061.648379,0,0,0,1,0,0,1,0
246746,1786553439062.661267,0,0,0,1,0,0,1,0
246747,1786553439063.664454,0,0,0,1,0,0,1,0
246748,1786553439064.669842,0,0,0,1,0,0,1,0
246749,1786553439065.678029,0,0,0,1,0,0,1,0
246750,1786553439066.684318,0,0,0,1,0,0,1,0
246751,1786553439067.693807,0,0,0,1,0,0,1,0
246752,1786553439068.702494,0,0,0,1,0,0,1,0
246753,1786553439069.710383,0,0,0,1,0,0,1,0
246754,1786553439070.716170,0,0,0,1,0,0,1,0
246755,1786553439071.725358,0,0,0,1,0,0,1,0
246756,1786553439072.732746,0,0,0,1,0,0,1,0
246757,1786553439073.740834,0,0,0,1,0,0,1,0
246758,1786553439074.750223,0,0,0,1,0,0,1,0
246759,1786553439075.766311,0,0,0,1,0,0,1,0
246760,1786553439076.768299,0,0,0,1,0,0,1,0
246761,1786553439077.779686,0,0,0,1,0,0,1,0
246762,1786553439078.798974,0,0,0,1,0,0,1,0
246763,1786553439079.801961,0,0,0,1,0,0,1,0
246764,1786553439080.803448,0,0,0,1,0,0,1,0
246765,1786553439081.812037,0,0,0,1,0,0,1,0
246766,1786553439082.833325,0,0,0,1,0,0,1,0
246767,1786553439083.837311,0,0,0,1,0,0,1,0
246768,1786553439084.853299,0,0,0,1,0,0,1,0
246769,1786553439085.852587,0,0,0,1,0,0,1,0
246770,1786553439086.873775,0,0,0,1,0,0,1,0
246771,1786553439087.871762,0,0,0,1,0,0,1,0
246772,1786553439088.880050,0,0,0,1,0,0,1,0
246773,1786553439089.887537,0,0,0,1,0,0,1,0
246774,1786553439091.126846,0,0,0,1,0,0,1,0
246775,1786553439091.922315,0,0,0,1,0,0,1,0
246776,1786553439092.940104,0,0,0,1,0,0,1,0
246777,1786553439094.082701,0,0,0,1,0,0,1,0
246778,1786553439094.951978,0,0,0,1,0,0,1,0
246779,1786553439095.956165,0,0,0,1,0,0,1,0
246780,1786553439096.962252,0,0,0,1,0,0,1,0
246781,1786553439097.970838,0,0,0,1,0,0,1,0
246782,1786553439098.978625,0,0,0,1,0,0,1,0
246783,1786553439099.987512,0,0,0,1,0,0,1,0
246784,1786553439100.995199,0,0,0,1,0,0,1,0
246785,1786553439102.003788,0,0,0,1,0,0,1,0
246786,1786553439103.013376,0,0,0,1,0,0,1,0
246787,1786553439104.024664,0,0,0,1,0,0,1,0
246788,1786553439105.029251,0,0,0,1,0,0,1,0
246789,1786553439106.094042,0,0,0,1,0,0,1,0
246790,1786553439107.089328,0,0,0,1,0,0,1,0
246791,1786553439108.105017,0,0,0,1,0,0,1,0
246792,1786553439109.102104,0,0,0,1,0,0,1,0
246793,1786553439110.093990,0,0,0,1,0,0,1,0
246794,1786553439111.118080,0,0,0,1,0,0,1,0
246795,1786553439112.120467,0,0,0,1,0,0,1,0
246796,1786553439113.126055,0,0,0,1,0,0,1,0
246797,1786553439114.179946,0,0,0,1,0,0,1,0
246798,1786553439115.182935,0,0,0,1,0,0,1,0
246799,1786553439116.197824,0,0,0,1,0,0,1,0
246800,1786553439117.186709,0,0,0,1,0,0,1,0
246801,1786553439118.188197,0,0,0,1,0,0,1,0
246802,1786553439119.195085,0,0,0,1,0,0,1,0
246803,1786553439120.202672,0,0,0,1,0,0,1,0
246804,1786553439121.462282,0,0,0,1,0,0,1,0
246805,1786553439122.467470,0,0,0,1,0,0,1,0
246806,1786553439123.467758,0,0,0,1,0,0,1,0
246807,1786553439124.469945,0,0,0,1,0,0,1,0
246808,1786553439125.482533,0,0,0,1,0,0,1,0
246809,1786553439126.487620,0,0,0,1,0,0,1,0
246810,1786553439127.503108,0,0,0,1,0,0,1,0
246811,1786553439128.504094,0,0,0,1,0,0,1,0
246812,1786553439129.512081,0,0,0,1,0,0,1,0
246813,1786553439130.519468,0,0,0,1,0,0,1,0
246814,1786553439131.526455,0,0,0,1,0,0,1,0
246815,1786553439132.535043,0,0,0,1,0,0,1,0
246816,1786553439133.543331,0,0,0,1,0,0,1,0
246817,1786553439134.551718,0,0,0,1,0,0,1,0
246818,1786553439135.578007,0,0,0,1,0,0,1,0
246819,1786553439136.577094,0,0,0,1,0,0,1,0
246820,1786553439137.583481,0,0,0,1,0,0,1,0
246821,1786553439138.588968,0,0,0,1,0,0,1,0
246822,1786553439139.597556,0,0,0,1,0,0,1,0
246823,1786553439140.605143,0,0,0,1,0,0,1,0
246824,1786553439141.612531,0,0,0,1,0,0,1,0
246825,1786553439142.621318,0,0,0,1,0,0,1,0
246826,1786553439143.638107,0,0,0,1,0,0,1,0
246827,1786553439144.645193,0,0,0,1,0,0,1,0
246828,1786553439145.650581,0,0,0,1,0,0,1,0
246829,1786553439146.658768,0,0,0,1,0,0,1,0
246830,1786553439147.682458,0,0,0,1,0,0,1,0
246831,1786553439148.676643,0,0,0,1,0,0,1,0
246832,1786553439149.682931,0,0,0,1,0,0,1,0
246833,1786553439151.095657,0,0,0,1,0,0,1,0
246834,1786553439151.970034,0,0,0,1,0,0,1,0
246835,1786553439152.934418,0,0,0,1,0,0,1,0
246836,1786553439153.939805,0,0,0,1,0,0,1,0
246837,1786553439154.952093,0,0,0,1,0,0,1,0
246838,1786553439155.962382,0,0,0,1,0,0,1,0
246839,1786553439156.991570,0,0,0,1,0,0,1,0
246840,1786553439157.987155,0,0,0,1,0,0,1,0
246841,1786553439158.991944,0,0,0,1,0,0,1,0
246842,1786553439160.001731,0,0,0,1,0,0,1,0
246843,1786553439161.004416,0,0,0,1,0,0,1,0
246844,1786553439162.012206,0,0,0,1,0,0,1,0
246845,1786553439163.014294,0,0,0,1,0,0,1,0
246846,1786553439164.022481,0,0,0,1,0,0,1,0
246847,1786553439165.030270,0,0,0,1,0,0,1,0
246848,1786553439166.042858,0,0,0,1,0,0,1,0
246849,1786553439167.047644,0,0,0,1,0,0,1,0
246850,1786553439168.055432,0,0,0,1,0,0,1,0
246851,1786553439169.063921,0,0,0,1,0,0,1,0
246852,1786553439170.071510,0,0,0,1,0,0,1,0
246853,1786553439171.079998,0,0,0,1,0,0,1,0
246854,1786553439172.087587,0,0,0,1,0,0,1,0
246855,1786553439173.094875,0,0,0,1,0,0,1,0
246856,1786553439174.103461,0,0,0,1,0,0,1,0
246857,1786553439175.111648,0,0,0,1,0,0,1,0
246858,1786553439176.124236,0,0,0,1,0,0,1,0
246859,1786553439177.129224,0,0,0,1,0,0,1,0
246860,1786553439178.136512,0,0,0,1,0,0,1,0
246861,1786553439179.144500,0,0,0,1,0,0,1,0
246862,1786553439180.152487,0,0,0,1,0,0,1,0
246863,1786553439181.159775,0,0,0,1,0,0,1,0
246864,1786553439182.181163,0,0,0,1,0,0,1,0
246865,1786553439183.185550,0,0,0,1,0,0,1,0
246866,1786553439184.187835,0,0,0,1,0,0,1,0
246867,1786553439185.195424,0,0,0,1,0,0,1,0
246868,1786553439186.204012,0,0,0,1,0,0,1,0
246869,1786553439187.211899,0,0,0,1,0,0,1,0
246870,1786553439188.287892,0,0,0,1,0,0,1,0
246871,1786553439189.230273,0,0,0,1,0,0,1,0
246872,1786553439190.238362,0,0,0,1,0,0,1,0
246873,1786553439191.245849,0,0,0,1,0,0,1,0
246874,1786553439192.273038,0,0,0,1,0,0,1,0
246875,1786553439193.263224,0,0,0,1,0,0,1,0
246876,1786553439194.272011,0,0,0,1,0,0,1,0
246877,1786553439195.283299,0,0,0,1,0,0,1,0
246878,1786553439196.290987,0,0,0,1,0,0,1,0
246879,1786553439197.312575,0,0,0,1,0,0,1,0
246880,1786553439198.316763,0,0,0,1,0,0,1,0
246881,1786553439199.322250,0,0,0,1,0,0,1,0
246882,1786553439200.329238,0,0,0,1,0,0,1,0
246883,1786553439201.336424,0,0,0,1,0,0,1,0
246884,1786553439202.344911,0,0,0,1,0,0,1,0
246885,1786553439203.352497,0,0,0,1,0,0,1,0
246886,1786553439204.360884,0,0,0,1,0,0,1,0
246887,1786553439205.369770,0,0,0,1,0,0,1,0
246888,1786553439206.378857,0,0,0,1,0,0,1,0
246889,1786553439207.385945,0,0,0,1,0,0,1,0
246890,1786553439208.393530,0,0,0,1,0,0,1,0
246891,1786553439209.414619,0,0,0,1,0,0,1,0
246892,1786553439210.419605,0,0,0,1,0,0,1,0
246893,1786553439211.427293,0,0,0,1,0,0,1,0
246894,1786553439212.436382,0,0,0,1,0,0,1,0
246895,1786553439213.572879,0,0,0,1,0,0,1,0
246896,1786553439214.556264,0,0,0,1,0,0,1,0
246897,1786553439215.566553,0,0,0,1,0,0,1,0
246898,1786553439216.574940,0,0,0,1,0,0,1,0
246899,1786553439217.582925,0,0,0,1,0,0,1,0
246900,1786553439218.590813,0,0,0,1,0,0,1,0
246901,1786553439219.599201,0,0,0,1,0,0,1,0
246902,1786553439220.612689,0,0,0,1,0,0,1,0
246903,1786553439221.617577,0,0,0,1,0,0,1,0
246904,1786553439222.626964,0,0,0,1,0,0,1,0
246905,1786553439223.635952,0,0,0,1,0,0,1,0
246906,1786553439224.652041,0,0,0,1,0,0,1,0
246907,1786553439225.656927,0,0,0,1,0,0,1,0
246908,1786553439226.663413,0,0,0,1,0,0,1,0
246909,1786553439228.384164,0,0,0,1,0,0,1,0
246910,1786553439229.175833,0,0,0,1,0,0,1,0
246911,1786553439230.171719,0,0,0,1,0,0,1,0
246912,1786553439231.176706,0,0,0,1,0,0,1,0
246913,1786553439232.194894,0,0,0,1,0,0,1,0
246914,1786553439233.191981,0,0,0,1,0,0,1,0
246915,1786553439234.200270,0,0,0,1,0,0,1,0
246916,1786553439235.205157,0,0,0,1,0,0,1,0
246917,1786553439236.214443,0,0,0,1,0,0,1,0
246918,1786553439237.223831,0,0,0,1,0,0,1,0
246919,1786553439238.232419,0,0,0,1,0,0,1,0
246920,1786553439239.242405,0,0,0,1,0,0,1,0
246921,1786553439240.272495,0,0,0,1,0,0,1,0
246922,1786553439241.266281,0,0,0,1,0,0,1,0
246923,1786553439242.286970,0,0,0,1,0,0,1,0
246924,1786553439243.284056,0,0,0,1,0,0,1,0
246925,1786553439244.291144,0,0,0,1,0,0,1,0
246926,1786553439245.297730,0,0,0,1,0,0,1,0
246927,1786553439246.304117,0,0,0,1,0,0,1,0
246928,1786553439247.311205,0,0,0,1,0,0,1,0
246929,1786553439248.317993,0,0,0,1,0,0,1,0
246930,1786553439249.323178,0,0,0,1,0,0,1,0
246931,1786553439250.328967,0,0,0,1,0,0,1,0
246932,1786553439251.333854,0,0,0,1,0,0,1,0
246933,1786553439252.341341,0,0,0,1,0,0,1,0
246934,1786553439253.349729,0,0,0,1,0,0,1,0
246935,1786553439254.359618,0,0,0,1,0,0,1,0
246936,1786553439255.365507,0,0,0,1,0,0,1,0
246937,1786553439256.387096,0,0,0,1,0,0,1,0
246938,1786553439257.413785,0,0,0,1,0,0,1,0
246939,1786553439258.405973,0,0,0,1,0,0,1,0
246940,1786553439259.411360,0,0,0,1,0,0,1,0
246941,1786553439260.420348,0,0,0,1,0,0,1,0
246942,1786553439261.425034,0,0,0,1,0,0,1,0
246943,1786553439262.436621,0,0,0,1,0,0,1,0
246944,1786553439263.440809,0,0,0,1,0,0,1,0
246945,1786553439264.448497,0,0,0,1,0,0,1,0
246946,1786553439265.456586,0,0,0,1,0,0,1,0
246947,1786553439266.464274,0,0,0,1,0,0,1,0
246948,1786553439267.471862,0,0,0,1,0,0,1,0
246949,1786553439268.479348,0,0,0,1,0,0,1,0
246950,1786553439269.487738,0,0,0,1,0,0,1,0
246951,1786553439270.496025,0,0,0,1,0,0,1,0
246952,1786553439271.504412,0,0,0,1,0,0,1,0
246953,1786553439272.919434,0,0,0,1,0,0,1,0
246954,1786553439273.571890,0,0,0,1,0,0,1,0
246955,1786553439274.543174,0,0,0,1,0,0,1,0
246956,1786553439275.547062,0,0,0,1,0,0,1,0
246957,1786553439276.555149,0,0,0,1,0,0,1,0
246958,1786553439277.565637,0,0,0,1,0,0,1,0
246959,1786553439278.575025,0,0,0,1,0,0,1,0
246960,1786553439279.581411,0,0,0,1,0,0,1,0
246961,1786553439280.587899,0,0,0,1,0,0,1,0
246962,1786553439281.595388,0,0,0,1,0,0,1,0
246963,1786553439282.603974,0,0,0,1,0,0,1,0
246964,1786553439283.609860,0,0,0,1,0,0,1,0
246965,1786553439284.618350,0,0,0,1,0,0,1,0
246966,1786553439285.625438,0,0,0,1,0,0,1,0
246967,1786553439286.634726,0,0,0,1,0,0,1,0
246968,1786553439287.665614,0,0,0,1,0,0,1,0
246969,1786553439288.674203,0,0,0,1,0,0,1,0
246970,1786553439289.680989,0,0,0,1,0,0,1,0
246971,1786553439290.681077,0,0,0,1,0,0,1,0
246972,1786553439291.687563,0,0,0,1,0,0,1,0
246973,1786553439292.695151,0,0,0,1,0,0,1,0
246974,1786553439293.703937,0,0,0,1,0,0,1,0
246975,1786553439294.712225,0,0,0,1,0,0,1,0
246976,1786553439295.719413,0,0,0,1,0,0,1,0
246977,1786553439296.726700,0,0,0,1,0,0,1,0
246978,1786553439297.735588,0,0,0,1,0,0,1,0
246979,1786553439298.742675,0,0,0,1,0,0,1,0
246980,1786553439299.751262,0,0,0,1,0,0,1,0
246981,1786553439300.758549,0,0,0,1,0,0,1,0
246982,1786553439301.766336,0,0,0,1,0,0,1,0
246983,1786553439302.793626,0,0,0,1,0,0,1,0
246984,1786553439303.811813,0,0,0,1,0,0,1,0
246985,1786553439304.828402,0,0,0,1,0,0,1,0
246986,1786553439305.826087,0,0,0,1,0,0,1,0
246987,1786553439306.835775,0,0,0,1,0,0,1,0
246988,1786553439307.837562,0,0,0,1,0,0,1,0
246989,1786553439308.841449,0,0,0,1,0,0,1,0
246990,1786553439309.852235,0,0,0,1,0,0,1,0
246991,1786553439310.858422,0,0,0,1,0,0,1,0
246992,1786553439311.869311,0,0,0,1,0,0,1,0
246993,1786553439312.874295,0,0,0,1,0,0,1,0
246994,1786553439313.885683,0,0,0,1,0,0,1,0
246995,1786553439314.899572,0,0,0,1,0,0,1,0
246996,1786553439315.902759,0,0,0,1,0,0,1,0
246997,1786553439316.908547,0,0,0,1,0,0,1,0
246998,1786553439318.492884,0,0,0,1,0,0,1,0
246999,1786553439319.369760,0,0,0,1,0,0,1,0
247000,1786553439320.385147,0,0,0,1,0,0,1,0
247001,1786553439321.387736,0,0,0,1,0,0,1,0
247002,1786553439322.389523,0,0,0,1,0,0,1,0
247003,1786553439323.394109,0,0,0,1,0,0,1,0
247004,1786553439324.403396,0,0,0,1,0,0,1,0
247005,1786553439325.422085,0,0,0,1,0,0,1,0
247006,1786553439326.420171,0,0,0,1,0,0,1,0
247007,1786553439327.426459,0,0,0,1,0,0,1,0
247008,1786553439328.433847,0,0,0,1,0,0,1,0
247009,1786553439329.441336,0,0,0,1,0,0,1,0
247010,1786553439330.450223,0,0,0,1,0,0,1,0
247011,1786553439331.456909,0,0,0,1,0,0,1,0
247012,1786553439332.471499,0,0,0,1,0,0,1,0
247013,1786553439333.481086,0,0,0,1,0,0,1,0
247014,1786553439334.482974,0,0,0,1,0,0,1,0
247015,1786553439335.490859,0,0,0,1,0,0,1,0
247016,1786553439336.502747,0,0,0,1,0,0,1,0
247017,1786553439337.511634,0,0,0,1,0,0,1,0
247018,1786553439338.516021,0,0,0,1,0,0,1,0
247019,1786553439339.522808,0,0,0,1,0,0,1,0
247020,1786553439340.530997,0,0,0,1,0,0,1,0
247021,1786553439341.538484,0,0,0,1,0,0,1,0
247022,1786553439342.546371,0,0,0,1,0,0,1,0
247023,1786553439343.554758,0,0,0,1,0,0,1,0
247024,1786553439344.565745,0,0,0,1,0,0,1,0
247025,1786553439345.573633,0,0,0,1,0,0,1,0
247026,1786553439346.582422,0,0,0,1,0,0,1,0
247027,1786553439347.589309,0,0,0,1,0,0,1,0
247028,1786553439348.605296,0,0,0,1,0,0,1,0
247029,1786553439349.619484,0,0,0,1,0,0,1,0
247030,1786553439350.617871,0,0,0,1,0,0,1,0
247031,1786553439351.623957,0,0,0,1,0,0,1,0
247032,1786553439352.631243,0,0,0,1,0,0,1,0
247033,1786553439353.643529,0,0,0,1,0,0,1,0
247034,1786553439354.648516,0,0,0,1,0,0,1,0
247035,1786553439355.657702,0,0,0,1,0,0,1,0
247036,1786553439356.664190,0,0,0,1,0,0,1,0
247037,1786553439357.672177,0,0,0,1,0,0,1,0
247038,1786553439358.680563,0,0,0,1,0,0,1,0
247039,1786553439359.687550,0,0,0,1,0,0,1,0
247040,1786553439360.696037,0,0,0,1,0,0,1,0
247041,1786553439361.703525,0,0,0,1,0,0,1,0
247042,1786553439362.710611,0,0,0,1,0,0,1,0
247043,1786553439363.729000,0,0,0,1,0,0,1,0
247044,1786553439364.733488,0,0,0,1,0,0,1,0
247045,1786553439365.738274,0,0,0,1,0,0,1,0
247046,1786553439366.743363,0,0,0,1,0,0,1,0
247047,1786553439367.752851,0,0,0,1,0,0,1,0
247048,1786553439368.760940,0,0,0,1,0,0,1,0
247049,1786553439369.786928,0,0,0,1,0,0,1,0
247050,1786553439370.784614,0,0,0,1,0,0,1,0
247051,1786553439371.789701,0,0,0,1,0,0,1,0
247052,1786553439372.797588,0,0,0,1,0,0,1,0
247053,1786553439373.804674,0,0,0,1,0,0,1,0
247054,1786553439374.833164,0,0,0,1,0,0,1,0
247055,1786553439375.830851,0,0,0,1,0,0,1,0
247056,1786553439376.839238,0,0,0,1,0,0,1,0
247057,1786553439377.844324,0,0,0,1,0,0,1,0
247058,1786553439378.870113,0,0,0,1,0,0,1,0
247059,1786553439379.866399,0,0,0,1,0,0,1,0
247060,1786553439380.873688,0,0,0,1,0,0,1,0
247061,1786553439381.878274,0,0,0,1,0,0,1,0
247062,1786553439382.888162,0,0,0,1,0,0,1,0
247063,1786553439383.895251,0,0,0,1,0,0,1,0
247064,1786553439384.910341,0,0,0,1,0,0,1,0
247065,1786553439385.911227,0,0,0,1,0,0,1,0
247066,1786553439386.925516,0,0,0,1,0,0,1,0
247067,1786553439387.926802,0,0,0,1,0,0,1,0
247068,1786553439388.934290,0,0,0,1,0,0,1,0
247069,1786553439389.941178,0,0,0,1,0,0,1,0
247070,1786553439390.949066,0,0,0,1,0,0,1,0
247071,1786553439391.955853,0,0,0,1,0,0,1,0
247072,1786553439392.963540,0,0,0,1,0,0,1,0
247073,1786553439394.110939,0,0,0,1,0,0,1,0
247074,1786553439395.145429,0,0,0,1,0,0,1,0
247075,1786553439396.153419,0,0,0,1,0,0,1,0
247076,1786553439397.146806,0,0,0,1,0,0,1,0
247077,1786553439398.152094,0,0,0,1,0,0,1,0
247078,1786553439399.164783,0,0,0,1,0,0,1,0
247079,1786553439400.172171,0,0,0,1,0,0,1,0
247080,1786553439401.193661,0,0,0,1,0,0,1,0
247081,1786553439402.197748,0,0,0,1,0,0,1,0
247082,1786553439403.202534,0,0,0,1,0,0,1,0
247083,1786553439404.210920,0,0,0,1,0,0,1,0
247084,1786553439405.220808,0,0,0,1,0,0,1,0
247085,1786553439406.228794,0,0,0,1,0,0,1,0
247086,1786553439407.236681,0,0,0,1,0,0,1,0
247087,1786553439408.276471,0,0,0,1,0,0,1,0
247088,1786553439409.266556,0,0,0,1,0,0,1,0
247089,1786553439410.276844,0,0,0,1,0,0,1,0
247090,1786553439411.278732,0,0,0,1,0,0,1,0
247091,1786553439412.286719,0,0,0,1,0,0,1,0
247092,1786553439413.294606,0,0,0,1,0,0,1,0
247093,1786553439414.303794,0,0,0,1,0,0,1,0
247094,1786553439415.312382,0,0,0,1,0,0,1,0
247095,1786553439416.320869,0,0,0,1,0,0,1,0
247096,1786553439417.329258,0,0,0,1,0,0,1,0
247097,1786553439418.341745,0,0,0,1,0,0,1,0
247098,1786553439419.347032,0,0,0,1,0,0,1,0
247099,1786553439420.354619,0,0,0,1,0,0,1,0
247100,1786553439421.362605,0,0,0,1,0,0,1,0
247101,1786553439422.371494,0,0,0,1,0,0,1,0
247102,1786553439423.385981,0,0,0,1,0,0,1,0
247103,1786553439424.457375,0,0,0,1,0,0,1,0
247104,1786553439425.407455,0,0,0,1,0,0,1,0
247105,1786553439426.411444,0,0,0,1,0,0,1,0
247106,1786553439427.417732,0,0,0,1,0,0,1,0
247107,1786553439428.424219,0,0,0,1,0,0,1,0
247108,1786553439429.431307,0,0,0,1,0,0,1,0
247109,1786553439430.440594,0,0,0,1,0,0,1,0
247110,1786553439431.447481,0,0,0,1,0,0,1,0
247111,1786553439432.455667,0,0,0,1,0,0,1,0
247112,1786553439433.468457,0,0,0,1,0,0,1,0
247113,1786553439434.484844,0,0,0,1,0,0,1,0
247114,1786553439435.490733,0,0,0,1,0,0,1,0
247115,1786553439436.494620,0,0,0,1,0,0,1,0
247116,1786553439437.503109,0,0,0,1,0,0,1,0
247117,1786553439438.563401,0,0,0,1,0,0,1,0
247118,1786553439439.529786,0,0,0,1,0,0,1,0
247119,1786553439440.533672,0,0,0,1,0,0,1,0
247120,1786553439441.546960,0,0,0,1,0,0,1,0
247121,1786553439442.553648,0,0,0,1,0,0,1,0
247122,1786553439443.565138,0,0,0,1,0,0,1,0
247123,1786553439444.572527,0,0,0,1,0,0,1,0
247124,1786553439445.582014,0,0,0,1,0,0,1,0
247125,1786553439446.592202,0,0,0,1,0,0,1,0
247126,1786553439447.598989,0,0,0,1,0,0,1,0
247127,1786553439448.606477,0,0,0,1,0,0,1,0
247128,1786553439449.614266,0,0,0,1,0,0,1,0
247129,1786553439450.635954,0,0,0,1,0,0,1,0
247130,1786553439451.641642,0,0,0,1,0,0,1,0
247131,1786553439452.650229,0,0,0,1,0,0,1,0
247132,1786553439454.037249,0,0,0,1,0,0,1,0
247133,1786553439454.689304,0,0,0,1,0,0,1,0
247134,1786553439455.682290,0,0,0,1,0,0,1,0
247135,1786553439456.691479,0,0,0,1,0,0,1,0
247136,1786553439457.696967,0,0,0,1,0,0,1,0
247137,1786553439458.704756,0,0,0,1,0,0,1,0
247138,1786553439459.711043,0,0,0,1,0,0,1,0
247139,1786553439460.720731,0,0,0,1,0,0,1,0
247140,1786553439461.726619,0,0,0,1,0,0,1,0
247141,1786553439462.735507,0,0,0,1,0,0,1,0
247142,1786553439463.744493,0,0,0,1,0,0,1,0
247143,1786553439464.753282,0,0,0,1,0,0,1,0
247144,1786553439465.761370,0,0,0,1,0,0,1,0
247145,1786553439466.785461,0,0,0,1,0,0,1,0
247146,1786553439467.793250,0,0,0,1,0,0,1,0
247147,1786553439468.848840,0,0,0,1,0,0,1,0
247148,1786553439469.865130,0,0,0,1,0,0,1,0
247149,1786553439470.871218,0,0,0,1,0,0,1,0
247150,1786553439471.896407,0,0,0,1,0,0,1,0
247151,1786553439472.874491,0,0,0,1,0,0,1,0
247152,1786553439473.891879,0,0,0,1,0,0,1,0
247153,1786553439474.901866,0,0,0,1,0,0,1,0
247154,1786553439475.900353,0,0,0,1,0,0,1,0
247155,1786553439476.974746,0,0,0,1,0,0,1,0
247156,1786553439477.968832,0,0,0,1,0,0,1,0
247157,1786553439478.932514,0,0,0,1,0,0,1,0
247158,1786553439479.986504,0,0,0,1,0,0,1,0
247159,1786553439480.949387,0,0,0,1,0,0,1,0
247160,1786553439481.960675,0,0,0,1,0,0,1,0
247161,1786553439482.969962,0,0,0,1,0,0,1,0
247162,1786553439483.975049,0,0,0,1,0,0,1,0
247163,1786553439484.987736,0,0,0,1,0,0,1,0
247164,1786553439486.111931,0,0,0,1,0,0,1,0
247165,1786553439487.105318,0,0,0,1,0,0,1,0
247166,1786553439488.062399,0,0,0,1,0,0,1,0
247167,1786553439489.069687,0,0,0,1,0,0,1,0
247168,1786553439490.076974,0,0,0,1,0,0,1,0
247169,1786553439491.086662,0,0,0,1,0,0,1,0
247170,1786553439492.096351,0,0,0,1,0,0,1,0
247171,1786553439493.102038,0,0,0,1,0,0,1,0
247172,1786553439494.147828,0,0,0,1,0,0,1,0
247173,1786553439495.143316,0,0,0,1,0,0,1,0
247174,1786553439496.152103,0,0,0,1,0,0,1,0
247175,1786553439497.157791,0,0,0,1,0,0,1,0
247176,1786553439498.166878,0,0,0,1,0,0,1,0
247177,1786553439499.204469,0,0,0,1,0,0,1,0
247178,1786553439500.199755,0,0,0,1,0,0,1,0
247179,1786553439501.206342,0,0,0,1,0,0,1,0
247180,1786553439502.208528,0,0,0,1,0,0,1,0
247181,1786553439503.215417,0,0,0,1,0,0,1,0
247182,1786553439504.225405,0,0,0,1,0,0,1,0
247183,1786553439505.233594,0,0,0,1,0,0,1,0
247184,1786553439506.242582,0,0,0,1,0,0,1,0
247185,1786553439507.250369,0,0,0,1,0,0,1,0
247186,1786553439508.259456,0,0,0,1,0,0,1,0
247187,1786553439509.267742,0,0,0,1,0,0,1,0
247188,1786553439510.277829,0,0,0,1,0,0,1,0
247189,1786553439511.285116,0,0,0,1,0,0,1,0
247190,1786553439512.294705,0,0,0,1,0,0,1,0
247191,1786553439513.302893,0,0,0,1,0,0,1,0
247192,1786553439514.310981,0,0,0,1,0,0,1,0
247193,1786553439515.321168,0,0,0,1,0,0,1,0
247194,1786553439516.892704,0,0,0,1,0,0,1,0
247195,1786553439517.351244,0,0,0,1,0,0,1,0
247196,1786553439518.354232,0,0,0,1,0,0,1,0
247197,1786553439519.395822,0,0,0,1,0,0,1,0
247198,1786553439520.380106,0,0,0,1,0,0,1,0
247199,1786553439521.376792,0,0,0,1,0,0,1,0
247200,1786553439522.383280,0,0,0,1,0,0,1,0
247201,1786553439523.390166,0,0,0,1,0,0,1,0
247202,1786553439524.399154,0,0,0,1,0,0,1,0
247203,1786553439525.406942,0,0,0,1,0,0,1,0
247204,1786553439526.416831,0,0,0,1,0,0,1,0
247205,1786553439527.434219,0,0,0,1,0,0,1,0
247206,1786553439528.438007,0,0,0,1,0,0,1,0
247207,1786553439529.441796,0,0,0,1,0,0,1,0
247208,1786553439530.450083,0,0,0,1,0,0,1,0
247209,1786553439531.478773,0,0,0,1,0,0,1,0
247210,1786553439532.532165,0,0,0,1,0,0,1,0
247211,1786553439533.511551,0,0,0,1,0,0,1,0
247212,1786553439534.512138,0,0,0,1,0,0,1,0
247213,1786553439535.517925,0,0,0,1,0,0,1,0
247214,1786553439536.528213,0,0,0,1,0,0,1,0
247215,1786553439537.537302,0,0,0,1,0,0,1,0
247216,1786553439538.546390,0,0,0,1,0,0,1,0
247217,1786553439539.553877,0,0,0,1,0,0,1,0
247218,1786553439540.566264,0,0,0,1,0,0,1,0
247219,1786553439541.574751,0,0,0,1,0,0,1,0
247220,1786553439542.582638,0,0,0,1,0,0,1,0
247221,1786553439543.591427,0,0,0,1,0,0,1,0
247222,1786553439544.599914,0,0,0,1,0,0,1,0
247223,1786553439545.607702,0,0,0,1,0,0,1,0
247224,1786553439546.615290,0,0,0,1,0,0,1,0
247225,1786553439547.796092,0,0,0,1,0,0,1,0
247226,1786553439548.692470,0,0,0,1,0,0,1,0
247227,1786553439549.728760,0,0,0,1,0,0,1,0
247228,1786553439550.718445,0,0,0,1,0,0,1,0
247229,1786553439551.721831,0,0,0,1,0,0,1,0
247230,1786553439552.721118,0,0,0,1,0,0,1,0
247231,1786553439553.732206,0,0,0,1,0,0,1,0
247232,1786553439554.744595,0,0,0,1,0,0,1,0
247233,1786553439555.747981,0,0,0,1,0,0,1,0
247234,1786553439556.752367,0,0,0,1,0,0,1,0
247235,1786553439557.762054,0,0,0,1,0,0,1,0
247236,1786553439558.772940,0,0,0,1,0,0,1,0
247237,1786553439559.783928,0,0,0,1,0,0,1,0
247238,1786553439560.796516,0,0,0,1,0,0,1,0
247239,1786553439561.829706,0,0,0,1,0,0,1,0
247240,1786553439562.826294,0,0,0,1,0,0,1,0
247241,1786553439563.834681,0,0,0,1,0,0,1,0
247242,1786553439564.870368,0,0,0,1,0,0,1,0
247243,1786553439565.853054,0,0,0,1,0,0,1,0
247244,1786553439566.858040,0,0,0,1,0,0,1,0
247245,1786553439567.869728,0,0,0,1,0,0,1,0
247246,1786553439568.878415,0,0,0,1,0,0,1,0
247247,1786553439569.886303,0,0,0,1,0,0,1,0
247248,1786553439570.893790,0,0,0,1,0,0,1,0
247249,1786553439571.902779,0,0,0,1,0,0,1,0
247250,1786553439572.911467,0,0,0,1,0,0,1,0
247251,1786553439573.919953,0,0,0,1,0,0,1,0
247252,1786553439574.933741,0,0,0,1,0,0,1,0
247253,1786553439575.935427,0,0,0,1,0,0,1,0
247254,1786553439576.944115,0,0,0,1,0,0,1,0
247255,1786553439578.020909,0,0,0,1,0,0,1,0
247256,1786553439578.978591,0,0,0,1,0,0,1,0
247257,1786553439579.974477,0,0,0,1,0,0,1,0
247258,1786553439580.984564,0,0,0,1,0,0,1,0
247259,1786553439581.989451,0,0,0,1,0,0,1,0
247260,1786553439582.998638,0,0,0,1,0,0,1,0
247261,1786553439584.008426,0,0,0,1,0,0,1,0
247262,1786553439585.015214,0,0,0,1,0,0,1,0
247263,1786553439586.026501,0,0,0,1,0,0,1,0
247264,1786553439587.034489,0,0,0,1,0,0,1,0
247265,1786553439588.043877,0,0,0,1,0,0,1,0
247266,1786553439589.052564,0,0,0,1,0,0,1,0
247267,1786553439590.060552,0,0,0,1,0,0,1,0
247268,1786553439591.070939,0,0,0,1,0,0,1,0
247269,1786553439592.080327,0,0,0,1,0,0,1,0
247270,1786553439593.088415,0,0,0,1,0,0,1,0
247271,1786553439594.132406,0,0,0,1,0,0,1,0
247272,1786553439595.135194,0,0,0,1,0,0,1,0
247273,1786553439596.143381,0,0,0,1,0,0,1,0
247274,1786553439597.179671,0,0,0,1,0,0,1,0
247275,1786553439598.198459,0,0,0,1,0,0,1,0
247276,1786553439599.235848,0,0,0,1,0,0,1,0
247277,1786553439600.206232,0,0,0,1,0,0,1,0
247278,1786553439601.208418,0,0,0,1,0,0,1,0
247279,1786553439602.217806,0,0,0,1,0,0,1,0
247280,1786553439603.231494,0,0,0,1,0,0,1,0
247281,1786553439604.239680,0,0,0,1,0,0,1,0
247282,1786553439605.248168,0,0,0,1,0,0,1,0
247283,1786553439606.257856,0,0,0,1,0,0,1,0
247284,1786553439607.268143,0,0,0,1,0,0,1,0
247285,1786553439608.297532,0,0,0,1,0,0,1,0
247286,1786553439609.304322,0,0,0,1,0,0,1,0
247287,1786553439610.313010,0,0,0,1,0,0,1,0
247288,1786553439611.309296,0,0,0,1,0,0,1,0
247289,1786553439612.315584,0,0,0,1,0,0,1,0
247290,1786553439613.335273,0,0,0,1,0,0,1,0
247291,1786553439614.340661,0,0,0,1,0,0,1,0
247292,1786553439615.345749,0,0,0,1,0,0,1,0
247293,1786553439616.353835,0,0,0,1,0,0,1,0
247294,1786553439617.363323,0,0,0,1,0,0,1,0
247295,1786553439618.372810,0,0,0,1,0,0,1,0
247296,1786553439619.381098,0,0,0,1,0,0,1,0
247297,1786553439620.391187,0,0,0,1,0,0,1,0
247298,1786553439621.399474,0,0,0,1,0,0,1,0
247299,1786553439622.408962,0,0,0,1,0,0,1,0
247300,1786553439623.442550,0,0,0,1,0,0,1,0
247301,1786553439624.444636,0,0,0,1,0,0,1,0
247302,1786553439625.445424,0,0,0,1,0,0,1,0
247303,1786553439626.453212,0,0,0,1,0,0,1,0
247304,1786553439627.462700,0,0,0,1,0,0,1,0
247305,1786553439628.471288,0,0,0,1,0,0,1,0
247306,1786553439629.495276,0,0,0,1,0,0,1,0
247307,1786553439630.535767,0,0,0,1,0,0,1,0
247308,1786553439631.530353,0,0,0,1,0,0,1,0
247309,1786553439632.525038,0,0,0,1,0,0,1,0
247310,1786553439633.530527,0,0,0,1,0,0,1,0
247311,1786553439634.539115,0,0,0,1,0,0,1,0
247312,1786553439635.547401,0,0,0,1,0,0,1,0
247313,1786553439636.559189,0,0,0,1,0,0,1,0
247314,1786553439637.567176,0,0,0,1,0,0,1,0
247315,1786553439638.575764,0,0,0,1,0,0,1,0
247316,1786553439639.604453,0,0,0,1,0,0,1,0
247317,1786553439640.599740,0,0,0,1,0,0,1,0
247318,1786553439641.604628,0,0,0,1,0,0,1,0
247319,1786553439642.611815,0,0,0,1,0,0,1,0
247320,1786553439643.617802,0,0,0,1,0,0,1,0
247321,1786553439644.622390,0,0,0,1,0,0,1,0
247322,1786553439645.635576,0,0,0,1,0,0,1,0
247323,1786553439646.636664,0,0,0,1,0,0,1,0
247324,1786553439647.643252,0,0,0,1,0,0,1,0
247325,1786553439648.650740,0,0,0,1,0,0,1,0
247326,1786553439649.657927,0,0,0,1,0,0,1,0
247327,1786553439650.666215,0,0,0,1,0,0,1,0
247328,1786553439651.673603,0,0,0,1,0,0,1,0
247329,1786553439652.682791,0,0,0,1,0,0,1,0
247330,1786553439653.692278,0,0,0,1,0,0,1,0
247331,1786553439654.709166,0,0,0,1,0,0,1,0
247332,1786553439655.714254,0,0,0,1,0,0,1,0
247333,1786553439656.718441,0,0,0,1,0,0,1,0
247334,1786553439657.730029,0,0,0,1,0,0,1,0
247335,1786553439658.736515,0,0,0,1,0,0,1,0
247336,1786553439659.743803,0,0,0,1,0,0,1,0
247337,1786553439660.751989,0,0,0,1,0,0,1,0
247338,1786553439661.759477,0,0,0,1,0,0,1,0
247339,1786553439662.773565,0,0,0,1,0,0,1,0
247340,1786553439663.779553,0,0,0,1,0,0,1,0
247341,1786553439664.794741,0,0,0,1,0,0,1,0
247342,1786553439665.794527,0,0,0,1,0,0,1,0
247343,1786553439666.802216,0,0,0,1,0,0,1,0
247344,1786553439667.809804,0,0,0,1,0,0,1,0
247345,1786553439668.827191,0,0,0,1,0,0,1,0
247346,1786553439669.850181,0,0,0,1,0,0,1,0
247347,1786553439670.847869,0,0,0,1,0,0,1,0
247348,1786553439671.853157,0,0,0,1,0,0,1,0
247349,1786553439672.865445,0,0,0,1,0,0,1,0
247350,1786553439673.870332,0,0,0,1,0,0,1,0
247351,1786553439674.886022,0,0,0,1,0,0,1,0
247352,1786553439675.885108,0,0,0,1,0,0,1,0
247353,1786553439676.891897,0,0,0,1,0,0,1,0
247354,1786553439677.900784,0,0,0,1,0,0,1,0
247355,1786553439678.913274,0,0,0,1,0,0,1,0
247356,1786553439679.918661,0,0,0,1,0,0,1,0
247357,1786553439680.925948,0,0,0,1,0,0,1,0
247358,1786553439681.933435,0,0,0,1,0,0,1,0
247359,1786553439682.941123,0,0,0,1,0,0,1,0
247360,1786553439683.947911,0,0,0,1,0,0,1,0
247361,1786553439684.971799,0,0,0,1,0,0,1,0
247362,1786553439685.968984,0,0,0,1,0,0,1,0
247363,1786553439686.975873,0,0,0,1,0,0,1,0
247364,1786553439687.984660,0,0,0,1,0,0,1,0
247365,1786553439688.990048,0,0,0,1,0,0,1,0
247366,1786553439689.997936,0,0,0,1,0,0,1,0
247367,1786553439691.007124,0,0,0,1,0,0,1,0
247368,1786553439692.013713,0,0,0,1,0,0,1,0
247369,1786553439693.022402,0,0,0,1,0,0,1,0
247370,1786553439694.115098,0,0,0,1,0,0,1,0
247371,1786553439695.128787,0,0,0,1,0,0,1,0
247372,1786553439696.138275,0,0,0,1,0,0,1,0
247373,1786553439697.143261,0,0,0,1,0,0,1,0
247374,1786553439698.153251,0,0,0,1,0,0,1,0
247375,1786553439699.158438,0,0,0,1,0,0,1,0
247376,1786553439700.653867,0,0,0,1,0,0,1,0
247377,1786553439701.189314,0,0,0,1,0,0,1,0
247378,1786553439702.193001,0,0,0,1,0,0,1,0
247379,1786553439703.198087,0,0,0,1,0,0,1,0
247380,1786553439704.206175,0,0,0,1,0,0,1,0
247381,1786553439705.213264,0,0,0,1,0,0,1,0
247382,1786553439706.221551,0,0,0,1,0,0,1,0
247383,1786553439707.231239,0,0,0,1,0,0,1,0
247384,1786553439708.237227,0,0,0,1,0,0,1,0
247385,1786553439709.247015,0,0,0,1,0,0,1,0
247386,1786553439710.253103,0,0,0,1,0,0,1,0
247387,1786553439711.277992,0,0,0,1,0,0,1,0
247388,1786553439712.278378,0,0,0,1,0,0,1,0
247389,1786553439713.287166,0,0,0,1,0,0,1,0
247390,1786553439714.292054,0,0,0,1,0,0,1,0
247391,1786553439715.325743,0,0,0,1,0,0,1,0
247392,1786553439716.335031,0,0,0,1,0,0,1,0
247393,1786553439717.327916,0,0,0,1,0,0,1,0
247394,1786553439718.330202,0,0,0,1,0,0,1,0
247395,1786553439719.338389,0,0,0,1,0,0,1,0
247396,1786553439720.346176,0,0,0,1,0,0,1,0
247397,1786553439721.353864,0,0,0,1,0,0,1,0
247398,1786553439722.362151,0,0,0,1,0,0,1,0
247399,1786553439723.368738,0,0,0,1,0,0,1,0
247400,1786553439724.376223,0,0,0,1,0,0,1,0
247401,1786553439725.385013,0,0,0,1,0,0,1,0
247402,1786553439726.392699,0,0,0,1,0,0,1,0
247403,1786553439727.401088,0,0,0,1,0,0,1,0
247404,1786553439728.412375,0,0,0,1,0,0,1,0
247405,1786553439729.418864,0,0,0,1,0,0,1,0
247406,1786553439730.446953,0,0,0,1,0,0,1,0
247407,1786553439731.460542,0,0,0,1,0,0,1,0
247408,1786553439732.450227,0,0,0,1,0,0,1,0
247409,1786553439733.457113,0,0,0,1,0,0,1,0
247410,1786553439734.465801,0,0,0,1,0,0,1,0
247411,1786553439735.473187,0,0,0,1,0,0,1,0
247412,1786553439736.480675,0,0,0,1,0,0,1,0
247413,1786553439737.488063,0,0,0,1,0,0,1,0
247414,1786553439738.497550,0,0,0,1,0,0,1,0
247415,1786553439739.505437,0,0,0,1,0,0,1,0
247416,1786553439740.515026,0,0,0,1,0,0,1,0
247417,1786553439741.521114,0,0,0,1,0,0,1,0
247418,1786553439742.530201,0,0,0,1,0,0,1,0
247419,1786553439743.537387,0,0,0,1,0,0,1,0
247420,1786553439744.560576,0,0,0,1,0,0,1,0
247421,1786553439745.561963,0,0,0,1,0,0,1,0
247422,1786553439746.584752,0,0,0,1,0,0,1,0
247423,1786553439747.584239,0,0,0,1,0,0,1,0
247424,1786553439748.591525,0,0,0,1,0,0,1,0
247425,1786553439749.597110,0,0,0,1,0,0,1,0
247426,1786553439750.606198,0,0,0,1,0,0,1,0
247427,1786553439751.614485,0,0,0,1,0,0,1,0
247428,1786553439752.620572,0,0,0,1,0,0,1,0
247429,1786553439753.629160,0,0,0,1,0,0,1,0
247430,1786553439754.635847,0,0,0,1,0,0,1,0
247431,1786553439755.644433,0,0,0,1,0,0,1,0
247432,1786553439756.652521,0,0,0,1,0,0,1,0
247433,1786553439757.659308,0,0,0,1,0,0,1,0
247434,1786553439758.667095,0,0,0,1,0,0,1,0
247435,1786553439759.675482,0,0,0,1,0,0,1,0
247436,1786553439760.691372,0,0,0,1,0,0,1,0
247437,1786553439761.710759,0,0,0,1,0,0,1,0
247438,1786553439762.709846,0,0,0,1,0,0,1,0
247439,1786553439763.714635,0,0,0,1,0,0,1,0
247440,1786553439764.722722,0,0,0,1,0,0,1,0
247441,1786553439765.730009,0,0,0,1,0,0,1,0
247442,1786553439766.738397,0,0,0,1,0,0,1,0
247443,1786553439767.746285,0,0,0,1,0,0,1,0
247444,1786553439768.756472,0,0,0,1,0,0,1,0
247445,1786553439769.762560,0,0,0,1,0,0,1,0
247446,1786553439770.774248,0,0,0,1,0,0,1,0
247447,1786553439771.781136,0,0,0,1,0,0,1,0
247448,1786553439772.789723,0,0,0,1,0,0,1,0
247449,1786553439773.797410,0,0,0,1,0,0,1,0
247450,1786553439774.822701,0,0,0,1,0,0,1,0
247451,1786553439775.832788,0,0,0,1,0,0,1,0
247452,1786553439776.861377,0,0,0,1,0,0,1,0
247453,1786553439777.850864,0,0,0,1,0,0,1,0
247454,1786553439778.861052,0,0,0,1,0,0,1,0
247455,1786553439779.860338,0,0,0,1,0,0,1,0
247456,1786553439780.867424,0,0,0,1,0,0,1,0
247457,1786553439781.875111,0,0,0,1,0,0,1,0
247458,1786553439782.882899,0,0,0,1,0,0,1,0
247459,1786553439783.891087,0,0,0,1,0,0,1,0
247460,1786553439784.905076,0,0,0,1,0,0,1,0
247461,1786553439785.907263,0,0,0,1,0,0,1,0
247462,1786553439786.918550,0,0,0,1,0,0,1,0
247463,1786553439787.922038,0,0,0,1,0,0,1,0
247464,1786553439788.931226,0,0,0,1,0,0,1,0
247465,1786553439789.938913,0,0,0,1,0,0,1,0
247466,1786553439790.954700,0,0,0,1,0,0,1,0
247467,1786553439791.977689,0,0,0,1,0,0,1,0
247468,1786553439792.984277,0,0,0,1,0,0,1,0
247469,1786553439794.125575,0,0,0,1,0,0,1,0
247470,1786553439795.128862,0,0,0,1,0,0,1,0
247471,1786553439796.135849,0,0,0,1,0,0,1,0
247472,1786553439797.143737,0,0,0,1,0,0,1,0
247473,1786553439798.150224,0,0,0,1,0,0,1,0
247474,1786553439799.159514,0,0,0,1,0,0,1,0
247475,1786553439800.167603,0,0,0,1,0,0,1,0
247476,1786553439801.175993,0,0,0,1,0,0,1,0
247477,1786553439802.183579,0,0,0,1,0,0,1,0
247478,1786553439803.191967,0,0,0,1,0,0,1,0
247479,1786553439804.199653,0,0,0,1,0,0,1,0
247480,1786553439805.211940,0,0,0,1,0,0,1,0
247481,1786553439806.241829,0,0,0,1,0,0,1,0
247482,1786553439807.234815,0,0,0,1,0,0,1,0
247483,1786553439808.239702,0,0,0,1,0,0,1,0
247484,1786553439809.248189,0,0,0,1,0,0,1,0
247485,1786553439810.255076,0,0,0,1,0,0,1,0
247486,1786553439811.262061,0,0,0,1,0,0,1,0
247487,1786553439812.269349,0,0,0,1,0,0,1,0
247488,1786553439813.277335,0,0,0,1,0,0,1,0
247489,1786553439814.287623,0,0,0,1,0,0,1,0
247490,1786553439815.293210,0,0,0,1,0,0,1,0
247491,1786553439816.304296,0,0,0,1,0,0,1,0
247492,1786553439817.310985,0,0,0,1,0,0,1,0
247493,1786553439818.318474,0,0,0,1,0,0,1,0
247494,1786553439819.326760,0,0,0,1,0,0,1,0
247495,1786553439820.333849,0,0,0,1,0,0,1,0
247496,1786553439821.768575,0,0,0,1,0,0,1,0
247497,1786553439822.360528,0,0,0,1,0,0,1,0
247498,1786553439823.377116,0,0,0,1,0,0,1,0
247499,1786553439824.368301,0,0,0,1,0,0,1,0
247500,1786553439825.384390,0,0,0,1,0,0,1,0
247501,1786553439826.384877,0,0,0,1,0,0,1,0
247502,1786553439827.394165,0,0,0,1,0,0,1,0
247503,1786553439828.397952,0,0,0,1,0,0,1,0
247504,1786553439829.409142,0,0,0,1,0,0,1,0
247505,1786553439830.413228,0,0,0,1,0,0,1,0
247506,1786553439831.421916,0,0,0,1,0,0,1,0
247507,1786553439832.429203,0,0,0,1,0,0,1,0
247508,1786553439833.435889,0,0,0,1,0,0,1,0
247509,1786553439834.445576,0,0,0,1,0,0,1,0
247510,1786553439835.453762,0,0,0,1,0,0,1,0
247511,1786553439836.468552,0,0,0,1,0,0,1,0
247512,1786553439837.470740,0,0,0,1,0,0,1,0
247513,1786553439838.476927,0,0,0,1,0,0,1,0
247514,1786553439839.484614,0,0,0,1,0,0,1,0
247515,1786553439840.491903,0,0,0,1,0,0,1,0
247516,1786553439841.504590,0,0,0,1,0,0,1,0
247517,1786553439842.508677,0,0,0,1,0,0,1,0
247518,1786553439843.517065,0,0,0,1,0,0,1,0
247519,1786553439844.523252,0,0,0,1,0,0,1,0
247520,1786553439845.533540,0,0,0,1,0,0,1,0
247521,1786553439846.542128,0,0,0,1,0,0,1,0
247522,1786553439847.552417,0,0,0,1,0,0,1,0
247523,1786553439848.564606,0,0,0,1,0,0,1,0
247524,1786553439849.572993,0,0,0,1,0,0,1,0
247525,1786553439850.581381,0,0,0,1,0,0,1,0
247526,1786553439851.610471,0,0,0,1,0,0,1,0
247527,1786553439852.619160,0,0,0,1,0,0,1,0
247528,1786553439853.616347,0,0,0,1,0,0,1,0
247529,1786553439854.622535,0,0,0,1,0,0,1,0
247530,1786553439855.626621,0,0,0,1,0,0,1,0
247531,1786553439856.633709,0,0,0,1,0,0,1,0
247532,1786553439857.650597,0,0,0,1,0,0,1,0
247533,1786553439858.649483,0,0,0,1,0,0,1,0
247534,1786553439859.656873,0,0,0,1,0,0,1,0
247535,1786553439860.664260,0,0,0,1,0,0,1,0
247536,1786553439861.672646,0,0,0,1,0,0,1,0
247537,1786553439862.680533,0,0,0,1,0,0,1,0
247538,1786553439863.690422,0,0,0,1,0,0,1,0
247539,1786553439864.697308,0,0,0,1,0,0,1,0
247540,1786553439865.708996,0,0,0,1,0,0,1,0
247541,1786553439866.725283,0,0,0,1,0,0,1,0
247542,1786553439867.730071,0,0,0,1,0,0,1,0
247543,1786553439868.730958,0,0,0,1,0,0,1,0
247544,1786553439869.740344,0,0,0,1,0,0,1,0
247545,1786553439870.748531,0,0,0,1,0,0,1,0
247546,1786553439871.753819,0,0,0,1,0,0,1,0
247547,1786553439872.763807,0,0,0,1,0,0,1,0
247548,1786553439873.772991,0,0,0,1,0,0,1,0
247549,1786553439874.797181,0,0,0,1,0,0,1,0
247550,1786553439875.787866,0,0,0,1,0,0,1,0
247551,1786553439876.794755,0,0,0,1,0,0,1,0
247552,1786553439877.802741,0,0,0,1,0,0,1,0
247553,1786553439878.823130,0,0,0,1,0,0,1,0
247554,1786553439879.829119,0,0,0,1,0,0,1,0
247555,1786553439880.835607,0,0,0,1,0,0,1,0
247556,1786553439881.848096,0,0,0,1,0,0,1,0
247557,1786553439882.874884,0,0,0,1,0,0,1,0
247558,1786553439883.866570,0,0,0,1,0,0,1,0
247559,1786553439884.880658,0,0,0,1,0,0,1,0
247560,1786553439885.880145,0,0,0,1,0,0,1,0
247561,1786553439886.889133,0,0,0,1,0,0,1,0
247562,1786553439887.896421,0,0,0,1,0,0,1,0
247563,1786553439888.902608,0,0,0,1,0,0,1,0
247564,1786553439889.920894,0,0,0,1,0,0,1,0
247565,1786553439890.954284,0,0,0,1,0,0,1,0
247566,1786553439891.934771,0,0,0,1,0,0,1,0
247567,1786553439892.964660,0,0,0,1,0,0,1,0
247568,1786553439894.140262,0,0,0,1,0,0,1,0
247569,1786553439894.959932,0,0,0,1,0,0,1,0
247570,1786553439895.966519,0,0,0,1,0,0,1,0
247571,1786553439897.228429,0,0,0,1,0,0,1,0
247572,1786553439898.064001,0,0,0,1,0,0,1,0
247573,1786553439899.066188,0,0,0,1,0,0,1,0
247574,1786553439900.072775,0,0,0,1,0,0,1,0
247575,1786553439901.080461,0,0,0,1,0,0,1,0
247576,1786553439902.088848,0,0,0,1,0,0,1,0
247577,1786553439903.095635,0,0,0,1,0,0,1,0
247578,1786553439904.103423,0,0,0,1,0,0,1,0
247579,1786553439905.111907,0,0,0,1,0,0,1,0
247580,1786553439906.129396,0,0,0,1,0,0,1,0
247581,1786553439907.133484,0,0,0,1,0,0,1,0
247582,1786553439908.141773,0,0,0,1,0,0,1,0
247583,1786553439909.148762,0,0,0,1,0,0,1,0
247584,1786553439910.158050,0,0,0,1,0,0,1,0
247585,1786553439911.176237,0,0,0,1,0,0,1,0
247586,1786553439912.178824,0,0,0,1,0,0,1,0
247587,1786553439913.185112,0,0,0,1,0,0,1,0
247588,1786553439914.193600,0,0,0,1,0,0,1,0
247589,1786553439915.202087,0,0,0,1,0,0,1,0
247590,1786553439916.209574,0,0,0,1,0,0,1,0
247591,1786553439917.218460,0,0,0,1,0,0,1,0
247592,1786553439918.240349,0,0,0,1,0,0,1,0
247593,1786553439919.242335,0,0,0,1,0,0,1,0
247594,1786553439920.245121,0,0,0,1,0,0,1,0
247595,1786553439921.254109,0,0,0,1,0,0,1,0
247596,1786553439922.280697,0,0,0,1,0,0,1,0
247597,1786553439923.298486,0,0,0,1,0,0,1,0
247598,1786553439924.284272,0,0,0,1,0,0,1,0
247599,1786553439925.296161,0,0,0,1,0,0,1,0
247600,1786553439926.303448,0,0,0,1,0,0,1,0
247601,1786553439927.323734,0,0,0,1,0,0,1,0
247602,1786553439928.320720,0,0,0,1,0,0,1,0
247603,1786553439929.329208,0,0,0,1,0,0,1,0
247604,1786553439930.335495,0,0,0,1,0,0,1,0
247605,1786553439931.347582,0,0,0,1,0,0,1,0
247606,1786553439932.353169,0,0,0,1,0,0,1,0
247607,1786553439933.363356,0,0,0,1,0,0,1,0
247608,1786553439934.371244,0,0,0,1,0,0,1,0
247609,1786553439935.380232,0,0,0,1,0,0,1,0
247610,1786553439936.389020,0,0,0,1,0,0,1,0
247611,1786553439937.399908,0,0,0,1,0,0,1,0
247612,1786553439938.406796,0,0,0,1,0,0,1,0
247613,1786553439939.424283,0,0,0,1,0,0,1,0
247614,1786553439940.428171,0,0,0,1,0,0,1,0
247615,1786553439941.434859,0,0,0,1,0,0,1,0
247616,1786553439942.673464,0,0,0,1,0,0,1,0
247617,1786553439943.560940,0,0,0,1,0,0,1,0
247618,1786553439944.517623,0,0,0,1,0,0,1,0
247619,1786553439945.511409,0,0,0,1,0,0,1,0
247620,1786553439946.521896,0,0,0,1,0,0,1,0
247621,1786553439947.521583,0,0,0,1,0,0,1,0
247622,1786553439948.530369,0,0,0,1,0,0,1,0
247623,1786553439949.537056,0,0,0,1,0,0,1,0
247624,1786553439950.545843,0,0,0,1,0,0,1,0
247625,1786553439951.551831,0,0,0,1,0,0,1,0
247626,1786553439952.570319,0,0,0,1,0,0,1,0
247627,1786553439953.570805,0,0,0,1,0,0,1,0
247628,1786553439954.589994,0,0,0,1,0,0,1,0
247629,1786553439955.623284,0,0,0,1,0,0,1,0
247630,1786553439956.609771,0,0,0,1,0,0,1,0
247631,1786553439957.611057,0,0,0,1,0,0,1,0
247632,1786553439958.619345,0,0,0,1,0,0,1,0
247633,1786553439959.626632,0,0,0,1,0,0,1,0
247634,1786553439960.635121,0,0,0,1,0,0,1,0
247635,1786553439961.642409,0,0,0,1,0,0,1,0
247636,1786553439962.649697,0,0,0,1,0,0,1,0
247637,1786553439963.657584,0,0,0,1,0,0,1,0
247638,1786553439964.666673,0,0,0,1,0,0,1,0
247639,1786553439965.673558,0,0,0,1,0,0,1,0
247640,1786553439966.681145,0,0,0,1,0,0,1,0
247641,1786553439967.688932,0,0,0,1,0,0,1,0
247642,1786553439968.696118,0,0,0,1,0,0,1,0
247643,1786553439969.706504,0,0,0,1,0,0,1,0
247644,1786553439970.735294,0,0,0,1,0,0,1,0
247645,1786553439971.735281,0,0,0,1,0,0,1,0
247646,1786553439972.735569,0,0,0,1,0,0,1,0
247647,1786553439973.744156,0,0,0,1,0,0,1,0
247648,1786553439974.749543,0,0,0,1,0,0,1,0
247649,1786553439975.760530,0,0,0,1,0,0,1,0
247650,1786553439976.766217,0,0,0,1,0,0,1,0
247651,1786553439977.777006,0,0,0,1,0,0,1,0
247652,1786553439978.783993,0,0,0,1,0,0,1,0
247653,1786553439979.791380,0,0,0,1,0,0,1,0
247654,1786553439980.800468,0,0,0,1,0,0,1,0
247655,1786553439981.808355,0,0,0,1,0,0,1,0
247656,1786553439982.823744,0,0,0,1,0,0,1,0
247657,1786553439983.833331,0,0,0,1,0,0,1,0
247658,1786553439984.843219,0,0,0,1,0,0,1,0
247659,1786553439985.846406,0,0,0,1,0,0,1,0
247660,1786553439986.865593,0,0,0,1,0,0,1,0
247661,1786553439987.877381,0,0,0,1,0,0,1,0
247662,1786553439988.880468,0,0,0,1,0,0,1,0
247663,1786553439989.883256,0,0,0,1,0,0,1,0
247664,1786553439990.893845,0,0,0,1,0,0,1,0
247665,1786553439991.900432,0,0,0,1,0,0,1,0
247666,1786553439992.911719,0,0,0,1,0,0,1,0
247667,1786553439994.051518,0,0,0,1,0,0,1,0
247668,1786553439994.934395,0,0,0,1,0,0,1,0
247669,1786553439995.933280,0,0,0,1,0,0,1,0
247670,1786553439996.940466,0,0,0,1,0,0,1,0
247671,1786553439997.947254,0,0,0,1,0,0,1,0
247672,1786553439998.955341,0,0,0,1,0,0,1,0
247673,1786553439999.964130,0,0,0,1,0,0,1,0
247674,1786553440000.972917,0,0,0,1,0,0,1,0
247675,1786553440002.140017,0,0,0,1,0,0,1,0
247676,1786553440003.123903,0,0,0,1,0,0,1,0
247677,1786553440004.120290,0,0,0,1,0,0,1,0
247678,1786553440005.122777,0,0,0,1,0,0,1,0
247679,1786553440006.127663,0,0,0,1,0,0,1,0
247680,1786553440007.136150,0,0,0,1,0,0,1,0
247681,1786553440008.142135,0,0,0,1,0,0,1,0
247682,1786553440009.153823,0,0,0,1,0,0,1,0
247683,1786553440010.159911,0,0,0,1,0,0,1,0
247684,1786553440011.169097,0,0,0,1,0,0,1,0
247685,1786553440012.175386,0,0,0,1,0,0,1,0
247686,1786553440013.184574,0,0,0,1,0,0,1,0
247687,1786553440014.191661,0,0,0,1,0,0,1,0
247688,1786553440015.200849,0,0,0,1,0,0,1,0
247689,1786553440016.643473,0,0,0,1,0,0,1,0
247690,1786553440017.640359,0,0,0,1,0,0,1,0
247691,1786553440018.646046,0,0,0,1,0,0,1,0
247692,1786553440019.656935,0,0,0,1,0,0,1,0
247693,1786553440020.662624,0,0,0,1,0,0,1,0
247694,1786553440021.671212,0,0,0,1,0,0,1,0
247695,1786553440022.678600,0,0,0,1,0,0,1,0
247696,1786553440023.687587,0,0,0,1,0,0,1,0
247697,1786553440024.692374,0,0,0,1,0,0,1,0
247698,1786553440025.702363,0,0,0,1,0,0,1,0
247699,1786553440026.709150,0,0,0,1,0,0,1,0
247700,1786553440027.718035,0,0,0,1,0,0,1,0
247701,1786553440028.724823,0,0,0,1,0,0,1,0
247702,1786553440029.731511,0,0,0,1,0,0,1,0
247703,1786553440030.738299,0,0,0,1,0,0,1,0
247704,1786553440031.758487,0,0,0,1,0,0,1,0
247705,1786553440032.805079,0,0,0,1,0,0,1,0
247706,1786553440033.809465,0,0,0,1,0,0,1,0
247707,1786553440034.848656,0,0,0,1,0,0,1,0
247708,1786553440035.825040,0,0,0,1,0,0,1,0
247709,1786553440036.808126,0,0,0,1,0,0,1,0
247710,1786553440037.826216,0,0,0,1,0,0,1,0
247711,1786553440038.833403,0,0,0,1,0,0,1,0
247712,1786553440039.846590,0,0,0,1,0,0,1,0
247713,1786553440040.853876,0,0,0,1,0,0,1,0
247714,1786553440041.855063,0,0,0,1,0,0,1,0
247715,1786553440042.866652,0,0,0,1,0,0,1,0
247716,1786553440043.873339,0,0,0,1,0,0,1,0
247717,1786553440044.892126,0,0,0,1,0,0,1,0
247718,1786553440045.888512,0,0,0,1,0,0,1,0
247719,1786553440047.309836,0,0,0,1,0,0,1,0
247720,1786553440047.924191,0,0,0,1,0,0,1,0
247721,1786553440048.973482,0,0,0,1,0,0,1,0
247722,1786553440049.930764,0,0,0,1,0,0,1,0
247723,1786553440050.937551,0,0,0,1,0,0,1,0
247724,1786553440051.957040,0,0,0,1,0,0,1,0
247725,1786553440052.960527,0,0,0,1,0,0,1,0
247726,1786553440053.960616,0,0,0,1,0,0,1,0
247727,1786553440054.968605,0,0,0,1,0,0,1,0
247728,1786553440055.977693,0,0,0,1,0,0,1,0
247729,1786553440056.984781,0,0,0,1,0,0,1,0
247730,1786553440057.993670,0,0,0,1,0,0,1,0
247731,1786553440059.001357,0,0,0,1,0,0,1,0
247732,1786553440060.010245,0,0,0,1,0,0,1,0
247733,1786553440061.019632,0,0,0,1,0,0,1,0
247734,1786553440062.039620,0,0,0,1,0,0,1,0
247735,1786553440063.039205,0,0,0,1,0,0,1,0
247736,1786553440064.046592,0,0,0,1,0,0,1,0
247737,1786553440065.056180,0,0,0,1,0,0,1,0
247738,1786553440066.064567,0,0,0,1,0,0,1,0
247739,1786553440067.074955,0,0,0,1,0,0,1,0
247740,1786553440068.085843,0,0,0,1,0,0,1,0
247741,1786553440069.104333,0,0,0,1,0,0,1,0
247742,1786553440070.105520,0,0,0,1,0,0,1,0
247743,1786553440071.112808,0,0,0,1,0,0,1,0
247744,1786553440072.119996,0,0,0,1,0,0,1,0
247745,1786553440073.126982,0,0,0,1,0,0,1,0
247746,1786553440074.134270,0,0,0,1,0,0,1,0
247747,1786553440075.141058,0,0,0,1,0,0,1,0
247748,1786553440076.149145,0,0,0,1,0,0,1,0
247749,1786553440077.157432,0,0,0,1,0,0,1,0
247750,1786553440078.185620,0,0,0,1,0,0,1,0
247751,1786553440079.176906,0,0,0,1,0,0,1,0
247752,1786553440080.185294,0,0,0,1,0,0,1,0
247753,1786553440081.189679,0,0,0,1,0,0,1,0
247754,1786553440082.203169,0,0,0,1,0,0,1,0
247755,1786553440083.208455,0,0,0,1,0,0,1,0
247756,1786553440084.219144,0,0,0,1,0,0,1,0
247757,1786553440085.236032,0,0,0,1,0,0,1,0
247758,1786553440086.236120,0,0,0,1,0,0,1,0
247759,1786553440087.242106,0,0,0,1,0,0,1,0
247760,1786553440088.248692,0,0,0,1,0,0,1,0
247761,1786553440089.257279,0,0,0,1,0,0,1,0
247762,1786553440090.264966,0,0,0,1,0,0,1,0
247763,1786553440091.273453,0,0,0,1,0,0,1,0
247764,1786553440092.280241,0,0,0,1,0,0,1,0
247765,1786553440093.312930,0,0,0,1,0,0,1,0
247766,1786553440094.317116,0,0,0,1,0,0,1,0
247767,1786553440095.316404,0,0,0,1,0,0,1,0
247768,1786553440096.319993,0,0,0,1,0,0,1,0
247769,1786553440097.333980,0,0,0,1,0,0,1,0
247770,1786553440098.337167,0,0,0,1,0,0,1,0
247771,1786553440099.346555,0,0,0,1,0,0,1,0
247772,1786553440100.350742,0,0,0,1,0,0,1,0
247773,1786553440101.376432,0,0,0,1,0,0,1,0
247774,1786553440102.370820,0,0,0,1,0,0,1,0
247775,1786553440103.377106,0,0,0,1,0,0,1,0
247776,1786553440104.384193,0,0,0,1,0,0,1,0
247777,1786553440105.392182,0,0,0,1,0,0,1,0
247778,1786553440106.399669,0,0,0,1,0,0,1,0
247779,1786553440107.407357,0,0,0,1,0,0,1,0
247780,1786553440108.416345,0,0,0,1,0,0,1,0
247781,1786553440109.442433,0,0,0,1,0,0,1,0
247782,1786553440110.437919,0,0,0,1,0,0,1,0
247783,1786553440111.443407,0,0,0,1,0,0,1,0
247784,1786553440112.452895,0,0,0,1,0,0,1,0
247785,1786553440113.458282,0,0,0,1,0,0,1,0
247786,1786553440114.464669,0,0,0,1,0,0,1,0
247787,1786553440115.472758,0,0,0,1,0,0,1,0
247788,1786553440116.482746,0,0,0,1,0,0,1,0
247789,1786553440117.496231,0,0,0,1,0,0,1,0
247790,1786553440118.547623,0,0,0,1,0,0,1,0
247791,1786553440119.561312,0,0,0,1,0,0,1,0
247792,1786553440120.568502,0,0,0,1,0,0,1,0
247793,1786553440121.610492,0,0,0,1,0,0,1,0
247794,1786553440122.574876,0,0,0,1,0,0,1,0
247795,1786553440123.584164,0,0,0,1,0,0,1,0
247796,1786553440124.590650,0,0,0,1,0,0,1,0
247797,1786553440125.607938,0,0,0,1,0,0,1,0
247798,1786553440126.614727,0,0,0,1,0,0,1,0
247799,1786553440127.614411,0,0,0,1,0,0,1,0
247800,1786553440128.622000,0,0,0,1,0,0,1,0
247801,1786553440129.628687,0,0,0,1,0,0,1,0
247802,1786553440130.637476,0,0,0,1,0,0,1,0
247803,1786553440131.645962,0,0,0,1,0,0,1,0
247804,1786553440132.655249,0,0,0,1,0,0,1,0
247805,1786553440133.663138,0,0,0,1,0,0,1,0
247806,1786553440134.689727,0,0,0,1,0,0,1,0
247807,1786553440135.689214,0,0,0,1,0,0,1,0
247808,1786553440136.696902,0,0,0,1,0,0,1,0
247809,1786553440137.703991,0,0,0,1,0,0,1,0
247810,1786553440138.711878,0,0,0,1,0,0,1,0
247811,1786553440139.718667,0,0,0,1,0,0,1,0
247812,1786553440140.742856,0,0,0,1,0,0,1,0
247813,1786553440141.741542,0,0,0,1,0,0,1,0
247814,1786553440142.747130,0,0,0,1,0,0,1,0
247815,1786553440143.755218,0,0,0,1,0,0,1,0
247816,1786553440144.762005,0,0,0,1,0,0,1,0
247817,1786553440145.777095,0,0,0,1,0,0,1,0
247818,1786553440146.785582,0,0,0,1,0,0,1,0
247819,1786553440147.795669,0,0,0,1,0,0,1,0
247820,1786553440148.803457,0,0,0,1,0,0,1,0
247821,1786553440149.811644,0,0,0,1,0,0,1,0
247822,1786553440150.837834,0,0,0,1,0,0,1,0
247823,1786553440151.838721,0,0,0,1,0,0,1,0
247824,1786553440152.846908,0,0,0,1,0,0,1,0
247825,1786553440153.852497,0,0,0,1,0,0,1,0
247826,1786553440154.874386,0,0,0,1,0,0,1,0
247827,1786553440155.888371,0,0,0,1,0,0,1,0
247828,1786553440156.881459,0,0,0,1,0,0,1,0
247829,1786553440157.891447,0,0,0,1,0,0,1,0
247830,1786553440158.898935,0,0,0,1,0,0,1,0
247831,1786553440159.908824,0,0,0,1,0,0,1,0
247832,1786553440160.915810,0,0,0,1,0,0,1,0
247833,1786553440161.923898,0,0,0,1,0,0,1,0
247834,1786553440162.934186,0,0,0,1,0,0,1,0
247835,1786553440163.941773,0,0,0,1,0,0,1,0
247836,1786553440164.956362,0,0,0,1,0,0,1,0
247837,1786553440165.964049,0,0,0,1,0,0,1,0
247838,1786553440166.972637,0,0,0,1,0,0,1,0
247839,1786553440167.985625,0,0,0,1,0,0,1,0
247840,1786553440168.990512,0,0,0,1,0,0,1,0
247841,1786553440169.995199,0,0,0,1,0,0,1,0
247842,1786553440171.013788,0,0,0,1,0,0,1,0
247843,1786553440172.083578,0,0,0,1,0,0,1,0
247844,1786553440173.042161,0,0,0,1,0,0,1,0
247845,1786553440174.046148,0,0,0,1,0,0,1,0
247846,1786553440175.055635,0,0,0,1,0,0,1,0
247847,1786553440176.055722,0,0,0,1,0,0,1,0
247848,1786553440177.057108,0,0,0,1,0,0,1,0
247849,1786553440178.062796,0,0,0,1,0,0,1,0
247850,1786553440179.069083,0,0,0,1,0,0,1,0
247851,1786553440180.078372,0,0,0,1,0,0,1,0
247852,1786553440181.086260,0,0,0,1,0,0,1,0
247853,1786553440182.094347,0,0,0,1,0,0,1,0
247854,1786553440183.106733,0,0,0,1,0,0,1,0
247855,1786553440184.112320,0,0,0,1,0,0,1,0
247856,1786553440185.120808,0,0,0,1,0,0,1,0
247857,1786553440186.133597,0,0,0,1,0,0,1,0
247858,1786553440187.138786,0,0,0,1,0,0,1,0
247859,1786553440188.144472,0,0,0,1,0,0,1,0
247860,1786553440189.152159,0,0,0,1,0,0,1,0
247861,1786553440190.161448,0,0,0,1,0,0,1,0
247862,1786553440191.169637,0,0,0,1,0,0,1,0
247863,1786553440192.177925,0,0,0,1,0,0,1,0
247864,1786553440193.186713,0,0,0,1,0,0,1,0
247865,1786553440194.195700,0,0,0,1,0,0,1,0
247866,1786553440195.202788,0,0,0,1,0,0,1,0
247867,1786553440196.210677,0,0,0,1,0,0,1,0
247868,1786553440197.217765,0,0,0,1,0,0,1,0
247869,1786553440198.227653,0,0,0,1,0,0,1,0
247870,1786553440199.238640,0,0,0,1,0,0,1,0
247871,1786553440200.265029,0,0,0,1,0,0,1,0
247872,1786553440201.351724,0,0,0,1,0,0,1,0
247873,1786553440202.346211,0,0,0,1,0,0,1,0
247874,1786553440203.350798,0,0,0,1,0,0,1,0
247875,1786553440204.423689,0,0,0,1,0,0,1,0
247876,1786553440205.374872,0,0,0,1,0,0,1,0
247877,1786553440206.380760,0,0,0,1,0,0,1,0
247878,1786553440207.389146,0,0,0,1,0,0,1,0
247879,1786553440208.398933,0,0,0,1,0,0,1,0
247880,1786553440209.407122,0,0,0,1,0,0,1,0
247881,1786553440210.417108,0,0,0,1,0,0,1,0
247882,1786553440211.424896,0,0,0,1,0,0,1,0
247883,1786553440212.435284,0,0,0,1,0,0,1,0
247884,1786553440213.442771,0,0,0,1,0,0,1,0
247885,1786553440214.453459,0,0,0,1,0,0,1,0
247886,1786553440215.464747,0,0,0,1,0,0,1,0
247887,1786553440216.502937,0,0,0,1,0,0,1,0
247888,1786553440217.498723,0,0,0,1,0,0,1,0
247889,1786553440218.496510,0,0,0,1,0,0,1,0
247890,1786553440219.503196,0,0,0,1,0,0,1,0
247891,1786553440220.510782,0,0,0,1,0,0,1,0
247892,1786553440221.520869,0,0,0,1,0,0,1,0
247893,1786553440222.524457,0,0,0,1,0,0,1,0
247894,1786553440223.533346,0,0,0,1,0,0,1,0
247895,1786553440224.536733,0,0,0,1,0,0,1,0
247896,1786553440225.544620,0,0,0,1,0,0,1,0
247897,1786553440226.548408,0,0,0,1,0,0,1,0
247898,1786553440227.561395,0,0,0,1,0,0,1,0
247899,1786553440228.568183,0,0,0,1,0,0,1,0
247900,1786553440229.576071,0,0,0,1,0,0,1,0
247901,1786553440230.582057,0,0,0,1,0,0,1,0
247902,1786553440231.721057,0,0,0,1,0,0,1,0
247903,1786553440232.665240,0,0,0,1,0,0,1,0
247904,1786553440233.622923,0,0,0,1,0,0,1,0
247905,1786553440234.633010,0,0,0,1,0,0,1,0
247906,1786553440235.641397,0,0,0,1,0,0,1,0
247907,1786553440236.648284,0,0,0,1,0,0,1,0
247908,1786553440237.652672,0,0,0,1,0,0,1,0
247909,1786553440238.660358,0,0,0,1,0,0,1,0
247910,1786553440239.672146,0,0,0,1,0,0,1,0
247911,1786553440240.681335,0,0,0,1,0,0,1,0
247912,1786553440241.688622,0,0,0,1,0,0,1,0
247913,1786553440242.696609,0,0,0,1,0,0,1,0
247914,1786553440243.705895,0,0,0,1,0,0,1,0
247915,1786553440244.716183,0,0,0,1,0,0,1,0
247916,1786553440245.724971,0,0,0,1,0,0,1,0
247917,1786553440246.781664,0,0,0,1,0,0,1,0
247918,1786553440247.791353,0,0,0,1,0,0,1,0
247919,1786553440248.805240,0,0,0,1,0,0,1,0
247920,1786553440249.825529,0,0,0,1,0,0,1,0
247921,1786553440250.799314,0,0,0,1,0,0,1,0
247922,1786553440251.798701,0,0,0,1,0,0,1,0
247923,1786553440252.808789,0,0,0,1,0,0,1,0
247924,1786553440253.825478,0,0,0,1,0,0,1,0
247925,1786553440254.841167,0,0,0,1,0,0,1,0
247926,1786553440255.838455,0,0,0,1,0,0,1,0
247927,1786553440256.845741,0,0,0,1,0,0,1,0
247928,1786553440257.857029,0,0,0,1,0,0,1,0
247929,1786553440258.864717,0,0,0,1,0,0,1,0
247930,1786553440259.877604,0,0,0,1,0,0,1,0
247931,1786553440260.888193,0,0,0,1,0,0,1,0
247932,1786553440261.912382,0,0,0,1,0,0,1,0
247933,1786553440262.927269,0,0,0,1,0,0,1,0
247934,1786553440263.916655,0,0,0,1,0,0,1,0
247935,1786553440264.990249,0,0,0,1,0,0,1,0
247936,1786553440265.947733,0,0,0,1,0,0,1,0
247937,1786553440266.944720,0,0,0,1,0,0,1,0
247938,1786553440267.951706,0,0,0,1,0,0,1,0
247939,1786553440268.955192,0,0,0,1,0,0,1,0
247940,1786553440269.960078,0,0,0,1,0,0,1,0
247941,1786553440270.964464,0,0,0,1,0,0,1,0
247942,1786553440271.970053,0,0,0,1,0,0,1,0
247943,1786553440272.980140,0,0,0,1,0,0,1,0
247944,1786553440273.994228,0,0,0,1,0,0,1,0
247945,1786553440275.001715,0,0,0,1,0,0,1,0
247946,1786553440276.005803,0,0,0,1,0,0,1,0
247947,1786553440277.926871,0,0,0,1,0,0,1,0
247948,1786553440278.298705,0,0,0,1,0,0,1,0
247949,1786553440279.189882,0,0,0,1,0,0,1,0
247950,1786553440280.202172,0,0,0,1,0,0,1,0
247951,1786553440281.201061,0,0,0,1,0,0,1,0
247952,1786553440282.206148,0,0,0,1,0,0,1,0
247953,1786553440283.213433,0,0,0,1,0,0,1,0
247954,1786553440284.219421,0,0,0,1,0,0,1,0
247955,1786553440285.227809,0,0,0,1,0,0,1,0
247956,1786553440286.238397,0,0,0,1,0,0,1,0
247957,1786553440287.247885,0,0,0,1,0,0,1,0
247958,1786553440288.257074,0,0,0,1,0,0,1,0
247959,1786553440289.267561,0,0,0,1,0,0,1,0
247960,1786553440290.276747,0,0,0,1,0,0,1,0
247961,1786553440291.295435,0,0,0,1,0,0,1,0
247962,1786553440292.299223,0,0,0,1,0,0,1,0
247963,1786553440293.309311,0,0,0,1,0,0,1,0
247964,1786553440294.321598,0,0,0,1,0,0,1,0
247965,1786553440295.328687,0,0,0,1,0,0,1,0
247966,1786553440296.350975,0,0,0,1,0,0,1,0
247967,1786553440297.359762,0,0,0,1,0,0,1,0
247968,1786553440298.363148,0,0,0,1,0,0,1,0
247969,1786553440299.371236,0,0,0,1,0,0,1,0
247970,1786553440300.376223,0,0,0,1,0,0,1,0
247971,1786553440301.386910,0,0,0,1,0,0,1,0
247972,1786553440302.394097,0,0,0,1,0,0,1,0
247973,1786553440303.405486,0,0,0,1,0,0,1,0
247974,1786553440304.411871,0,0,0,1,0,0,1,0
247975,1786553440305.425058,0,0,0,1,0,0,1,0
247976,1786553440306.432344,0,0,0,1,0,0,1,0
247977,1786553440307.593246,0,0,0,1,0,0,1,0
247978,1786553440308.549630,0,0,0,1,0,0,1,0
247979,1786553440309.546516,0,0,0,1,0,0,1,0
247980,1786553440310.616609,0,0,0,1,0,0,1,0
247981,1786553440311.571691,0,0,0,1,0,0,1,0
247982,1786553440312.583178,0,0,0,1,0,0,1,0
247983,1786553440313.586766,0,0,0,1,0,0,1,0
247984,1786553440314.591653,0,0,0,1,0,0,1,0
247985,1786553440315.596839,0,0,0,1,0,0,1,0
247986,1786553440316.606528,0,0,0,1,0,0,1,0
247987,1786553440317.621615,0,0,0,1,0,0,1,0
247988,1786553440318.623302,0,0,0,1,0,0,1,0
247989,1786553440319.626889,0,0,0,1,0,0,1,0
247990,1786553440320.649377,0,0,0,1,0,0,1,0
247991,1786553440321.651764,0,0,0,1,0,0,1,0
247992,1786553440322.652752,0,0,0,1,0,0,1,0
247993,1786553440323.660439,0,0,0,1,0,0,1,0
247994,1786553440324.665524,0,0,0,1,0,0,1,0
247995,1786553440325.675710,0,0,0,1,0,0,1,0
247996,1786553440326.681796,0,0,0,1,0,0,1,0
247997,1786553440327.692384,0,0,0,1,0,0,1,0
247998,1786553440328.712274,0,0,0,1,0,0,1,0
247999,1786553440329.711961,0,0,0,1,0,0,1,0
248000,1786553440330.719648,0,0,0,1,0,0,1,0
248001,1786553440331.726837,0,0,0,1,0,0,1,0
248002,1786553440332.731023,0,0,0,1,0,0,1,0
248003,1786553440333.738110,0,0,0,1,0,0,1,0
248004,1786553440334.745498,0,0,0,1,0,0,1,0
248005,1786553440335.765686,0,0,0,1,0,0,1,0
248006,1786553440336.767172,0,0,0,1,0,0,1,0
248007,1786553440337.775360,0,0,0,1,0,0,1,0
248008,1786553440338.781547,0,0,0,1,0,0,1,0
248009,1786553440339.789535,0,0,0,1,0,0,1,0
248010,1786553440340.796423,0,0,0,1,0,0,1,0
248011,1786553440341.804612,0,0,0,1,0,0,1,0
248012,1786553440342.822900,0,0,0,1,0,0,1,0
248013,1786553440343.830188,0,0,0,1,0,0,1,0
248014,1786553440344.845776,0,0,0,1,0,0,1,0
248015,1786553440345.850665,0,0,0,1,0,0,1,0
248016,1786553440346.864754,0,0,0,1,0,0,1,0
248017,1786553440347.868141,0,0,0,1,0,0,1,0
248018,1786553440348.876728,0,0,0,1,0,0,1,0
248019,1786553440349.881716,0,0,0,1,0,0,1,0
248020,1786553440350.890003,0,0,0,1,0,0,1,0
248021,1786553440351.920894,0,0,0,1,0,0,1,0
248022,1786553440352.916881,0,0,0,1,0,0,1,0
248023,1786553440353.922769,0,0,0,1,0,0,1,0
248024,1786553440354.937157,0,0,0,1,0,0,1,0
248025,1786553440355.944744,0,0,0,1,0,0,1,0
248026,1786553440356.951932,0,0,0,1,0,0,1,0
248027,1786553440357.959120,0,0,0,1,0,0,1,0
248028,1786553440358.967207,0,0,0,1,0,0,1,0
248029,1786553440359.975495,0,0,0,1,0,0,1,0
248030,1786553440360.985784,0,0,0,1,0,0,1,0
248031,1786553440361.994572,0,0,0,1,0,0,1,0
248032,1786553440363.000560,0,0,0,1,0,0,1,0
248033,1786553440364.007148,0,0,0,1,0,0,1,0
248034,1786553440365.017135,0,0,0,1,0,0,1,0
248035,1786553440366.023523,0,0,0,1,0,0,1,0
248036,1786553440367.032012,0,0,0,1,0,0,1,0
248037,1786553440368.257418,0,0,0,1,0,0,1,0
248038,1786553440369.262506,0,0,0,1,0,0,1,0
248039,1786553440370.273493,0,0,0,1,0,0,1,0
248040,1786553440371.278781,0,0,0,1,0,0,1,0
248041,1786553440372.278068,0,0,0,1,0,0,1,0
248042,1786553440373.284155,0,0,0,1,0,0,1,0
248043,1786553440374.290443,0,0,0,1,0,0,1,0
248044,1786553440375.300332,0,0,0,1,0,0,1,0
248045,1786553440376.306620,0,0,0,1,0,0,1,0
248046,1786553440377.321008,0,0,0,1,0,0,1,0
248047,1786553440378.328596,0,0,0,1,0,0,1,0
248048,1786553440379.333684,0,0,0,1,0,0,1,0
248049,1786553440380.339473,0,0,0,1,0,0,1,0
248050,1786553440381.345959,0,0,0,1,0,0,1,0
248051,1786553440382.354048,0,0,0,1,0,0,1,0
248052,1786553440383.368736,0,0,0,1,0,0,1,0
248053,1786553440384.373923,0,0,0,1,0,0,1,0
248054,1786553440385.378509,0,0,0,1,0,0,1,0
248055,1786553440386.415902,0,0,0,1,0,0,1,0
248056,1786553440387.395089,0,0,0,1,0,0,1,0
248057,1786553440388.399878,0,0,0,1,0,0,1,0
248058,1786553440389.411166,0,0,0,1,0,0,1,0
248059,1786553440390.434055,0,0,0,1,0,0,1,0
248060,1786553440391.428941,0,0,0,1,0,0,1,0
248061,1786553440392.441229,0,0,0,1,0,0,1,0
248062,1786553440393.448018,0,0,0,1,0,0,1,0
248063,1786553440394.465806,0,0,0,1,0,0,1,0
248064,1786553440395.468492,0,0,0,1,0,0,1,0
248065,1786553440396.476479,0,0,0,1,0,0,1,0
248066,1786553440397.484166,0,0,0,1,0,0,1,0
248067,1786553440398.801681,0,0,0,1,0,0,1,0
248068,1786553440399.507843,0,0,0,1,0,0,1,0
248069,1786553440400.513329,0,0,0,1,0,0,1,0
248070,1786553440401.521217,0,0,0,1,0,0,1,0
248071,1786553440402.529206,0,0,0,1,0,0,1,0
248072,1786553440403.537493,0,0,0,1,0,0,1,0
248073,1786553440404.561982,0,0,0,1,0,0,1,0
248074,1786553440405.559566,0,0,0,1,0,0,1,0
248075,1786553440406.567155,0,0,0,1,0,0,1,0
248076,1786553440407.575943,0,0,0,1,0,0,1,0
248077,1786553440408.583230,0,0,0,1,0,0,1,0
248078,1786553440409.591317,0,0,0,1,0,0,1,0
248079,1786553440410.628608,0,0,0,1,0,0,1,0
248080,1786553440411.617795,0,0,0,1,0,0,1,0
248081,1786553440412.624982,0,0,0,1,0,0,1,0
248082,1786553440413.640270,0,0,0,1,0,0,1,0
248083,1786553440414.687959,0,0,0,1,0,0,1,0
248084,1786553440415.696147,0,0,0,1,0,0,1,0
248085,1786553440416.710536,0,0,0,1,0,0,1,0
248086,1786553440417.687520,0,0,0,1,0,0,1,0
248087,1786553440418.694807,0,0,0,1,0,0,1,0
248088,1786553440419.706794,0,0,0,1,0,0,1,0
248089,1786553440420.715383,0,0,0,1,0,0,1,0
248090,1786553440421.739872,0,0,0,1,0,0,1,0
248091,1786553440422.742958,0,0,0,1,0,0,1,0
248092,1786553440423.747043,0,0,0,1,0,0,1,0
248093,1786553440424.753731,0,0,0,1,0,0,1,0
248094,1786553440425.761917,0,0,0,1,0,0,1,0
248095,1786553440426.773004,0,0,0,1,0,0,1,0
248096,1786553440427.805093,0,0,0,1,0,0,1,0
248097,1786553440428.796480,0,0,0,1,0,0,1,0
248098,1786553440429.839671,0,0,0,1,0,0,1,0
248099,1786553440430.831057,0,0,0,1,0,0,1,0
248100,1786553440431.835543,0,0,0,1,0,0,1,0
248101,1786553440432.842931,0,0,0,1,0,0,1,0
248102,1786553440433.856217,0,0,0,1,0,0,1,0
248103,1786553440434.870906,0,0,0,1,0,0,1,0
248104,1786553440435.871192,0,0,0,1,0,0,1,0
248105,1786553440436.878981,0,0,0,1,0,0,1,0
248106,1786553440437.886268,0,0,0,1,0,0,1,0
248107,1786553440438.894256,0,0,0,1,0,0,1,0
248108,1786553440439.902044,0,0,0,1,0,0,1,0
248109,1786553440440.911529,0,0,0,1,0,0,1,0
248110,1786553440441.921216,0,0,0,1,0,0,1,0
248111,1786553440442.927903,0,0,0,1,0,0,1,0
248112,1786553440443.964592,0,0,0,1,0,0,1,0
248113,1786553440444.964880,0,0,0,1,0,0,1,0
248114,1786553440445.965467,0,0,0,1,0,0,1,0
248115,1786553440446.972654,0,0,0,1,0,0,1,0
248116,1786553440447.983841,0,0,0,1,0,0,1,0
248117,1786553440448.990129,0,0,0,1,0,0,1,0
248118,1786553440450.014319,0,0,0,1,0,0,1,0
248119,1786553440451.010105,0,0,0,1,0,0,1,0
248120,1786553440452.020394,0,0,0,1,0,0,1,0
248121,1786553440453.024380,0,0,0,1,0,0,1,0
248122,1786553440454.032168,0,0,0,1,0,0,1,0
248123,1786553440455.042055,0,0,0,1,0,0,1,0
248124,1786553440456.051842,0,0,0,1,0,0,1,0
248125,1786553440457.059029,0,0,0,1,0,0,1,0
248126,1786553440458.068618,0,0,0,1,0,0,1,0
248127,1786553440459.078107,0,0,0,1,0,0,1,0
248128,1786553440460.479026,0,0,0,1,0,0,1,0
248129,1786553440461.204788,0,0,0,1,0,0,1,0
248130,1786553440462.173872,0,0,0,1,0,0,1,0
248131,1786553440463.195662,0,0,0,1,0,0,1,0
248132,1786553440464.180747,0,0,0,1,0,0,1,0
248133,1786553440465.189733,0,0,0,1,0,0,1,0
248134,1786553440466.192921,0,0,0,1,0,0,1,0
248135,1786553440467.202910,0,0,0,1,0,0,1,0
248136,1786553440468.210896,0,0,0,1,0,0,1,0
248137,1786553440469.220084,0,0,0,1,0,0,1,0
248138,1786553440470.236272,0,0,0,1,0,0,1,0
248139,1786553440471.237358,0,0,0,1,0,0,1,0
248140,1786553440472.247344,0,0,0,1,0,0,1,0
248141,1786553440473.257033,0,0,0,1,0,0,1,0
248142,1786553440474.272821,0,0,0,1,0,0,1,0
248143,1786553440475.294010,0,0,0,1,0,0,1,0
248144,1786553440476.295299,0,0,0,1,0,0,1,0
248145,1786553440477.305485,0,0,0,1,0,0,1,0
248146,1786553440478.309772,0,0,0,1,0,0,1,0
248147,1786553440479.320260,0,0,0,1,0,0,1,0
248148,1786553440480.328747,0,0,0,1,0,0,1,0
248149,1786553440481.337734,0,0,0,1,0,0,1,0
248150,1786553440482.345322,0,0,0,1,0,0,1,0
248151,1786553440483.358411,0,0,0,1,0,0,1,0
248152,1786553440484.364200,0,0,0,1,0,0,1,0
248153,1786553440485.373788,0,0,0,1,0,0,1,0
248154,1786553440486.415978,0,0,0,1,0,0,1,0
248155,1786553440487.391462,0,0,0,1,0,0,1,0
248156,1786553440488.401251,0,0,0,1,0,0,1,0
248157,1786553440489.411637,0,0,0,1,0,0,1,0
248158,1786553440490.473331,0,0,0,1,0,0,1,0
248159,1786553440491.448415,0,0,0,1,0,0,1,0
248160,1786553440492.452102,0,0,0,1,0,0,1,0
248161,1786553440493.450589,0,0,0,1,0,0,1,0
248162,1786553440494.466277,0,0,0,1,0,0,1,0
248163,1786553440495.468664,0,0,0,1,0,0,1,0
248164,1786553440496.477051,0,0,0,1,0,0,1,0
248165,1786553440497.485139,0,0,0,1,0,0,1,0
248166,1786553440498.494228,0,0,0,1,0,0,1,0
248167,1786553440499.503615,0,0,0,1,0,0,1,0
248168,1786553440500.513502,0,0,0,1,0,0,1,0
248169,1786553440501.521289,0,0,0,1,0,0,1,0
248170,1786553440502.531377,0,0,0,1,0,0,1,0
248171,1786553440503.539265,0,0,0,1,0,0,1,0
248172,1786553440504.563554,0,0,0,1,0,0,1,0
248173,1786553440505.586744,0,0,0,1,0,0,1,0
248174,1786553440506.579531,0,0,0,1,0,0,1,0
248175,1786553440507.582517,0,0,0,1,0,0,1,0
248176,1786553440508.592406,0,0,0,1,0,0,1,0
248177,1786553440509.602895,0,0,0,1,0,0,1,0
248178,1786553440510.607182,0,0,0,1,0,0,1,0
248179,1786553440511.615269,0,0,0,1,0,0,1,0
248180,1786553440512.623958,0,0,0,1,0,0,1,0
248181,1786553440513.630046,0,0,0,1,0,0,1,0
248182,1786553440514.664837,0,0,0,1,0,0,1,0
248183,1786553440515.662224,0,0,0,1,0,0,1,0
248184,1786553440516.723817,0,0,0,1,0,0,1,0
248185,1786553440517.675299,0,0,0,1,0,0,1,0
248186,1786553440518.676885,0,0,0,1,0,0,1,0
248187,1786553440519.683172,0,0,0,1,0,0,1,0
248188,1786553440520.797669,0,0,0,1,0,0,1,0
248189,1786553440521.709748,0,0,0,1,0,0,1,0
248190,1786553440522.715235,0,0,0,1,0,0,1,0
248191,1786553440523.718323,0,0,0,1,0,0,1,0
248192,1786553440524.727609,0,0,0,1,0,0,1,0
248193,1786553440525.732595,0,0,0,1,0,0,1,0
248194,1786553440526.736983,0,0,0,1,0,0,1,0
248195,1786553440527.741870,0,0,0,1,0,0,1,0
248196,1786553440528.748259,0,0,0,1,0,0,1,0
248197,1786553440529.755045,0,0,0,1,0,0,1,0
248198,1786553440530.762732,0,0,0,1,0,0,1,0
248199,1786553440531.774319,0,0,0,1,0,0,1,0
248200,1786553440532.781406,0,0,0,1,0,0,1,0
248201,1786553440533.789693,0,0,0,1,0,0,1,0
248202,1786553440534.806683,0,0,0,1,0,0,1,0
248203,1786553440535.810370,0,0,0,1,0,0,1,0
248204,1786553440536.830459,0,0,0,1,0,0,1,0
248205,1786553440537.837146,0,0,0,1,0,0,1,0
248206,1786553440538.842933,0,0,0,1,0,0,1,0
248207,1786553440539.847821,0,0,0,1,0,0,1,0
248208,1786553440540.856709,0,0,0,1,0,0,1,0
248209,1786553440541.869298,0,0,0,1,0,0,1,0
248210,1786553440542.874784,0,0,0,1,0,0,1,0
248211,1786553440543.882372,0,0,0,1,0,0,1,0
248212,1786553440544.899459,0,0,0,1,0,0,1,0
248213,1786553440545.899245,0,0,0,1,0,0,1,0
248214,1786553440546.973738,0,0,0,1,0,0,1,0
248215,1786553440547.926820,0,0,0,1,0,0,1,0
248216,1786553440548.931107,0,0,0,1,0,0,1,0
248217,1786553440549.943494,0,0,0,1,0,0,1,0
248218,1786553440550.942682,0,0,0,1,0,0,1,0
248219,1786553440551.958269,0,0,0,1,0,0,1,0
248220,1786553440552.962056,0,0,0,1,0,0,1,0
248221,1786553440553.965944,0,0,0,1,0,0,1,0
248222,1786553440554.969832,0,0,0,1,0,0,1,0
248223,1786553440555.983121,0,0,0,1,0,0,1,0
248224,1786553440556.991608,0,0,0,1,0,0,1,0
248225,1786553440558.012596,0,0,0,1,0,0,1,0
248226,1786553440559.011282,0,0,0,1,0,0,1,0
248227,1786553440560.017870,0,0,0,1,0,0,1,0
248228,1786553440561.024757,0,0,0,1,0,0,1,0
248229,1786553440562.031945,0,0,0,1,0,0,1,0
248230,1786553440563.042831,0,0,0,1,0,0,1,0
248231,1786553440564.049820,0,0,0,1,0,0,1,0
248232,1786553440565.062209,0,0,0,1,0,0,1,0
248233,1786553440566.069296,0,0,0,1,0,0,1,0
248234,1786553440567.123587,0,0,0,1,0,0,1,0
248235,1786553440568.086172,0,0,0,1,0,0,1,0
248236,1786553440569.105660,0,0,0,1,0,0,1,0
248237,1786553440570.109047,0,0,0,1,0,0,1,0
248238,1786553440571.120336,0,0,0,1,0,0,1,0
248239,1786553440572.125324,0,0,0,1,0,0,1,0
248240,1786553440573.135213,0,0,0,1,0,0,1,0
248241,1786553440574.140400,0,0,0,1,0,0,1,0
248242,1786553440575.162187,0,0,0,1,0,0,1,0
248243,1786553440576.161574,0,0,0,1,0,0,1,0
248244,1786553440577.168961,0,0,0,1,0,0,1,0
248245,1786553440578.176849,0,0,0,1,0,0,1,0
248246,1786553440579.266045,0,0,0,1,0,0,1,0
248247,1786553440580.255531,0,0,0,1,0,0,1,0
248248,1786553440581.217015,0,0,0,1,0,0,1,0
248249,1786553440582.366517,0,0,0,1,0,0,1,0
248250,1786553440583.354802,0,0,0,1,0,0,1,0
248251,1786553440584.358889,0,0,0,1,0,0,1,0
248252,1786553440585.366076,0,0,0,1,0,0,1,0
248253,1786553440586.373864,0,0,0,1,0,0,1,0
248254,1786553440587.389551,0,0,0,1,0,0,1,0
248255,1786553440588.392338,0,0,0,1,0,0,1,0
248256,1786553440589.408626,0,0,0,1,0,0,1,0
248257,1786553440590.431415,0,0,0,1,0,0,1,0
248258,1786553440591.421700,0,0,0,1,0,0,1,0
248259,1786553440592.429187,0,0,0,1,0,0,1,0
248260,1786553440593.440674,0,0,0,1,0,0,1,0
248261,1786553440594.453961,0,0,0,1,0,0,1,0
248262,1786553440595.469048,0,0,0,1,0,0,1,0
248263,1786553440596.872471,0,0,0,1,0,0,1,0
248264,1786553440597.500127,0,0,0,1,0,0,1,0
248265,1786553440598.498913,0,0,0,1,0,0,1,0
248266,1786553440599.504101,0,0,0,1,0,0,1,0
248267,1786553440600.511889,0,0,0,1,0,0,1,0
248268,1786553440601.521678,0,0,0,1,0,0,1,0
248269,1786553440602.528766,0,0,0,1,0,0,1,0
248270,1786553440603.535253,0,0,0,1,0,0,1,0
248271,1786553440604.566743,0,0,0,1,0,0,1,0
248272,1786553440605.559929,0,0,0,1,0,0,1,0
248273,1786553440606.566916,0,0,0,1,0,0,1,0
248274,1786553440607.574905,0,0,0,1,0,0,1,0
248275,1786553440608.586591,0,0,0,1,0,0,1,0
248276,1786553440609.600479,0,0,0,1,0,0,1,0
248277,1786553440610.605965,0,0,0,1,0,0,1,0
248278,1786553440611.612953,0,0,0,1,0,0,1,0
248279,1786553440612.620341,0,0,0,1,0,0,1,0
248280,1786553440613.628929,0,0,0,1,0,0,1,0
248281,1786553440614.636616,0,0,0,1,0,0,1,0
248282,1786553440615.645205,0,0,0,1,0,0,1,0
248283,1786553440616.651192,0,0,0,1,0,0,1,0
248284,1786553440617.658280,0,0,0,1,0,0,1,0
248285,1786553440618.665067,0,0,0,1,0,0,1,0
248286,1786553440619.674654,0,0,0,1,0,0,1,0
248287,1786553440620.692742,0,0,0,1,0,0,1,0
248288,1786553440621.695129,0,0,0,1,0,0,1,0
248289,1786553440622.696817,0,0,0,1,0,0,1,0
248290,1786553440623.704503,0,0,0,1,0,0,1,0
248291,1786553440624.724592,0,0,0,1,0,0,1,0
248292,1786553440625.737379,0,0,0,1,0,0,1,0
248293,1786553440626.727965,0,0,0,1,0,0,1,0
248294,1786553440627.734054,0,0,0,1,0,0,1,0
248295,1786553440628.746443,0,0,0,1,0,0,1,0
248296,1786553440629.754330,0,0,0,1,0,0,1,0
248297,1786553440630.762218,0,0,0,1,0,0,1,0
248298,1786553440631.772706,0,0,0,1,0,0,1,0
248299,1786553440632.781993,0,0,0,1,0,0,1,0
248300,1786553440633.790180,0,0,0,1,0,0,1,0
248301,1786553440634.808868,0,0,0,1,0,0,1,0
248302,1786553440635.810156,0,0,0,1,0,0,1,0
248303,1786553440636.840146,0,0,0,1,0,0,1,0
248304,1786553440637.841033,0,0,0,1,0,0,1,0
248305,1786553440638.849319,0,0,0,1,0,0,1,0
248306,1786553440639.882007,0,0,0,1,0,0,1,0
248307,1786553440640.875095,0,0,0,1,0,0,1,0
248308,1786553440641.877681,0,0,0,1,0,0,1,0
248309,1786553440642.888170,0,0,0,1,0,0,1,0
248310,1786553440643.895358,0,0,0,1,0,0,1,0
248311,1786553440644.918046,0,0,0,1,0,0,1,0
248312,1786553440645.914632,0,0,0,1,0,0,1,0
248313,1786553440646.921219,0,0,0,1,0,0,1,0
248314,1786553440647.930607,0,0,0,1,0,0,1,0
248315,1786553440648.938697,0,0,0,1,0,0,1,0
248316,1786553440649.946184,0,0,0,1,0,0,1,0
248317,1786553440650.954672,0,0,0,1,0,0,1,0
248318,1786553440651.962559,0,0,0,1,0,0,1,0
248319,1786553440652.972947,0,0,0,1,0,0,1,0
248320,1786553440653.990336,0,0,0,1,0,0,1,0
248321,1786553440654.986722,0,0,0,1,0,0,1,0
248322,1786553440656.002010,0,0,0,1,0,0,1,0
248323,1786553440657.005498,0,0,0,1,0,0,1,0
248324,1786553440658.012885,0,0,0,1,0,0,1,0
248325,1786553440659.021372,0,0,0,1,0,0,1,0
248326,1786553440660.031560,0,0,0,1,0,0,1,0
248327,1786553440661.039947,0,0,0,1,0,0,1,0
248328,1786553440662.048836,0,0,0,1,0,0,1,0
248329,1786553440663.057723,0,0,0,1,0,0,1,0
248330,1786553440664.067011,0,0,0,1,0,0,1,0
248331,1786553440665.076198,0,0,0,1,0,0,1,0
248332,1786553440666.083985,0,0,0,1,0,0,1,0
248333,1786553440667.093172,0,0,0,1,0,0,1,0
248334,1786553440668.104461,0,0,0,1,0,0,1,0
248335,1786553440669.111047,0,0,0,1,0,0,1,0
248336,1786553440670.129836,0,0,0,1,0,0,1,0
248337,1786553440671.252835,0,0,0,1,0,0,1,0
248338,1786553440672.156611,0,0,0,1,0,0,1,0
248339,1786553440673.189601,0,0,0,1,0,0,1,0
248340,1786553440674.168986,0,0,0,1,0,0,1,0
248341,1786553440675.168872,0,0,0,1,0,0,1,0
248342,1786553440676.174858,0,0,0,1,0,0,1,0
248343,1786553440677.180945,0,0,0,1,0,0,1,0
248344,1786553440678.184834,0,0,0,1,0,0,1,0
248345,1786553440679.192420,0,0,0,1,0,0,1,0
248346,1786553440680.200008,0,0,0,1,0,0,1,0
248347,1786553440681.210996,0,0,0,1,0,0,1,0
248348,1786553440682.216784,0,0,0,1,0,0,1,0
248349,1786553440683.223971,0,0,0,1,0,0,1,0
248350,1786553440684.232355,0,0,0,1,0,0,1,0
248351,1786553440685.247944,0,0,0,1,0,0,1,0
248352,1786553440686.260931,0,0,0,1,0,0,1,0
248353,1786553440687.261821,0,0,0,1,0,0,1,0
248354,1786553440688.268108,0,0,0,1,0,0,1,0
248355,1786553440689.275898,0,0,0,1,0,0,1,0
248356,1786553440690.284186,0,0,0,1,0,0,1,0
248357,1786553440691.291975,0,0,0,1,0,0,1,0
248358,1786553440692.300062,0,0,0,1,0,0,1,0
248359,1786553440693.306150,0,0,0,1,0,0,1,0
248360,1786553440694.317539,0,0,0,1,0,0,1,0
248361,1786553440695.329426,0,0,0,1,0,0,1,0
248362,1786553440696.335415,0,0,0,1,0,0,1,0
248363,1786553440697.342604,0,0,0,1,0,0,1,0
248364,1786553440698.349993,0,0,0,1,0,0,1,0
248365,1786553440699.358080,0,0,0,1,0,0,1,0
248366,1786553440700.367069,0,0,0,1,0,0,1,0
248367,1786553440701.696583,0,0,0,1,0,0,1,0
248368,1786553440702.598060,0,0,0,1,0,0,1,0
248369,1786553440703.602448,0,0,0,1,0,0,1,0
248370,1786553440704.619236,0,0,0,1,0,0,1,0
248371,1786553440705.617722,0,0,0,1,0,0,1,0
248372,1786553440706.625610,0,0,0,1,0,0,1,0
248373,1786553440707.632497,0,0,0,1,0,0,1,0
248374,1786553440708.641886,0,0,0,1,0,0,1,0
248375,1786553440709.648674,0,0,0,1,0,0,1,0
248376,1786553440710.656861,0,0,0,1,0,0,1,0
248377,1786553440711.663149,0,0,0,1,0,0,1,0
248378,1786553440712.670735,0,0,0,1,0,0,1,0
248379,1786553440713.677424,0,0,0,1,0,0,1,0
248380,1786553440714.686312,0,0,0,1,0,0,1,0
248381,1786553440715.695800,0,0,0,1,0,0,1,0
248382,1786553440716.707188,0,0,0,1,0,0,1,0
248383,1786553440717.711374,0,0,0,1,0,0,1,0
248384,1786553440718.718961,0,0,0,1,0,0,1,0
248385,1786553440719.725847,0,0,0,1,0,0,1,0
248386,1786553440720.733635,0,0,0,1,0,0,1,0
248387,1786553440721.741821,0,0,0,1,0,0,1,0
248388,1786553440722.748807,0,0,0,1,0,0,1,0
248389,1786553440723.756396,0,0,0,1,0,0,1,0
248390,1786553440724.763583,0,0,0,1,0,0,1,0
248391,1786553440725.776172,0,0,0,1,0,0,1,0
248392,1786553440726.781860,0,0,0,1,0,0,1,0
248393,1786553440727.790348,0,0,0,1,0,0,1,0
248394,1786553440728.799336,0,0,0,1,0,0,1,0
248395,1786553440729.806225,0,0,0,1,0,0,1,0
248396,1786553440730.825315,0,0,0,1,0,0,1,0
248397,1786553440731.848903,0,0,0,1,0,0,1,0
248398,1786553440732.917796,0,0,0,1,0,0,1,0
248399,1786553440733.857177,0,0,0,1,0,0,1,0
248400,1786553440734.881166,0,0,0,1,0,0,1,0
248401,1786553440735.874052,0,0,0,1,0,0,1,0
248402,1786553440736.880439,0,0,0,1,0,0,1,0
248403,1786553440737.886726,0,0,0,1,0,0,1,0
248404,1786553440738.894115,0,0,0,1,0,0,1,0
248405,1786553440739.902002,0,0,0,1,0,0,1,0
248406,1786553440740.911189,0,0,0,1,0,0,1,0
248407,1786553440741.918077,0,0,0,1,0,0,1,0
248408,1786553440742.925664,0,0,0,1,0,0,1,0
248409,1786553440743.931151,0,0,0,1,0,0,1,0
248410,1786553440744.939639,0,0,0,1,0,0,1,0
248411,1786553440745.948427,0,0,0,1,0,0,1,0
248412,1786553440746.954915,0,0,0,1,0,0,1,0
248413,1786553440747.974604,0,0,0,1,0,0,1,0
248414,1786553440748.972591,0,0,0,1,0,0,1,0
248415,1786553440749.990280,0,0,0,1,0,0,1,0
248416,1786553440750.999568,0,0,0,1,0,0,1,0
248417,1786553440751.998756,0,0,0,1,0,0,1,0
248418,1786553440753.004344,0,0,0,1,0,0,1,0
248419,1786553440754.012431,0,0,0,1,0,0,1,0
248420,1786553440755.019819,0,0,0,1,0,0,1,0
248421,1786553440756.027608,0,0,0,1,0,0,1,0
248422,1786553440757.034795,0,0,0,1,0,0,1,0
248423,1786553440758.044882,0,0,0,1,0,0,1,0
248424,1786553440759.055071,0,0,0,1,0,0,1,0
248425,1786553440760.064258,0,0,0,1,0,0,1,0
248426,1786553440761.071446,0,0,0,1,0,0,1,0
248427,1786553440762.080333,0,0,0,1,0,0,1,0
248428,1786553440763.540160,0,0,0,1,0,0,1,0
248429,1786553440764.536049,0,0,0,1,0,0,1,0
248430,1786553440765.540434,0,0,0,1,0,0,1,0
248431,1786553440766.546523,0,0,0,1,0,0,1,0
248432,1786553440767.567911,0,0,0,1,0,0,1,0
248433,1786553440768.565499,0,0,0,1,0,0,1,0
248434,1786553440769.570686,0,0,0,1,0,0,1,0
248435,1786553440770.578274,0,0,0,1,0,0,1,0
248436,1786553440771.584661,0,0,0,1,0,0,1,0
248437,1786553440772.593149,0,0,0,1,0,0,1,0
248438,1786553440773.600438,0,0,0,1,0,0,1,0
248439,1786553440774.614825,0,0,0,1,0,0,1,0
248440,1786553440775.622313,0,0,0,1,0,0,1,0
248441,1786553440776.630000,0,0,0,1,0,0,1,0
248442,1786553440777.637688,0,0,0,1,0,0,1,0
248443,1786553440778.664176,0,0,0,1,0,0,1,0
248444,1786553440779.661562,0,0,0,1,0,0,1,0
248445,1786553440780.663648,0,0,0,1,0,0,1,0
248446,1786553440781.669735,0,0,0,1,0,0,1,0
248447,1786553440782.678421,0,0,0,1,0,0,1,0
248448,1786553440783.693109,0,0,0,1,0,0,1,0
248449,1786553440784.698594,0,0,0,1,0,0,1,0
248450,1786553440785.704081,0,0,0,1,0,0,1,0
248451,1786553440786.711969,0,0,0,1,0,0,1,0
248452,1786553440787.721256,0,0,0,1,0,0,1,0
248453,1786553440788.726844,0,0,0,1,0,0,1,0
248454,1786553440789.737133,0,0,0,1,0,0,1,0
248455,1786553440790.758323,0,0,0,1,0,0,1,0
248456,1786553440791.755811,0,0,0,1,0,0,1,0
248457,1786553440792.762899,0,0,0,1,0,0,1,0
248458,1786553440793.789488,0,0,0,1,0,0,1,0
248459,1786553440794.895283,0,0,0,1,0,0,1,0
248460,1786553440795.847765,0,0,0,1,0,0,1,0
248461,1786553440796.859052,0,0,0,1,0,0,1,0
248462,1786553440797.849138,0,0,0,1,0,0,1,0
248463,1786553440798.891629,0,0,0,1,0,0,1,0
248464,1786553440799.848914,0,0,0,1,0,0,1,0
248465,1786553440800.871002,0,0,0,1,0,0,1,0
248466,1786553440801.872887,0,0,0,1,0,0,1,0
248467,1786553440802.880775,0,0,0,1,0,0,1,0
248468,1786553440803.883663,0,0,0,1,0,0,1,0
248469,1786553440804.899351,0,0,0,1,0,0,1,0
248470,1786553440805.898436,0,0,0,1,0,0,1,0
248471,1786553440806.904524,0,0,0,1,0,0,1,0
248472,1786553440807.932815,0,0,0,1,0,0,1,0
248473,1786553440808.926701,0,0,0,1,0,0,1,0
248474,1786553440809.930988,0,0,0,1,0,0,1,0
248475,1786553440810.935676,0,0,0,1,0,0,1,0
248476,1786553440811.942664,0,0,0,1,0,0,1,0
248477,1786553440812.950450,0,0,0,1,0,0,1,0
248478,1786553440813.960437,0,0,0,1,0,0,1,0
248479,1786553440814.966223,0,0,0,1,0,0,1,0
248480,1786553440815.990912,0,0,0,1,0,0,1,0
248481,1786553440816.988098,0,0,0,1,0,0,1,0
248482,1786553440817.994086,0,0,0,1,0,0,1,0
248483,1786553440819.003173,0,0,0,1,0,0,1,0
248484,1786553440820.010560,0,0,0,1,0,0,1,0
248485,1786553440821.019147,0,0,0,1,0,0,1,0
248486,1786553440822.029736,0,0,0,1,0,0,1,0
248487,1786553440823.038526,0,0,0,1,0,0,1,0
248488,1786553440824.064415,0,0,0,1,0,0,1,0
248489,1786553440825.063102,0,0,0,1,0,0,1,0
248490,1786553440826.069889,0,0,0,1,0,0,1,0
248491,1786553440827.079777,0,0,0,1,0,0,1,0
248492,1786553440828.086864,0,0,0,1,0,0,1,0
248493,1786553440829.094952,0,0,0,1,0,0,1,0
248494,1786553440830.115942,0,0,0,1,0,0,1,0
248495,1786553440831.109828,0,0,0,1,0,0,1,0
248496,1786553440832.129317,0,0,0,1,0,0,1,0
248497,1786553440833.140105,0,0,0,1,0,0,1,0
248498,1786553440834.141492,0,0,0,1,0,0,1,0
248499,1786553440835.143178,0,0,0,1,0,0,1,0
248500,1786553440836.150766,0,0,0,1,0,0,1,0
248501,1786553440837.157554,0,0,0,1,0,0,1,0
248502,1786553440838.165142,0,0,0,1,0,0,1,0
248503,1786553440839.178030,0,0,0,1,0,0,1,0
248504,1786553440840.183618,0,0,0,1,0,0,1,0
248505,1786553440841.192105,0,0,0,1,0,0,1,0
248506,1786553440842.198893,0,0,0,1,0,0,1,0
248507,1786553440843.207480,0,0,0,1,0,0,1,0
248508,1786553440844.214168,0,0,0,1,0,0,1,0
248509,1786553440845.223256,0,0,0,1,0,0,1,0
248510,1786553440846.230542,0,0,0,1,0,0,1,0
248511,1786553440847.239930,0,0,0,1,0,0,1,0
248512,1786553440848.246317,0,0,0,1,0,0,1,0
248513,1786553440849.261206,0,0,0,1,0,0,1,0
248514,1786553440850.264691,0,0,0,1,0,0,1,0
248515,1786553440851.271978,0,0,0,1,0,0,1,0
248516,1786553440852.280266,0,0,0,1,0,0,1,0
248517,1786553440853.288654,0,0,0,1,0,0,1,0
248518,1786553440854.304444,0,0,0,1,0,0,1,0
248519,1786553440855.310430,0,0,0,1,0,0,1,0
248520,1786553440856.315418,0,0,0,1,0,0,1,0
248521,1786553440857.323804,0,0,0,1,0,0,1,0
248522,1786553440858.333693,0,0,0,1,0,0,1,0
248523,1786553440859.341780,0,0,0,1,0,0,1,0
248524,1786553440860.350169,0,0,0,1,0,0,1,0
248525,1786553440861.357958,0,0,0,1,0,0,1,0
248526,1786553440862.365445,0,0,0,1,0,0,1,0
248527,1786553440863.372833,0,0,0,1,0,0,1,0
248528,1786553440864.380319,0,0,0,1,0,0,1,0
248529,1786553440865.390806,0,0,0,1,0,0,1,0
248530,1786553440866.397494,0,0,0,1,0,0,1,0
248531,1786553440867.406183,0,0,0,1,0,0,1,0
248532,1786553440868.413471,0,0,0,1,0,0,1,0
248533,1786553440869.979910,0,0,0,1,0,0,1,0
248534,1786553440870.846183,0,0,0,1,0,0,1,0
248535,1786553440871.890174,0,0,0,1,0,0,1,0
248536,1786553440872.848156,0,0,0,1,0,0,1,0
248537,1786553440873.852543,0,0,0,1,0,0,1,0
248538,1786553440874.871830,0,0,0,1,0,0,1,0
248539,1786553440875.869017,0,0,0,1,0,0,1,0
248540,1786553440876.879305,0,0,0,1,0,0,1,0
248541,1786553440877.885592,0,0,0,1,0,0,1,0
248542,1786553440878.894181,0,0,0,1,0,0,1,0
248543,1786553440879.899669,0,0,0,1,0,0,1,0
248544,1786553440880.909056,0,0,0,1,0,0,1,0
248545,1786553440881.916543,0,0,0,1,0,0,1,0
248546,1786553440882.925831,0,0,0,1,0,0,1,0
248547,1786553440883.930717,0,0,0,1,0,0,1,0
248548,1786553440884.944604,0,0,0,1,0,0,1,0
248549,1786553440885.948392,0,0,0,1,0,0,1,0
248550,1786553440886.960678,0,0,0,1,0,0,1,0
248551,1786553440887.964164,0,0,0,1,0,0,1,0
248552,1786553440888.968851,0,0,0,1,0,0,1,0
248553,1786553440889.976439,0,0,0,1,0,0,1,0
248554,1786553440890.984725,0,0,0,1,0,0,1,0
248555,1786553440891.994211,0,0,0,1,0,0,1,0
248556,1786553440893.001197,0,0,0,1,0,0,1,0
248557,1786553440894.104492,0,0,0,1,0,0,1,0
248558,1786553440895.112480,0,0,0,1,0,0,1,0
248559,1786553440896.119866,0,0,0,1,0,0,1,0
248560,1786553440897.129955,0,0,0,1,0,0,1,0
248561,1786553440898.143243,0,0,0,1,0,0,1,0
248562,1786553440899.148531,0,0,0,1,0,0,1,0
248563,1786553440900.172019,0,0,0,1,0,0,1,0
248564,1786553440901.170005,0,0,0,1,0,0,1,0
248565,1786553440902.174691,0,0,0,1,0,0,1,0
248566,1786553440903.184480,0,0,0,1,0,0,1,0
248567,1786553440904.192667,0,0,0,1,0,0,1,0
248568,1786553440905.199054,0,0,0,1,0,0,1,0
248569,1786553440906.206742,0,0,0,1,0,0,1,0
248570,1786553440907.215330,0,0,0,1,0,0,1,0
248571,1786553440908.222818,0,0,0,1,0,0,1,0
248572,1786553440909.230407,0,0,0,1,0,0,1,0
248573,1786553440910.238092,0,0,0,1,0,0,1,0
248574,1786553440911.246381,0,0,0,1,0,0,1,0
248575,1786553440912.255168,0,0,0,1,0,0,1,0
248576,1786553440913.262156,0,0,0,1,0,0,1,0
248577,1786553440914.271645,0,0,0,1,0,0,1,0
248578,1786553440915.299135,0,0,0,1,0,0,1,0
248579,1786553440916.297622,0,0,0,1,0,0,1,0
248580,1786553440917.301509,0,0,0,1,0,0,1,0
248581,1786553440918.306595,0,0,0,1,0,0,1,0
248582,1786553440919.318483,0,0,0,1,0,0,1,0
248583,1786553440920.334768,0,0,0,1,0,0,1,0
248584,1786553440921.334855,0,0,0,1,0,0,1,0
248585,1786553440922.342543,0,0,0,1,0,0,1,0
248586,1786553440923.350130,0,0,0,1,0,0,1,0
248587,1786553440924.362018,0,0,0,1,0,0,1,0
248588,1786553440925.366805,0,0,0,1,0,0,1,0
248589,1786553440926.373393,0,0,0,1,0,0,1,0
248590,1786553440927.380182,0,0,0,1,0,0,1,0
248591,1786553440928.387071,0,0,0,1,0,0,1,0
248592,1786553440929.397058,0,0,0,1,0,0,1,0
248593,1786553440930.415547,0,0,0,1,0,0,1,0
248594,1786553440931.447838,0,0,0,1,0,0,1,0
248595,1786553440932.427022,0,0,0,1,0,0,1,0
248596,1786553440933.451112,0,0,0,1,0,0,1,0
248597,1786553440934.447498,0,0,0,1,0,0,1,0
248598,1786553440935.453086,0,0,0,1,0,0,1,0
248599,1786553440936.460372,0,0,0,1,0,0,1,0
248600,1786553440937.467959,0,0,0,1,0,0,1,0
248601,1786553440938.476246,0,0,0,1,0,0,1,0
248602,1786553440939.496433,0,0,0,1,0,0,1,0
248603,1786553440940.491918,0,0,0,1,0,0,1,0
248604,1786553440941.499404,0,0,0,1,0,0,1,0
248605,1786553440942.506391,0,0,0,1,0,0,1,0
248606,1786553440943.517679,0,0,0,1,0,0,1,0
248607,1786553440944.525067,0,0,0,1,0,0,1,0
248608,1786553440945.535254,0,0,0,1,0,0,1,0
248609,1786553440946.555442,0,0,0,1,0,0,1,0
248610,1786553440947.564829,0,0,0,1,0,0,1,0
248611,1786553440948.565816,0,0,0,1,0,0,1,0
248612,1786553440949.576604,0,0,0,1,0,0,1,0
248613,1786553440950.584093,0,0,0,1,0,0,1,0
248614,1786553440951.592580,0,0,0,1,0,0,1,0
248615,1786553440952.599868,0,0,0,1,0,0,1,0
248616,1786553440953.606756,0,0,0,1,0,0,1,0
248617,1786553440954.614645,0,0,0,1,0,0,1,0
248618,1786553440955.623533,0,0,0,1,0,0,1,0
248619,1786553440956.630719,0,0,0,1,0,0,1,0
248620,1786553440957.638506,0,0,0,1,0,0,1,0
248621,1786553440958.645394,0,0,0,1,0,0,1,0
248622,1786553440959.656281,0,0,0,1,0,0,1,0
248623,1786553440960.666669,0,0,0,1,0,0,1,0
248624,1786553440961.686357,0,0,0,1,0,0,1,0
248625,1786553440962.708449,0,0,0,1,0,0,1,0
248626,1786553440963.732438,0,0,0,1,0,0,1,0
248627,1786553440964.707022,0,0,0,1,0,0,1,0
248628,1786553440965.713408,0,0,0,1,0,0,1,0
248629,1786553440966.716895,0,0,0,1,0,0,1,0
248630,1786553440967.726885,0,0,0,1,0,0,1,0
248631,1786553440968.732171,0,0,0,1,0,0,1,0
248632,1786553440969.742959,0,0,0,1,0,0,1,0
248633,1786553440970.750546,0,0,0,1,0,0,1,0
248634,1786553440971.759033,0,0,0,1,0,0,1,0
248635,1786553440972.767221,0,0,0,1,0,0,1,0
248636,1786553440973.779107,0,0,0,1,0,0,1,0
248637,1786553440974.794895,0,0,0,1,0,0,1,0
248638,1786553440975.795583,0,0,0,1,0,0,1,0
248639,1786553440976.808571,0,0,0,1,0,0,1,0
248640,1786553440977.829561,0,0,0,1,0,0,1,0
248641,1786553440978.834949,0,0,0,1,0,0,1,0
248642,1786553440979.847636,0,0,0,1,0,0,1,0
248643,1786553440980.850625,0,0,0,1,0,0,1,0
248644,1786553440981.860513,0,0,0,1,0,0,1,0
248645,1786553440982.866900,0,0,0,1,0,0,1,0
248646,1786553440983.876389,0,0,0,1,0,0,1,0
248647,1786553440984.891777,0,0,0,1,0,0,1,0
248648,1786553440985.890362,0,0,0,1,0,0,1,0
248649,1786553440986.903649,0,0,0,1,0,0,1,0
248650,1786553440987.910038,0,0,0,1,0,0,1,0
248651,1786553440988.919727,0,0,0,1,0,0,1,0
248652,1786553440989.924414,0,0,0,1,0,0,1,0
248653,1786553440990.937703,0,0,0,1,0,0,1,0
248654,1786553440991.942090,0,0,0,1,0,0,1,0
248655,1786553440992.975280,0,0,0,1,0,0,1,0
248656,1786553440994.095879,0,0,0,1,0,0,1,0
248657,1786553440994.972753,0,0,0,1,0,0,1,0
248658,1786553440995.981742,0,0,0,1,0,0,1,0
248659,1786553440996.988430,0,0,0,1,0,0,1,0
248660,1786553440997.993618,0,0,0,1,0,0,1,0
248661,1786553440999.003606,0,0,0,1,0,0,1,0
248662,1786553441000.009892,0,0,0,1,0,0,1,0
248663,1786553441001.017479,0,0,0,1,0,0,1,0
248664,1786553441002.024065,0,0,0,1,0,0,1,0
248665,1786553441003.033352,0,0,0,1,0,0,1,0
248666,1786553441004.040840,0,0,0,1,0,0,1,0
248667,1786553441005.051928,0,0,0,1,0,0,1,0
248668,1786553441006.058216,0,0,0,1,0,0,1,0
248669,1786553441007.066003,0,0,0,1,0,0,1,0
248670,1786553441008.104295,0,0,0,1,0,0,1,0
248671,1786553441009.091380,0,0,0,1,0,0,1,0
248672,1786553441010.095767,0,0,0,1,0,0,1,0
248673,1786553441011.103954,0,0,0,1,0,0,1,0
248674,1786553441012.119343,0,0,0,1,0,0,1,0
248675,1786553441013.122330,0,0,0,1,0,0,1,0
248676,1786553441014.129818,0,0,0,1,0,0,1,0
248677,1786553441015.137505,0,0,0,1,0,0,1,0
248678,1786553441016.146193,0,0,0,1,0,0,1,0
248679,1786553441017.153582,0,0,0,1,0,0,1,0
248680,1786553441018.161068,0,0,0,1,0,0,1,0
248681,1786553441019.169357,0,0,0,1,0,0,1,0
248682,1786553441020.178044,0,0,0,1,0,0,1,0
248683,1786553441021.185232,0,0,0,1,0,0,1,0
248684,1786553441022.195319,0,0,0,1,0,0,1,0
248685,1786553441023.204306,0,0,0,1,0,0,1,0
248686,1786553441024.274300,0,0,0,1,0,0,1,0
248687,1786553441025.238184,0,0,0,1,0,0,1,0
248688,1786553441026.241471,0,0,0,1,0,0,1,0
248689,1786553441027.247960,0,0,0,1,0,0,1,0
248690,1786553441028.262948,0,0,0,1,0,0,1,0
248691,1786553441029.267036,0,0,0,1,0,0,1,0
248692,1786553441030.275323,0,0,0,1,0,0,1,0
248693,1786553441031.283110,0,0,0,1,0,0,1,0
248694,1786553441032.291898,0,0,0,1,0,0,1,0
248695,1786553441033.300686,0,0,0,1,0,0,1,0
248696,1786553441034.311075,0,0,0,1,0,0,1,0
248697,1786553441035.320462,0,0,0,1,0,0,1,0
248698,1786553441036.327851,0,0,0,1,0,0,1,0
248699,1786553441037.336438,0,0,0,1,0,0,1,0
248700,1786553441038.349724,0,0,0,1,0,0,1,0
248701,1786553441039.355111,0,0,0,1,0,0,1,0
248702,1786553441040.362898,0,0,0,1,0,0,1,0
248703,1786553441041.370486,0,0,0,1,0,0,1,0
248704,1786553441042.378074,0,0,0,1,0,0,1,0
248705,1786553441043.386361,0,0,0,1,0,0,1,0
248706,1786553441044.394648,0,0,0,1,0,0,1,0
248707,1786553441045.407836,0,0,0,1,0,0,1,0
248708,1786553441046.414323,0,0,0,1,0,0,1,0
248709,1786553441047.421911,0,0,0,1,0,0,1,0
248710,1786553441048.433699,0,0,0,1,0,0,1,0
248711,1786553441049.438886,0,0,0,1,0,0,1,0
248712,1786553441050.447274,0,0,0,1,0,0,1,0
248713,1786553441051.454861,0,0,0,1,0,0,1,0
248714,1786553441052.462849,0,0,0,1,0,0,1,0
248715,1786553441053.894373,0,0,0,1,0,0,1,0
248716,1786553441054.486723,0,0,0,1,0,0,1,0
248717,1786553441055.490410,0,0,0,1,0,0,1,0
248718,1786553441056.499697,0,0,0,1,0,0,1,0
248719,1786553441057.505184,0,0,0,1,0,0,1,0
248720,1786553441058.522773,0,0,0,1,0,0,1,0
248721,1786553441059.529462,0,0,0,1,0,0,1,0
248722,1786553441060.538448,0,0,0,1,0,0,1,0
248723,1786553441061.558735,0,0,0,1,0,0,1,0
248724,1786553441062.560822,0,0,0,1,0,0,1,0
248725,1786553441063.568610,0,0,0,1,0,0,1,0
248726,1786553441064.576896,0,0,0,1,0,0,1,0
248727,1786553441065.583284,0,0,0,1,0,0,1,0
248728,1786553441066.591672,0,0,0,1,0,0,1,0
248729,1786553441067.600059,0,0,0,1,0,0,1,0
248730,1786553441068.625248,0,0,0,1,0,0,1,0
248731,1786553441069.626434,0,0,0,1,0,0,1,0
248732,1786553441070.629518,0,0,0,1,0,0,1,0
248733,1786553441071.636304,0,0,0,1,0,0,1,0
248734,1786553441072.644791,0,0,0,1,0,0,1,0
248735,1786553441073.651980,0,0,0,1,0,0,1,0
248736,1786553441074.660468,0,0,0,1,0,0,1,0
248737,1786553441075.669555,0,0,0,1,0,0,1,0
248738,1786553441076.676643,0,0,0,1,0,0,1,0
248739,1786553441077.692133,0,0,0,1,0,0,1,0
248740,1786553441078.698019,0,0,0,1,0,0,1,0
248741,1786553441079.704505,0,0,0,1,0,0,1,0
248742,1786553441080.712191,0,0,0,1,0,0,1,0
248743,1786553441081.721381,0,0,0,1,0,0,1,0
248744,1786553441082.730867,0,0,0,1,0,0,1,0
248745,1786553441084.077686,0,0,0,1,0,0,1,0
248746,1786553441085.073373,0,0,0,1,0,0,1,0
248747,1786553441086.078760,0,0,0,1,0,0,1,0
248748,1786553441087.086749,0,0,0,1,0,0,1,0
248749,1786553441088.093035,0,0,0,1,0,0,1,0
248750,1786553441089.101522,0,0,0,1,0,0,1,0
248751,1786553441090.109809,0,0,0,1,0,0,1,0
248752,1786553441091.118397,0,0,0,1,0,0,1,0
248753,1786553441092.125585,0,0,0,1,0,0,1,0
248754,1786553441093.134972,0,0,0,1,0,0,1,0
248755,1786553441094.147059,0,0,0,1,0,0,1,0
248756,1786553441095.151146,0,0,0,1,0,0,1,0
248757,1786553441096.158534,0,0,0,1,0,0,1,0
248758,1786553441097.168524,0,0,0,1,0,0,1,0
248759,1786553441098.177311,0,0,0,1,0,0,1,0
248760,1786553441099.186200,0,0,0,1,0,0,1,0
248761,1786553441100.191586,0,0,0,1,0,0,1,0
248762,1786553441101.197772,0,0,0,1,0,0,1,0
248763,1786553441102.211162,0,0,0,1,0,0,1,0
248764,1786553441103.218350,0,0,0,1,0,0,1,0
248765,1786553441104.223037,0,0,0,1,0,0,1,0
248766,1786553441105.230824,0,0,0,1,0,0,1,0
248767,1786553441106.238313,0,0,0,1,0,0,1,0
248768,1786553441107.246200,0,0,0,1,0,0,1,0
248769,1786553441108.254589,0,0,0,1,0,0,1,0
248770,1786553441109.263877,0,0,0,1,0,0,1,0
248771,1786553441110.288963,0,0,0,1,0,0,1,0
248772,1786553441111.282449,0,0,0,1,0,0,1,0
248773,1786553441112.292337,0,0,0,1,0,0,1,0
248774,1786553441113.298226,0,0,0,1,0,0,1,0
248775,1786553441114.316713,0,0,0,1,0,0,1,0
248776,1786553441115.333902,0,0,0,1,0,0,1,0
248777,1786553441116.337991,0,0,0,1,0,0,1,0
248778,1786553441117.332979,0,0,0,1,0,0,1,0
248779,1786553441118.340365,0,0,0,1,0,0,1,0
248780,1786553441119.343951,0,0,0,1,0,0,1,0
248781,1786553441120.355238,0,0,0,1,0,0,1,0
248782,1786553441121.363626,0,0,0,1,0,0,1,0
248783,1786553441122.372914,0,0,0,1,0,0,1,0
248784,1786553441123.376403,0,0,0,1,0,0,1,0
248785,1786553441124.384489,0,0,0,1,0,0,1,0
248786,1786553441125.391877,0,0,0,1,0,0,1,0
248787,1786553441126.407265,0,0,0,1,0,0,1,0
248788,1786553441127.409949,0,0,0,1,0,0,1,0
248789,1786553441128.419937,0,0,0,1,0,0,1,0
248790,1786553441129.447926,0,0,0,1,0,0,1,0
248791,1786553441130.437712,0,0,0,1,0,0,1,0
248792,1786553441131.443500,0,0,0,1,0,0,1,0
248793,1786553441132.450787,0,0,0,1,0,0,1,0
248794,1786553441133.461475,0,0,0,1,0,0,1,0
248795,1786553441134.467463,0,0,0,1,0,0,1,0
248796,1786553441135.474049,0,0,0,1,0,0,1,0
248797,1786553441136.481937,0,0,0,1,0,0,1,0
248798,1786553441137.491325,0,0,0,1,0,0,1,0
248799,1786553441138.498312,0,0,0,1,0,0,1,0
248800,1786553441139.505999,0,0,0,1,0,0,1,0
248801,1786553441140.513089,0,0,0,1,0,0,1,0
248802,1786553441141.521776,0,0,0,1,0,0,1,0
248803,1786553441142.530765,0,0,0,1,0,0,1,0
248804,1786553441143.548352,0,0,0,1,0,0,1,0
248805,1786553441144.551040,0,0,0,1,0,0,1,0
248806,1786553441145.692040,0,0,0,1,0,0,1,0
248807,1786553441146.711428,0,0,0,1,0,0,1,0
248808,1786553441147.679813,0,0,0,1,0,0,1,0
248809,1786553441148.678798,0,0,0,1,0,0,1,0
248810,1786553441149.687785,0,0,0,1,0,0,1,0
248811,1786553441150.696571,0,0,0,1,0,0,1,0
248812,1786553441151.706060,0,0,0,1,0,0,1,0
248813,1786553441152.722148,0,0,0,1,0,0,1,0
248814,1786553441153.724437,0,0,0,1,0,0,1,0
248815,1786553441154.731225,0,0,0,1,0,0,1,0
248816,1786553441155.739213,0,0,0,1,0,0,1,0
248817,1786553441156.747401,0,0,0,1,0,0,1,0
248818,1786553441157.757089,0,0,0,1,0,0,1,0
248819,1786553441158.770878,0,0,0,1,0,0,1,0
248820,1786553441159.791766,0,0,0,1,0,0,1,0
248821,1786553441160.832855,0,0,0,1,0,0,1,0
248822,1786553441161.829042,0,0,0,1,0,0,1,0
248823,1786553441162.831128,0,0,0,1,0,0,1,0
248824,1786553441163.836516,0,0,0,1,0,0,1,0
248825,1786553441164.854206,0,0,0,1,0,0,1,0
248826,1786553441165.853092,0,0,0,1,0,0,1,0
248827,1786553441166.862980,0,0,0,1,0,0,1,0
248828,1786553441167.870468,0,0,0,1,0,0,1,0
248829,1786553441168.877854,0,0,0,1,0,0,1,0
248830,1786553441169.886540,0,0,0,1,0,0,1,0
248831,1786553441170.893527,0,0,0,1,0,0,1,0
248832,1786553441171.902014,0,0,0,1,0,0,1,0
248833,1786553441172.909202,0,0,0,1,0,0,1,0
248834,1786553441173.916489,0,0,0,1,0,0,1,0
248835,1786553441174.930977,0,0,0,1,0,0,1,0
248836,1786553441176.036275,0,0,0,1,0,0,1,0
248837,1786553441177.042264,0,0,0,1,0,0,1,0
248838,1786553441178.038749,0,0,0,1,0,0,1,0
248839,1786553441179.046737,0,0,0,1,0,0,1,0
248840,1786553441180.052624,0,0,0,1,0,0,1,0
248841,1786553441181.063513,0,0,0,1,0,0,1,0
248842,1786553441182.070701,0,0,0,1,0,0,1,0
248843,1786553441183.079188,0,0,0,1,0,0,1,0
248844,1786553441184.087677,0,0,0,1,0,0,1,0
248845,1786553441185.096264,0,0,0,1,0,0,1,0
248846,1786553441186.109852,0,0,0,1,0,0,1,0
248847,1786553441187.120141,0,0,0,1,0,0,1,0
248848,1786553441188.127530,0,0,0,1,0,0,1,0
248849,1786553441189.135218,0,0,0,1,0,0,1,0
248850,1786553441190.144206,0,0,0,1,0,0,1,0
248851,1786553441191.195296,0,0,0,1,0,0,1,0
248852,1786553441192.178682,0,0,0,1,0,0,1,0
248853,1786553441193.184768,0,0,0,1,0,0,1,0
248854,1786553441194.196657,0,0,0,1,0,0,1,0
248855,1786553441195.202644,0,0,0,1,0,0,1,0
248856,1786553441196.208231,0,0,0,1,0,0,1,0
248857,1786553441197.217119,0,0,0,1,0,0,1,0
248858,1786553441198.224305,0,0,0,1,0,0,1,0
248859,1786553441199.232393,0,0,0,1,0,0,1,0
248860,1786553441200.242179,0,0,0,1,0,0,1,0
248861,1786553441201.251467,0,0,0,1,0,0,1,0
248862,1786553441202.259754,0,0,0,1,0,0,1,0
248863,1786553441203.268843,0,0,0,1,0,0,1,0
248864,1786553441204.277930,0,0,0,1,0,0,1,0
248865,1786553441205.286417,0,0,0,1,0,0,1,0
248866,1786553441206.646536,0,0,0,1,0,0,1,0
248867,1786553441207.394599,0,0,0,1,0,0,1,0
248868,1786553441208.404188,0,0,0,1,0,0,1,0
248869,1786553441209.404075,0,0,0,1,0,0,1,0
248870,1786553441210.411263,0,0,0,1,0,0,1,0
248871,1786553441211.415651,0,0,0,1,0,0,1,0
248872,1786553441212.423039,0,0,0,1,0,0,1,0
248873,1786553441213.430225,0,0,0,1,0,0,1,0
248874,1786553441214.437514,0,0,0,1,0,0,1,0
248875,1786553441215.445900,0,0,0,1,0,0,1,0
248876,1786553441216.453287,0,0,0,1,0,0,1,0
248877,1786553441217.461274,0,0,0,1,0,0,1,0
248878,1786553441218.470759,0,0,0,1,0,0,1,0
248879,1786553441219.482448,0,0,0,1,0,0,1,0
248880,1786553441220.487534,0,0,0,1,0,0,1,0
248881,1786553441221.503223,0,0,0,1,0,0,1,0
248882,1786553441222.510111,0,0,0,1,0,0,1,0
248883,1786553441223.517399,0,0,0,1,0,0,1,0
248884,1786553441224.539189,0,0,0,1,0,0,1,0
248885,1786553441225.542975,0,0,0,1,0,0,1,0
248886,1786553441226.548663,0,0,0,1,0,0,1,0
248887,1786553441227.562451,0,0,0,1,0,0,1,0
248888,1786553441228.569040,0,0,0,1,0,0,1,0
248889,1786553441229.577026,0,0,0,1,0,0,1,0
248890,1786553441230.583114,0,0,0,1,0,0,1,0
248891,1786553441231.593501,0,0,0,1,0,0,1,0
248892,1786553441232.596889,0,0,0,1,0,0,1,0
248893,1786553441233.604777,0,0,0,1,0,0,1,0
248894,1786553441234.616365,0,0,0,1,0,0,1,0
248895,1786553441235.622553,0,0,0,1,0,0,1,0
248896,1786553441236.645942,0,0,0,1,0,0,1,0
248897,1786553441237.641028,0,0,0,1,0,0,1,0
248898,1786553441238.645014,0,0,0,1,0,0,1,0
248899,1786553441239.656703,0,0,0,1,0,0,1,0
248900,1786553441240.687993,0,0,0,1,0,0,1,0
248901,1786553441241.674178,0,0,0,1,0,0,1,0
248902,1786553441242.680564,0,0,0,1,0,0,1,0
248903,1786553441243.685852,0,0,0,1,0,0,1,0
248904,1786553441244.696039,0,0,0,1,0,0,1,0
248905,1786553441245.702127,0,0,0,1,0,0,1,0
248906,1786553441246.711413,0,0,0,1,0,0,1,0
248907,1786553441247.716300,0,0,0,1,0,0,1,0
248908,1786553441248.726387,0,0,0,1,0,0,1,0
248909,1786553441249.732473,0,0,0,1,0,0,1,0
248910,1786553441250.741062,0,0,0,1,0,0,1,0
248911,1786553441251.747850,0,0,0,1,0,0,1,0
248912,1786553441252.767140,0,0,0,1,0,0,1,0
248913,1786553441253.770928,0,0,0,1,0,0,1,0
248914,1786553441254.788418,0,0,0,1,0,0,1,0
248915,1786553441255.786705,0,0,0,1,0,0,1,0
248916,1786553441256.793792,0,0,0,1,0,0,1,0
248917,1786553441257.821581,0,0,0,1,0,0,1,0
248918,1786553441258.823969,0,0,0,1,0,0,1,0
248919,1786553441259.830257,0,0,0,1,0,0,1,0
248920,1786553441260.836642,0,0,0,1,0,0,1,0
248921,1786553441261.843030,0,0,0,1,0,0,1,0
248922,1786553441262.853220,0,0,0,1,0,0,1,0
248923,1786553441263.863008,0,0,0,1,0,0,1,0
248924,1786553441264.884596,0,0,0,1,0,0,1,0
248925,1786553441265.884982,0,0,0,1,0,0,1,0
248926,1786553441266.882270,0,0,0,1,0,0,1,0
248927,1786553441268.267891,0,0,0,1,0,0,1,0
248928,1786553441269.265276,0,0,0,1,0,0,1,0
248929,1786553441270.267862,0,0,0,1,0,0,1,0
248930,1786553441271.277248,0,0,0,1,0,0,1,0
248931,1786553441272.282635,0,0,0,1,0,0,1,0
248932,1786553441273.291522,0,0,0,1,0,0,1,0
248933,1786553441274.314711,0,0,0,1,0,0,1,0
248934,1786553441275.315997,0,0,0,1,0,0,1,0
248935,1786553441276.320086,0,0,0,1,0,0,1,0
248936,1786553441277.328073,0,0,0,1,0,0,1,0
248937,1786553441278.335561,0,0,0,1,0,0,1,0
248938,1786553441279.343449,0,0,0,1,0,0,1,0
248939,1786553441280.350239,0,0,0,1,0,0,1,0
248940,1786553441281.358627,0,0,0,1,0,0,1,0
248941,1786553441282.376016,0,0,0,1,0,0,1,0
248942,1786553441283.388303,0,0,0,1,0,0,1,0
248943,1786553441284.390190,0,0,0,1,0,0,1,0
248944,1786553441285.394777,0,0,0,1,0,0,1,0
248945,1786553441286.426568,0,0,0,1,0,0,1,0
248946,1786553441287.410054,0,0,0,1,0,0,1,0
248947,1786553441288.416939,0,0,0,1,0,0,1,0
248948,1786553441289.425425,0,0,0,1,0,0,1,0
248949,1786553441290.455314,0,0,0,1,0,0,1,0
248950,1786553441291.443602,0,0,0,1,0,0,1,0
248951,1786553441292.451291,0,0,0,1,0,0,1,0
248952,1786553441293.458878,0,0,0,1,0,0,1,0
248953,1786553441294.472665,0,0,0,1,0,0,1,0
248954,1786553441295.476553,0,0,0,1,0,0,1,0
248955,1786553441296.485338,0,0,0,1,0,0,1,0
248956,1786553441297.491126,0,0,0,1,0,0,1,0
248957,1786553441298.517417,0,0,0,1,0,0,1,0
248958,1786553441299.513304,0,0,0,1,0,0,1,0
248959,1786553441300.520692,0,0,0,1,0,0,1,0
248960,1786553441301.525580,0,0,0,1,0,0,1,0
248961,1786553441302.534767,0,0,0,1,0,0,1,0
248962,1786553441303.542054,0,0,0,1,0,0,1,0
248963,1786553441304.552042,0,0,0,1,0,0,1,0
248964,1786553441305.561330,0,0,0,1,0,0,1,0
248965,1786553441306.573517,0,0,0,1,0,0,1,0
248966,1786553441307.579306,0,0,0,1,0,0,1,0
248967,1786553441308.587693,0,0,0,1,0,0,1,0
248968,1786553441309.595580,0,0,0,1,0,0,1,0
248969,1786553441310.602068,0,0,0,1,0,0,1,0
248970,1786553441311.614755,0,0,0,1,0,0,1,0
248971,1786553441312.618942,0,0,0,1,0,0,1,0
248972,1786553441313.635629,0,0,0,1,0,0,1,0
248973,1786553441314.640315,0,0,0,1,0,0,1,0
248974,1786553441315.646003,0,0,0,1,0,0,1,0
248975,1786553441316.653991,0,0,0,1,0,0,1,0
248976,1786553441317.661479,0,0,0,1,0,0,1,0
248977,1786553441318.670567,0,0,0,1,0,0,1,0
248978,1786553441319.677055,0,0,0,1,0,0,1,0
248979,1786553441320.685442,0,0,0,1,0,0,1,0
248980,1786553441321.694530,0,0,0,1,0,0,1,0
248981,1786553441322.706518,0,0,0,1,0,0,1,0
248982,1786553441323.716607,0,0,0,1,0,0,1,0
248983,1786553441324.720994,0,0,0,1,0,0,1,0
248984,1786553441325.727581,0,0,0,1,0,0,1,0
248985,1786553441326.734168,0,0,0,1,0,0,1,0
248986,1786553441327.743256,0,0,0,1,0,0,1,0
248987,1786553441329.175081,0,0,0,1,0,0,1,0
248988,1786553441329.766632,0,0,0,1,0,0,1,0
248989,1786553441330.774921,0,0,0,1,0,0,1,0
248990,1786553441331.846114,0,0,0,1,0,0,1,0
248991,1786553441332.794198,0,0,0,1,0,0,1,0
248992,1786553441333.800383,0,0,0,1,0,0,1,0
248993,1786553441334.826271,0,0,0,1,0,0,1,0
248994,1786553441335.828157,0,0,0,1,0,0,1,0
248995,1786553441336.834844,0,0,0,1,0,0,1,0
248996,1786553441337.841333,0,0,0,1,0,0,1,0
248997,1786553441338.855821,0,0,0,1,0,0,1,0
248998,1786553441339.861208,0,0,0,1,0,0,1,0
248999,1786553441340.866795,0,0,0,1,0,0,1,0
249000,1786553441341.874281,0,0,0,1,0,0,1,0
249001,1786553441342.882368,0,0,0,1,0,0,1,0
249002,1786553441343.891754,0,0,0,1,0,0,1,0
249003,1786553441344.922646,0,0,0,1,0,0,1,0
249004,1786553441345.914233,0,0,0,1,0,0,1,0
249005,1786553441346.917422,0,0,0,1,0,0,1,0
249006,1786553441347.926410,0,0,0,1,0,0,1,0
249007,1786553441348.933896,0,0,0,1,0,0,1,0
249008,1786553441349.942683,0,0,0,1,0,0,1,0
249009,1786553441350.952671,0,0,0,1,0,0,1,0
249010,1786553441351.961059,0,0,0,1,0,0,1,0
249011,1786553441352.971945,0,0,0,1,0,0,1,0
249012,1786553441353.972434,0,0,0,1,0,0,1,0
249013,1786553441354.981720,0,0,0,1,0,0,1,0
249014,1786553441355.998308,0,0,0,1,0,0,1,0
249015,1786553441356.999896,0,0,0,1,0,0,1,0
249016,1786553441358.008784,0,0,0,1,0,0,1,0
249017,1786553441359.015672,0,0,0,1,0,0,1,0
249018,1786553441360.425196,0,0,0,1,0,0,1,0
249019,1786553441361.292172,0,0,0,1,0,0,1,0
249020,1786553441362.293861,0,0,0,1,0,0,1,0
249021,1786553441363.299548,0,0,0,1,0,0,1,0
249022,1786553441364.307035,0,0,0,1,0,0,1,0
249023,1786553441365.314020,0,0,0,1,0,0,1,0
249024,1786553441366.321909,0,0,0,1,0,0,1,0
249025,1786553441367.330097,0,0,0,1,0,0,1,0
249026,1786553441368.339685,0,0,0,1,0,0,1,0
249027,1786553441369.346174,0,0,0,1,0,0,1,0
249028,1786553441370.355761,0,0,0,1,0,0,1,0
249029,1786553441371.388050,0,0,0,1,0,0,1,0
249030,1786553441372.384038,0,0,0,1,0,0,1,0
249031,1786553441373.386227,0,0,0,1,0,0,1,0
249032,1786553441374.432919,0,0,0,1,0,0,1,0
249033,1786553441375.434405,0,0,0,1,0,0,1,0
249034,1786553441376.437692,0,0,0,1,0,0,1,0
249035,1786553441377.438380,0,0,0,1,0,0,1,0
249036,1786553441378.446866,0,0,0,1,0,0,1,0
249037,1786553441379.454553,0,0,0,1,0,0,1,0
249038,1786553441380.479142,0,0,0,1,0,0,1,0
249039,1786553441381.485729,0,0,0,1,0,0,1,0
249040,1786553441382.486416,0,0,0,1,0,0,1,0
249041,1786553441383.493105,0,0,0,1,0,0,1,0
249042,1786553441384.501192,0,0,0,1,0,0,1,0
249043,1786553441385.509079,0,0,0,1,0,0,1,0
249044,1786553441386.545270,0,0,0,1,0,0,1,0
249045,1786553441387.528055,0,0,0,1,0,0,1,0
249046,1786553441388.539843,0,0,0,1,0,0,1,0
249047,1786553441389.544332,0,0,0,1,0,0,1,0
249048,1786553441390.594024,0,0,0,1,0,0,1,0
249049,1786553441391.594610,0,0,0,1,0,0,1,0
249050,1786553441392.595796,0,0,0,1,0,0,1,0
249051,1786553441393.602284,0,0,0,1,0,0,1,0
249052,1786553441394.611370,0,0,0,1,0,0,1,0
249053,1786553441395.616158,0,0,0,1,0,0,1,0
249054,1786553441396.623047,0,0,0,1,0,0,1,0
249055,1786553441397.631634,0,0,0,1,0,0,1,0
249056,1786553441398.639122,0,0,0,1,0,0,1,0
249057,1786553441399.646309,0,0,0,1,0,0,1,0
249058,1786553441400.654197,0,0,0,1,0,0,1,0
249059,1786553441401.668186,0,0,0,1,0,0,1,0
249060,1786553441402.675073,0,0,0,1,0,0,1,0
249061,1786553441403.681561,0,0,0,1,0,0,1,0
249062,1786553441404.707853,0,0,0,1,0,0,1,0
249063,1786553441405.708238,0,0,0,1,0,0,1,0
249064,1786553441406.714525,0,0,0,1,0,0,1,0
249065,1786553441407.721511,0,0,0,1,0,0,1,0
249066,1786553441408.730198,0,0,0,1,0,0,1,0
249067,1786553441409.738186,0,0,0,1,0,0,1,0
249068,1786553441410.746872,0,0,0,1,0,0,1,0
249069,1786553441411.755160,0,0,0,1,0,0,1,0
249070,1786553441412.764546,0,0,0,1,0,0,1,0
249071,1786553441413.776735,0,0,0,1,0,0,1,0
249072,1786553441414.793826,0,0,0,1,0,0,1,0
249073,1786553441415.794313,0,0,0,1,0,0,1,0
249074,1786553441416.806600,0,0,0,1,0,0,1,0
249075,1786553441417.810887,0,0,0,1,0,0,1,0
249076,1786553441418.829376,0,0,0,1,0,0,1,0
249077,1786553441419.836463,0,0,0,1,0,0,1,0
249078,1786553441421.259886,0,0,0,1,0,0,1,0
249079,1786553441421.866038,0,0,0,1,0,0,1,0
249080,1786553441422.868825,0,0,0,1,0,0,1,0
249081,1786553441423.945620,0,0,0,1,0,0,1,0
249082,1786553441424.899002,0,0,0,1,0,0,1,0
249083,1786553441425.895088,0,0,0,1,0,0,1,0
249084,1786553441426.899175,0,0,0,1,0,0,1,0
249085,1786553441427.905361,0,0,0,1,0,0,1,0
249086,1786553441428.909749,0,0,0,1,0,0,1,0
249087,1786553441429.917036,0,0,0,1,0,0,1,0
249088,1786553441430.923623,0,0,0,1,0,0,1,0
249089,1786553441431.934211,0,0,0,1,0,0,1,0
249090,1786553441432.940299,0,0,0,1,0,0,1,0
249091,1786553441433.954488,0,0,0,1,0,0,1,0
249092,1786553441434.962776,0,0,0,1,0,0,1,0
249093,1786553441435.969864,0,0,0,1,0,0,1,0
249094,1786553441436.993854,0,0,0,1,0,0,1,0
249095,1786553441437.991440,0,0,0,1,0,0,1,0
249096,1786553441438.995128,0,0,0,1,0,0,1,0
249097,1786553441440.000314,0,0,0,1,0,0,1,0
249098,1786553441441.009003,0,0,0,1,0,0,1,0
249099,1786553441442.016191,0,0,0,1,0,0,1,0
249100,1786553441443.024178,0,0,0,1,0,0,1,0
249101,1786553441444.034466,0,0,0,1,0,0,1,0
249102,1786553441445.044251,0,0,0,1,0,0,1,0
249103,1786553441446.051238,0,0,0,1,0,0,1,0
249104,1786553441447.059325,0,0,0,1,0,0,1,0
249105,1786553441448.066913,0,0,0,1,0,0,1,0
249106,1786553441449.074799,0,0,0,1,0,0,1,0
249107,1786553441450.082986,0,0,0,1,0,0,1,0
249108,1786553441451.090872,0,0,0,1,0,0,1,0
249109,1786553441452.498194,0,0,0,1,0,0,1,0
249110,1786553441453.125548,0,0,0,1,0,0,1,0
249111,1786553441454.163738,0,0,0,1,0,0,1,0
249112,1786553441455.160626,0,0,0,1,0,0,1,0
249113,1786553441456.152712,0,0,0,1,0,0,1,0
249114,1786553441457.158901,0,0,0,1,0,0,1,0
249115,1786553441458.167988,0,0,0,1,0,0,1,0
249116,1786553441459.177376,0,0,0,1,0,0,1,0
249117,1786553441460.186262,0,0,0,1,0,0,1,0
249118,1786553441461.190150,0,0,0,1,0,0,1,0
249119,1786553441462.197638,0,0,0,1,0,0,1,0
249120,1786553441463.204224,0,0,0,1,0,0,1,0
249121,1786553441464.213812,0,0,0,1,0,0,1,0
249122,1786553441465.219400,0,0,0,1,0,0,1,0
249123,1786553441466.228589,0,0,0,1,0,0,1,0
249124,1786553441467.254877,0,0,0,1,0,0,1,0
249125,1786553441468.252764,0,0,0,1,0,0,1,0
249126,1786553441469.255751,0,0,0,1,0,0,1,0
249127,1786553441470.266939,0,0,0,1,0,0,1,0
249128,1786553441471.275427,0,0,0,1,0,0,1,0
249129,1786553441472.282715,0,0,0,1,0,0,1,0
249130,1786553441473.292504,0,0,0,1,0,0,1,0
249131,1786553441474.301591,0,0,0,1,0,0,1,0
249132,1786553441475.310979,0,0,0,1,0,0,1,0
249133,1786553441476.320368,0,0,0,1,0,0,1,0
249134,1786553441477.328755,0,0,0,1,0,0,1,0
249135,1786553441478.338642,0,0,0,1,0,0,1,0
249136,1786553441479.346530,0,0,0,1,0,0,1,0
249137,1786553441480.356918,0,0,0,1,0,0,1,0
249138,1786553441481.365706,0,0,0,1,0,0,1,0
249139,1786553441482.406597,0,0,0,1,0,0,1,0
249140,1786553441483.407785,0,0,0,1,0,0,1,0
249141,1786553441484.399271,0,0,0,1,0,0,1,0
249142,1786553441485.419058,0,0,0,1,0,0,1,0
249143,1786553441486.441546,0,0,0,1,0,0,1,0
249144,1786553441487.424333,0,0,0,1,0,0,1,0
249145,1786553441488.427921,0,0,0,1,0,0,1,0
249146,1786553441489.435108,0,0,0,1,0,0,1,0
249147,1786553441490.453596,0,0,0,1,0,0,1,0
249148,1786553441491.446484,0,0,0,1,0,0,1,0
249149,1786553441492.453671,0,0,0,1,0,0,1,0
249150,1786553441493.463258,0,0,0,1,0,0,1,0
249151,1786553441494.472545,0,0,0,1,0,0,1,0
249152,1786553441495.480930,0,0,0,1,0,0,1,0
249153,1786553441496.485917,0,0,0,1,0,0,1,0
249154,1786553441497.493802,0,0,0,1,0,0,1,0
249155,1786553441498.507591,0,0,0,1,0,0,1,0
249156,1786553441499.512578,0,0,0,1,0,0,1,0
249157,1786553441500.519064,0,0,0,1,0,0,1,0
249158,1786553441501.527852,0,0,0,1,0,0,1,0
249159,1786553441502.544140,0,0,0,1,0,0,1,0
249160,1786553441503.547127,0,0,0,1,0,0,1,0
249161,1786553441504.555014,0,0,0,1,0,0,1,0
249162,1786553441505.566603,0,0,0,1,0,0,1,0
249163,1786553441506.572492,0,0,0,1,0,0,1,0
249164,1786553441507.581078,0,0,0,1,0,0,1,0
249165,1786553441508.587866,0,0,0,1,0,0,1,0
249166,1786553441509.597553,0,0,0,1,0,0,1,0
249167,1786553441510.606241,0,0,0,1,0,0,1,0
249168,1786553441511.611726,0,0,0,1,0,0,1,0
249169,1786553441512.632115,0,0,0,1,0,0,1,0
249170,1786553441513.673406,0,0,0,1,0,0,1,0
249171,1786553441514.645390,0,0,0,1,0,0,1,0
249172,1786553441515.652776,0,0,0,1,0,0,1,0
249173,1786553441516.656863,0,0,0,1,0,0,1,0
249174,1786553441517.670451,0,0,0,1,0,0,1,0
249175,1786553441518.682039,0,0,0,1,0,0,1,0
249176,1786553441519.692127,0,0,0,1,0,0,1,0
249177,1786553441520.695815,0,0,0,1,0,0,1,0
249178,1786553441521.704403,0,0,0,1,0,0,1,0
249179,1786553441522.709288,0,0,0,1,0,0,1,0
249180,1786553441523.719377,0,0,0,1,0,0,1,0
249181,1786553441524.725365,0,0,0,1,0,0,1,0
249182,1786553441525.733853,0,0,0,1,0,0,1,0
249183,1786553441526.742140,0,0,0,1,0,0,1,0
249184,1786553441527.755928,0,0,0,1,0,0,1,0
249185,1786553441528.765216,0,0,0,1,0,0,1,0
249186,1786553441529.772605,0,0,0,1,0,0,1,0
249187,1786553441530.785191,0,0,0,1,0,0,1,0
249188,1786553441531.788478,0,0,0,1,0,0,1,0
249189,1786553441532.798266,0,0,0,1,0,0,1,0
249190,1786553441533.806751,0,0,0,1,0,0,1,0
249191,1786553441534.839440,0,0,0,1,0,0,1,0
249192,1786553441535.833326,0,0,0,1,0,0,1,0
249193,1786553441536.838813,0,0,0,1,0,0,1,0
249194,1786553441537.844500,0,0,0,1,0,0,1,0
249195,1786553441538.855789,0,0,0,1,0,0,1,0
249196,1786553441539.860777,0,0,0,1,0,0,1,0
249197,1786553441540.870766,0,0,0,1,0,0,1,0
249198,1786553441541.876953,0,0,0,1,0,0,1,0
249199,1786553441543.303276,0,0,0,1,0,0,1,0
249200,1786553441543.949733,0,0,0,1,0,0,1,0
249201,1786553441544.976223,0,0,0,1,0,0,1,0
249202,1786553441545.925806,0,0,0,1,0,0,1,0
249203,1786553441546.931393,0,0,0,1,0,0,1,0
249204,1786553441547.937282,0,0,0,1,0,0,1,0
249205,1786553441548.948871,0,0,0,1,0,0,1,0
249206,1786553441549.952259,0,0,0,1,0,0,1,0
249207,1786553441551.016850,0,0,0,1,0,0,1,0
249208,1786553441552.014735,0,0,0,1,0,0,1,0
249209,1786553441553.026523,0,0,0,1,0,0,1,0
249210,1786553441554.012609,0,0,0,1,0,0,1,0
249211,1786553441555.019096,0,0,0,1,0,0,1,0
249212,1786553441556.029383,0,0,0,1,0,0,1,0
249213,1786553441557.040071,0,0,0,1,0,0,1,0
249214,1786553441558.074262,0,0,0,1,0,0,1,0
249215,1786553441559.070849,0,0,0,1,0,0,1,0
249216,1786553441560.073236,0,0,0,1,0,0,1,0
249217,1786553441561.078123,0,0,0,1,0,0,1,0
249218,1786553441562.085611,0,0,0,1,0,0,1,0
249219,1786553441563.094599,0,0,0,1,0,0,1,0
249220,1786553441564.102986,0,0,0,1,0,0,1,0
249221,1786553441565.110774,0,0,0,1,0,0,1,0
249222,1786553441566.120561,0,0,0,1,0,0,1,0
249223,1786553441567.130049,0,0,0,1,0,0,1,0
249224,1786553441568.146236,0,0,0,1,0,0,1,0
249225,1786553441569.151624,0,0,0,1,0,0,1,0
249226,1786553441570.157611,0,0,0,1,0,0,1,0
249227,1786553441571.165899,0,0,0,1,0,0,1,0
249228,1786553441572.174387,0,0,0,1,0,0,1,0
249229,1786553441573.183074,0,0,0,1,0,0,1,0
249230,1786553441574.213265,0,0,0,1,0,0,1,0
249231,1786553441575.222853,0,0,0,1,0,0,1,0
249232,1786553441576.215539,0,0,0,1,0,0,1,0
249233,1786553441577.224827,0,0,0,1,0,0,1,0
249234,1786553441578.231514,0,0,0,1,0,0,1,0
249235,1786553441579.240401,0,0,0,1,0,0,1,0
249236,1786553441580.245489,0,0,0,1,0,0,1,0
249237,1786553441581.256276,0,0,0,1,0,0,1,0
249238,1786553441582.261363,0,0,0,1,0,0,1,0
249239,1786553441583.274052,0,0,0,1,0,0,1,0
249240,1786553441584.291241,0,0,0,1,0,0,1,0
249241,1786553441585.341332,0,0,0,1,0,0,1,0
249242,1786553441586.333917,0,0,0,1,0,0,1,0
249243,1786553441587.328704,0,0,0,1,0,0,1,0
249244,1786553441588.335791,0,0,0,1,0,0,1,0
249245,1786553441589.357280,0,0,0,1,0,0,1,0
249246,1786553441590.365267,0,0,0,1,0,0,1,0
249247,1786553441591.370254,0,0,0,1,0,0,1,0
249248,1786553441592.381143,0,0,0,1,0,0,1,0
249249,1786553441593.383930,0,0,0,1,0,0,1,0
249250,1786553441594.394619,0,0,0,1,0,0,1,0
249251,1786553441595.402206,0,0,0,1,0,0,1,0
249252,1786553441596.411293,0,0,0,1,0,0,1,0
249253,1786553441597.424980,0,0,0,1,0,0,1,0
249254,1786553441598.431168,0,0,0,1,0,0,1,0
249255,1786553441599.441857,0,0,0,1,0,0,1,0
249256,1786553441600.460045,0,0,0,1,0,0,1,0
249257,1786553441601.465335,0,0,0,1,0,0,1,0
249258,1786553441602.472522,0,0,0,1,0,0,1,0
249259,1786553441603.481111,0,0,0,1,0,0,1,0
249260,1786553441604.695814,0,0,0,1,0,0,1,0
249261,1786553441605.570490,0,0,0,1,0,0,1,0
249262,1786553441606.574879,0,0,0,1,0,0,1,0
249263,1786553441607.576566,0,0,0,1,0,0,1,0
249264,1786553441608.584153,0,0,0,1,0,0,1,0
249265,1786553441609.588639,0,0,0,1,0,0,1,0
249266,1786553441610.592925,0,0,0,1,0,0,1,0
249267,1786553441611.599913,0,0,0,1,0,0,1,0
249268,1786553441612.604501,0,0,0,1,0,0,1,0
249269,1786553441613.611689,0,0,0,1,0,0,1,0
249270,1786553441614.618477,0,0,0,1,0,0,1,0
249271,1786553441615.627165,0,0,0,1,0,0,1,0
249272,1786553441616.637753,0,0,0,1,0,0,1,0
249273,1786553441617.644238,0,0,0,1,0,0,1,0
249274,1786553441618.662926,0,0,0,1,0,0,1,0
249275,1786553441619.662314,0,0,0,1,0,0,1,0
249276,1786553441620.667700,0,0,0,1,0,0,1,0
249277,1786553441621.675288,0,0,0,1,0,0,1,0
249278,1786553441622.684474,0,0,0,1,0,0,1,0
249279,1786553441623.691662,0,0,0,1,0,0,1,0
249280,1786553441624.698849,0,0,0,1,0,0,1,0
249281,1786553441625.707137,0,0,0,1,0,0,1,0
249282,1786553441626.712726,0,0,0,1,0,0,1,0
249283,1786553441627.720813,0,0,0,1,0,0,1,0
249284,1786553441628.728001,0,0,0,1,0,0,1,0
249285,1786553441629.736288,0,0,0,1,0,0,1,0
249286,1786553441630.744077,0,0,0,1,0,0,1,0
249287,1786553441631.753666,0,0,0,1,0,0,1,0
249288,1786553441632.786657,0,0,0,1,0,0,1,0
249289,1786553441633.780242,0,0,0,1,0,0,1,0
249290,1786553441634.800731,0,0,0,1,0,0,1,0
249291,1786553441635.792516,0,0,0,1,0,0,1,0
249292,1786553441636.801403,0,0,0,1,0,0,1,0
249293,1786553441637.808289,0,0,0,1,0,0,1,0
249294,1786553441638.824078,0,0,0,1,0,0,1,0
249295,1786553441639.830366,0,0,0,1,0,0,1,0
249296,1786553441640.837654,0,0,0,1,0,0,1,0
249297,1786553441641.844441,0,0,0,1,0,0,1,0
249298,1786553441642.866032,0,0,0,1,0,0,1,0
249299,1786553441643.863619,0,0,0,1,0,0,1,0
249300,1786553441644.878407,0,0,0,1,0,0,1,0
249301,1786553441645.876694,0,0,0,1,0,0,1,0
249302,1786553441646.886281,0,0,0,1,0,0,1,0
249303,1786553441647.897568,0,0,0,1,0,0,1,0
249304,1786553441648.904554,0,0,0,1,0,0,1,0
249305,1786553441650.236170,0,0,0,1,0,0,1,0
249306,1786553441650.983534,0,0,0,1,0,0,1,0
249307,1786553441651.944618,0,0,0,1,0,0,1,0
249308,1786553441652.948305,0,0,0,1,0,0,1,0
249309,1786553441653.955494,0,0,0,1,0,0,1,0
249310,1786553441654.966982,0,0,0,1,0,0,1,0
249311,1786553441655.974371,0,0,0,1,0,0,1,0
249312,1786553441656.980560,0,0,0,1,0,0,1,0
249313,1786553441657.994548,0,0,0,1,0,0,1,0
249314,1786553441658.999235,0,0,0,1,0,0,1,0
249315,1786553441660.008922,0,0,0,1,0,0,1,0
249316,1786553441661.018712,0,0,0,1,0,0,1,0
249317,1786553441662.028700,0,0,0,1,0,0,1,0
249318,1786553441663.039187,0,0,0,1,0,0,1,0
249319,1786553441664.057075,0,0,0,1,0,0,1,0
249320,1786553441665.077166,0,0,0,1,0,0,1,0
249321,1786553441666.073051,0,0,0,1,0,0,1,0
249322,1786553441667.078336,0,0,0,1,0,0,1,0
249323,1786553441668.085423,0,0,0,1,0,0,1,0
249324,1786553441669.095910,0,0,0,1,0,0,1,0
249325,1786553441670.106098,0,0,0,1,0,0,1,0
249326,1786553441671.115086,0,0,0,1,0,0,1,0
249327,1786553441672.123974,0,0,0,1,0,0,1,0
249328,1786553441673.134362,0,0,0,1,0,0,1,0
249329,1786553441674.142849,0,0,0,1,0,0,1,0
249330,1786553441675.153537,0,0,0,1,0,0,1,0
249331,1786553441676.160823,0,0,0,1,0,0,1,0
249332,1786553441677.169911,0,0,0,1,0,0,1,0
249333,1786553441678.178298,0,0,0,1,0,0,1,0
249334,1786553441679.187185,0,0,0,1,0,0,1,0
249335,1786553441680.693718,0,0,0,1,0,0,1,0
249336,1786553441681.318574,0,0,0,1,0,0,1,0
249337,1786553441682.234552,0,0,0,1,0,0,1,0
249338,1786553441683.233239,0,0,0,1,0,0,1,0
249339,1786553441684.239027,0,0,0,1,0,0,1,0
249340,1786553441685.243215,0,0,0,1,0,0,1,0
249341,1786553441686.248702,0,0,0,1,0,0,1,0
249342,1786553441687.264091,0,0,0,1,0,0,1,0
249343,1786553441688.270678,0,0,0,1,0,0,1,0
249344,1786553441689.290367,0,0,0,1,0,0,1,0
249345,1786553441690.349659,0,0,0,1,0,0,1,0
249346,1786553441691.301043,0,0,0,1,0,0,1,0
249347,1786553441692.310132,0,0,0,1,0,0,1,0
249348,1786553441693.316518,0,0,0,1,0,0,1,0
249349,1786553441694.327308,0,0,0,1,0,0,1,0
249350,1786553441695.387602,0,0,0,1,0,0,1,0
249351,1786553441696.405191,0,0,0,1,0,0,1,0
249352,1786553441697.379975,0,0,0,1,0,0,1,0
249353,1786553441698.378560,0,0,0,1,0,0,1,0
249354,1786553441699.395349,0,0,0,1,0,0,1,0
249355,1786553441700.402336,0,0,0,1,0,0,1,0
249356,1786553441701.410824,0,0,0,1,0,0,1,0
249357,1786553441702.417811,0,0,0,1,0,0,1,0
249358,1786553441703.426099,0,0,0,1,0,0,1,0
249359,1786553441704.434286,0,0,0,1,0,0,1,0
249360,1786553441705.442674,0,0,0,1,0,0,1,0
249361,1786553441706.449463,0,0,0,1,0,0,1,0
249362,1786553441707.458849,0,0,0,1,0,0,1,0
249363,1786553441708.466736,0,0,0,1,0,0,1,0
249364,1786553441709.491825,0,0,0,1,0,0,1,0
249365,1786553441710.491410,0,0,0,1,0,0,1,0
249366,1786553441711.497498,0,0,0,1,0,0,1,0
249367,1786553441712.506485,0,0,0,1,0,0,1,0
249368,1786553441713.519073,0,0,0,1,0,0,1,0
249369,1786553441714.539962,0,0,0,1,0,0,1,0
249370,1786553441715.538849,0,0,0,1,0,0,1,0
249371,1786553441716.547036,0,0,0,1,0,0,1,0
249372,1786553441717.547122,0,0,0,1,0,0,1,0
249373,1786553441718.554610,0,0,0,1,0,0,1,0
249374,1786553441719.566497,0,0,0,1,0,0,1,0
249375,1786553441720.571183,0,0,0,1,0,0,1,0
249376,1786553441721.581571,0,0,0,1,0,0,1,0
249377,1786553441722.587859,0,0,0,1,0,0,1,0
249378,1786553441723.595747,0,0,0,1,0,0,1,0
249379,1786553441724.603636,0,0,0,1,0,0,1,0
249380,1786553441725.615224,0,0,0,1,0,0,1,0
249381,1786553441726.622909,0,0,0,1,0,0,1,0
249382,1786553441727.628996,0,0,0,1,0,0,1,0
249383,1786553441728.635684,0,0,0,1,0,0,1,0
249384,1786553441729.652471,0,0,0,1,0,0,1,0
249385,1786553441730.660157,0,0,0,1,0,0,1,0
249386,1786553441731.663545,0,0,0,1,0,0,1,0
249387,1786553441732.673633,0,0,0,1,0,0,1,0
249388,1786553441733.680620,0,0,0,1,0,0,1,0
249389,1786553441734.690109,0,0,0,1,0,0,1,0
249390,1786553441735.696097,0,0,0,1,0,0,1,0
249391,1786553441736.701984,0,0,0,1,0,0,1,0
249392,1786553441737.710372,0,0,0,1,0,0,1,0
249393,1786553441738.720061,0,0,0,1,0,0,1,0
249394,1786553441739.727247,0,0,0,1,0,0,1,0
249395,1786553441740.777838,0,0,0,1,0,0,1,0
249396,1786553441741.755023,0,0,0,1,0,0,1,0
249397,1786553441742.756612,0,0,0,1,0,0,1,0
249398,1786553441743.762898,0,0,0,1,0,0,1,0
249399,1786553441744.781785,0,0,0,1,0,0,1,0
249400,1786553441745.790873,0,0,0,1,0,0,1,0
249401,1786553441746.792460,0,0,0,1,0,0,1,0
249402,1786553441747.796047,0,0,0,1,0,0,1,0
249403,1786553441748.803633,0,0,0,1,0,0,1,0
249404,1786553441749.829923,0,0,0,1,0,0,1,0
249405,1786553441750.835010,0,0,0,1,0,0,1,0
249406,1786553441751.842298,0,0,0,1,0,0,1,0
249407,1786553441752.858288,0,0,0,1,0,0,1,0
249408,1786553441753.864474,0,0,0,1,0,0,1,0
249409,1786553441754.876561,0,0,0,1,0,0,1,0
249410,1786553441755.899849,0,0,0,1,0,0,1,0
249411,1786553441757.052752,0,0,0,1,0,0,1,0
249412,1786553441757.927627,0,0,0,1,0,0,1,0
249413,1786553441758.924214,0,0,0,1,0,0,1,0
249414,1786553441759.996607,0,0,0,1,0,0,1,0
249415,1786553441760.959090,0,0,0,1,0,0,1,0
249416,1786553441761.962078,0,0,0,1,0,0,1,0
249417,1786553441762.962664,0,0,0,1,0,0,1,0
249418,1786553441763.971251,0,0,0,1,0,0,1,0
249419,1786553441764.975939,0,0,0,1,0,0,1,0
249420,1786553441765.991329,0,0,0,1,0,0,1,0
249421,1786553441766.999917,0,0,0,1,0,0,1,0
249422,1786553441768.007302,0,0,0,1,0,0,1,0
249423,1786553441769.014189,0,0,0,1,0,0,1,0
249424,1786553441770.023876,0,0,0,1,0,0,1,0
249425,1786553441771.045963,0,0,0,1,0,0,1,0
249426,1786553441772.043450,0,0,0,1,0,0,1,0
249427,1786553441773.049138,0,0,0,1,0,0,1,0
249428,1786553441774.057326,0,0,0,1,0,0,1,0
249429,1786553441775.064813,0,0,0,1,0,0,1,0
249430,1786553441776.071799,0,0,0,1,0,0,1,0
249431,1786553441777.079087,0,0,0,1,0,0,1,0
249432,1786553441778.095074,0,0,0,1,0,0,1,0
249433,1786553441779.105862,0,0,0,1,0,0,1,0
249434,1786553441780.107448,0,0,0,1,0,0,1,0
249435,1786553441781.119633,0,0,0,1,0,0,1,0
249436,1786553441782.126421,0,0,0,1,0,0,1,0
249437,1786553441783.135308,0,0,0,1,0,0,1,0
249438,1786553441784.145496,0,0,0,1,0,0,1,0
249439,1786553441785.153984,0,0,0,1,0,0,1,0
249440,1786553441786.216775,0,0,0,1,0,0,1,0
249441,1786553441787.176459,0,0,0,1,0,0,1,0
249442,1786553441788.183545,0,0,0,1,0,0,1,0
249443,1786553441789.189233,0,0,0,1,0,0,1,0
249444,1786553441790.197619,0,0,0,1,0,0,1,0
249445,1786553441791.204407,0,0,0,1,0,0,1,0
249446,1786553441792.215695,0,0,0,1,0,0,1,0
249447,1786553441793.223283,0,0,0,1,0,0,1,0
249448,1786553441794.233072,0,0,0,1,0,0,1,0
249449,1786553441795.239958,0,0,0,1,0,0,1,0
249450,1786553441796.250047,0,0,0,1,0,0,1,0
249451,1786553441797.255435,0,0,0,1,0,0,1,0
249452,1786553441798.263122,0,0,0,1,0,0,1,0
249453,1786553441799.271108,0,0,0,1,0,0,1,0
249454,1786553441800.311697,0,0,0,1,0,0,1,0
249455,1786553441801.292483,0,0,0,1,0,0,1,0
249456,1786553441802.297471,0,0,0,1,0,0,1,0
249457,1786553441803.304857,0,0,0,1,0,0,1,0
249458,1786553441804.313747,0,0,0,1,0,0,1,0
249459,1786553441805.321234,0,0,0,1,0,0,1,0
249460,1786553441806.329522,0,0,0,1,0,0,1,0
249461,1786553441807.336811,0,0,0,1,0,0,1,0
249462,1786553441808.353498,0,0,0,1,0,0,1,0
249463,1786553441809.356085,0,0,0,1,0,0,1,0
249464,1786553441810.375574,0,0,0,1,0,0,1,0
249465,1786553441811.382761,0,0,0,1,0,0,1,0
249466,1786553441812.387349,0,0,0,1,0,0,1,0
249467,1786553441813.397337,0,0,0,1,0,0,1,0
249468,1786553441814.402423,0,0,0,1,0,0,1,0
249469,1786553441815.412111,0,0,0,1,0,0,1,0
249470,1786553441817.006647,0,0,0,1,0,0,1,0
249471,1786553441817.808118,0,0,0,1,0,0,1,0
249472,1786553441818.807505,0,0,0,1,0,0,1,0
249473,1786553441819.832194,0,0,0,1,0,0,1,0
249474,1786553441820.831181,0,0,0,1,0,0,1,0
249475,1786553441821.836670,0,0,0,1,0,0,1,0
249476,1786553441822.844557,0,0,0,1,0,0,1,0
249477,1786553441823.852744,0,0,0,1,0,0,1,0
249478,1786553441824.873331,0,0,0,1,0,0,1,0
249479,1786553441825.879218,0,0,0,1,0,0,1,0
249480,1786553441826.878405,0,0,0,1,0,0,1,0
249481,1786553441827.887892,0,0,0,1,0,0,1,0
249482,1786553441828.894980,0,0,0,1,0,0,1,0
249483,1786553441829.900267,0,0,0,1,0,0,1,0
249484,1786553441830.935658,0,0,0,1,0,0,1,0
249485,1786553441831.921843,0,0,0,1,0,0,1,0
249486,1786553441832.929630,0,0,0,1,0,0,1,0
249487,1786553441833.935217,0,0,0,1,0,0,1,0
249488,1786553441834.944804,0,0,0,1,0,0,1,0
249489,1786553441835.950292,0,0,0,1,0,0,1,0
249490,1786553441836.962279,0,0,0,1,0,0,1,0
249491,1786553441837.968865,0,0,0,1,0,0,1,0
249492,1786553441838.974651,0,0,0,1,0,0,1,0
249493,1786553441839.986339,0,0,0,1,0,0,1,0
249494,1786553441840.996026,0,0,0,1,0,0,1,0
249495,1786553441842.003113,0,0,0,1,0,0,1,0
249496,1786553441843.021701,0,0,0,1,0,0,1,0
249497,1786553441844.023489,0,0,0,1,0,0,1,0
249498,1786553441845.034176,0,0,0,1,0,0,1,0
249499,1786553441846.041963,0,0,0,1,0,0,1,0
249500,1786553441847.124157,0,0,0,1,0,0,1,0
249501,1786553441848.086439,0,0,0,1,0,0,1,0
249502,1786553441849.084625,0,0,0,1,0,0,1,0
249503,1786553441850.091513,0,0,0,1,0,0,1,0
249504,1786553441851.099401,0,0,0,1,0,0,1,0
249505,1786553441852.107489,0,0,0,1,0,0,1,0
249506,1786553441853.115577,0,0,0,1,0,0,1,0
249507,1786553441854.128265,0,0,0,1,0,0,1,0
249508,1786553441855.134954,0,0,0,1,0,0,1,0
249509,1786553441856.141741,0,0,0,1,0,0,1,0
249510,1786553441857.150128,0,0,0,1,0,0,1,0
249511,1786553441858.157514,0,0,0,1,0,0,1,0
249512,1786553441859.169303,0,0,0,1,0,0,1,0
249513,1786553441860.174090,0,0,0,1,0,0,1,0
249514,1786553441861.205780,0,0,0,1,0,0,1,0
249515,1786553441862.206367,0,0,0,1,0,0,1,0
249516,1786553441863.199453,0,0,0,1,0,0,1,0
249517,1786553441864.210840,0,0,0,1,0,0,1,0
249518,1786553441865.215129,0,0,0,1,0,0,1,0
249519,1786553441866.225416,0,0,0,1,0,0,1,0
249520,1786553441867.231503,0,0,0,1,0,0,1,0
249521,1786553441868.240291,0,0,0,1,0,0,1,0
249522,1786553441869.246177,0,0,0,1,0,0,1,0
249523,1786553441870.256864,0,0,0,1,0,0,1,0
249524,1786553441871.262352,0,0,0,1,0,0,1,0
249525,1786553441872.272639,0,0,0,1,0,0,1,0
249526,1786553441873.279927,0,0,0,1,0,0,1,0
249527,1786553441874.290014,0,0,0,1,0,0,1,0
249528,1786553441875.357808,0,0,0,1,0,0,1,0
249529,1786553441876.384296,0,0,0,1,0,0,1,0
249530,1786553441877.345579,0,0,0,1,0,0,1,0
249531,1786553441878.343865,0,0,0,1,0,0,1,0
249532,1786553441879.351852,0,0,0,1,0,0,1,0
249533,1786553441880.359838,0,0,0,1,0,0,1,0
249534,1786553441881.368826,0,0,0,1,0,0,1,0
249535,1786553441882.374814,0,0,0,1,0,0,1,0
249536,1786553441883.382901,0,0,0,1,0,0,1,0
249537,1786553441884.392789,0,0,0,1,0,0,1,0
249538,1786553441885.398676,0,0,0,1,0,0,1,0
249539,1786553441886.436766,0,0,0,1,0,0,1,0
249540,1786553441887.413551,0,0,0,1,0,0,1,0
249541,1786553441888.423138,0,0,0,1,0,0,1,0
249542,1786553441889.430125,0,0,0,1,0,0,1,0
249543,1786553441890.457215,0,0,0,1,0,0,1,0
249544,1786553441891.445902,0,0,0,1,0,0,1,0
249545,1786553441892.914528,0,0,0,1,0,0,1,0
249546,1786553441893.530482,0,0,0,1,0,0,1,0
249547,1786553441894.517968,0,0,0,1,0,0,1,0
249548,1786553441895.507554,0,0,0,1,0,0,1,0
249549,1786553441896.502241,0,0,0,1,0,0,1,0
249550,1786553441897.509229,0,0,0,1,0,0,1,0
249551,1786553441898.516815,0,0,0,1,0,0,1,0
249552,1786553441899.526103,0,0,0,1,0,0,1,0
249553,1786553441900.536093,0,0,0,1,0,0,1,0
249554,1786553441901.544180,0,0,0,1,0,0,1,0
249555,1786553441902.553367,0,0,0,1,0,0,1,0
249556,1786553441903.564955,0,0,0,1,0,0,1,0
249557,1786553441904.573145,0,0,0,1,0,0,1,0
249558,1786553441905.581033,0,0,0,1,0,0,1,0
249559,1786553441906.598323,0,0,0,1,0,0,1,0
249560,1786553441907.608210,0,0,0,1,0,0,1,0
249561,1786553441908.613697,0,0,0,1,0,0,1,0
249562,1786553441909.618684,0,0,0,1,0,0,1,0
249563,1786553441910.627771,0,0,0,1,0,0,1,0
249564,1786553441911.636159,0,0,0,1,0,0,1,0
249565,1786553441912.645345,0,0,0,1,0,0,1,0
249566,1786553441913.655033,0,0,0,1,0,0,1,0
249567,1786553441914.664520,0,0,0,1,0,0,1,0
249568,1786553441915.672507,0,0,0,1,0,0,1,0
249569,1786553441916.680395,0,0,0,1,0,0,1,0
249570,1786553441917.687982,0,0,0,1,0,0,1,0
249571,1786553441918.695371,0,0,0,1,0,0,1,0
249572,1786553441919.705958,0,0,0,1,0,0,1,0
249573,1786553441920.710746,0,0,0,1,0,0,1,0
249574,1786553441921.721234,0,0,0,1,0,0,1,0
249575,1786553441922.733520,0,0,0,1,0,0,1,0
249576,1786553441923.748309,0,0,0,1,0,0,1,0
249577,1786553441924.828904,0,0,0,1,0,0,1,0
249578,1786553441925.809089,0,0,0,1,0,0,1,0
249579,1786553441926.799376,0,0,0,1,0,0,1,0
249580,1786553441927.799163,0,0,0,1,0,0,1,0
249581,1786553441928.800751,0,0,0,1,0,0,1,0
249582,1786553441929.824239,0,0,0,1,0,0,1,0
249583,1786553441930.852528,0,0,0,1,0,0,1,0
249584,1786553441931.840414,0,0,0,1,0,0,1,0
249585,1786553441932.846903,0,0,0,1,0,0,1,0
249586,1786553441933.852791,0,0,0,1,0,0,1,0
249587,1786553441934.872779,0,0,0,1,0,0,1,0
249588,1786553441935.872165,0,0,0,1,0,0,1,0
249589,1786553441936.879055,0,0,0,1,0,0,1,0
249590,1786553441938.104060,0,0,0,1,0,0,1,0
249591,1786553441939.105246,0,0,0,1,0,0,1,0
249592,1786553441940.115234,0,0,0,1,0,0,1,0
249593,1786553441941.114419,0,0,0,1,0,0,1,0
249594,1786553441942.119706,0,0,0,1,0,0,1,0
249595,1786553441943.129295,0,0,0,1,0,0,1,0
249596,1786553441944.137282,0,0,0,1,0,0,1,0
249597,1786553441945.144769,0,0,0,1,0,0,1,0
249598,1786553441946.152756,0,0,0,1,0,0,1,0
249599,1786553441947.162343,0,0,0,1,0,0,1,0
249600,1786553441948.171230,0,0,0,1,0,0,1,0
249601,1786553441949.179918,0,0,0,1,0,0,1,0
249602,1786553441950.188404,0,0,0,1,0,0,1,0
249603,1786553441951.198191,0,0,0,1,0,0,1,0
249604,1786553441952.206480,0,0,0,1,0,0,1,0
249605,1786553441953.226968,0,0,0,1,0,0,1,0
249606,1786553441954.227155,0,0,0,1,0,0,1,0
249607,1786553441955.236143,0,0,0,1,0,0,1,0
249608,1786553441956.244330,0,0,0,1,0,0,1,0
249609,1786553441957.261919,0,0,0,1,0,0,1,0
249610,1786553441958.265106,0,0,0,1,0,0,1,0
249611,1786553441959.272393,0,0,0,1,0,0,1,0
249612,1786553441960.280581,0,0,0,1,0,0,1,0
249613,1786553441961.289369,0,0,0,1,0,0,1,0
249614,1786553441962.298257,0,0,0,1,0,0,1,0
249615,1786553441963.308043,0,0,0,1,0,0,1,0
249616,1786553441964.315632,0,0,0,1,0,0,1,0
249617,1786553441965.326620,0,0,0,1,0,0,1,0
249618,1786553441966.334806,0,0,0,1,0,0,1,0
249619,1786553441967.342394,0,0,0,1,0,0,1,0
249620,1786553441969.068245,0,0,0,1,0,0,1,0
249621,1786553441969.840011,0,0,0,1,0,0,1,0
249622,1786553441970.896701,0,0,0,1,0,0,1,0
249623,1786553441971.859085,0,0,0,1,0,0,1,0
249624,1786553441972.865275,0,0,0,1,0,0,1,0
249625,1786553441973.865862,0,0,0,1,0,0,1,0
249626,1786553441974.883351,0,0,0,1,0,0,1,0
249627,1786553441975.880839,0,0,0,1,0,0,1,0
249628,1786553441976.891127,0,0,0,1,0,0,1,0
249629,1786553441977.899715,0,0,0,1,0,0,1,0
249630,1786553441978.908401,0,0,0,1,0,0,1,0
249631,1786553441979.915788,0,0,0,1,0,0,1,0
249632,1786553441980.925975,0,0,0,1,0,0,1,0
249633,1786553441981.933864,0,0,0,1,0,0,1,0
249634,1786553441982.953252,0,0,0,1,0,0,1,0
249635,1786553441983.951539,0,0,0,1,0,0,1,0
249636,1786553441984.961125,0,0,0,1,0,0,1,0
249637,1786553441985.971314,0,0,0,1,0,0,1,0
249638,1786553441986.980101,0,0,0,1,0,0,1,0
249639,1786553441987.981089,0,0,0,1,0,0,1,0
249640,1786553441988.997577,0,0,0,1,0,0,1,0
249641,1786553441990.000663,0,0,0,1,0,0,1,0
249642,1786553441991.008751,0,0,0,1,0,0,1,0
249643,1786553441992.017837,0,0,0,1,0,0,1,0
249644,1786553441993.028526,0,0,0,1,0,0,1,0
249645,1786553441994.127019,0,0,0,1,0,0,1,0
249646,1786553441995.134407,0,0,0,1,0,0,1,0
249647,1786553441996.142795,0,0,0,1,0,0,1,0
249648,1786553441997.151481,0,0,0,1,0,0,1,0
249649,1786553441998.159568,0,0,0,1,0,0,1,0
249650,1786553441999.331971,0,0,0,1,0,0,1,0
249651,1786553442000.264153,0,0,0,1,0,0,1,0
249652,1786553442001.262940,0,0,0,1,0,0,1,0
249653,1786553442002.267428,0,0,0,1,0,0,1,0
249654,1786553442003.272915,0,0,0,1,0,0,1,0
249655,1786553442004.278202,0,0,0,1,0,0,1,0
249656,1786553442005.289788,0,0,0,1,0,0,1,0
249657,1786553442006.290776,0,0,0,1,0,0,1,0
249658,1786553442007.296965,0,0,0,1,0,0,1,0
249659,1786553442008.305652,0,0,0,1,0,0,1,0
249660,1786553442009.312440,0,0,0,1,0,0,1,0
249661,1786553442010.322729,0,0,0,1,0,0,1,0
249662,1786553442011.331717,0,0,0,1,0,0,1,0
249663,1786553442012.341403,0,0,0,1,0,0,1,0
249664,1786553442013.350191,0,0,0,1,0,0,1,0
249665,1786553442014.367480,0,0,0,1,0,0,1,0
249666,1786553442015.373568,0,0,0,1,0,0,1,0
249667,1786553442016.382856,0,0,0,1,0,0,1,0
249668,1786553442017.390542,0,0,0,1,0,0,1,0
249669,1786553442018.398328,0,0,0,1,0,0,1,0
249670,1786553442019.405314,0,0,0,1,0,0,1,0
249671,1786553442020.412201,0,0,0,1,0,0,1,0
249672,1786553442021.430990,0,0,0,1,0,0,1,0
249673,1786553442022.432677,0,0,0,1,0,0,1,0
249674,1786553442023.437465,0,0,0,1,0,0,1,0
249675,1786553442024.444952,0,0,0,1,0,0,1,0
249676,1786553442025.450739,0,0,0,1,0,0,1,0
249677,1786553442026.459625,0,0,0,1,0,0,1,0
249678,1786553442027.467612,0,0,0,1,0,0,1,0
249679,1786553442028.475297,0,0,0,1,0,0,1,0
249680,1786553442029.495286,0,0,0,1,0,0,1,0
249681,1786553442030.495871,0,0,0,1,0,0,1,0
249682,1786553442031.503159,0,0,0,1,0,0,1,0
249683,1786553442032.511546,0,0,0,1,0,0,1,0
249684,1786553442033.519334,0,0,0,1,0,0,1,0
249685,1786553442034.527523,0,0,0,1,0,0,1,0
249686,1786553442035.536010,0,0,0,1,0,0,1,0
249687,1786553442036.547798,0,0,0,1,0,0,1,0
249688,1786553442037.554686,0,0,0,1,0,0,1,0
249689,1786553442038.566373,0,0,0,1,0,0,1,0
249690,1786553442039.572762,0,0,0,1,0,0,1,0
249691,1786553442040.581049,0,0,0,1,0,0,1,0
249692,1786553442041.587737,0,0,0,1,0,0,1,0
249693,1786553442042.594623,0,0,0,1,0,0,1,0
249694,1786553442043.601412,0,0,0,1,0,0,1,0
249695,1786553442044.810118,0,0,0,1,0,0,1,0
249696,1786553442045.808705,0,0,0,1,0,0,1,0
249697,1786553442046.804192,0,0,0,1,0,0,1,0
249698,1786553442047.831981,0,0,0,1,0,0,1,0
249699,1786553442048.834165,0,0,0,1,0,0,1,0
249700,1786553442049.849954,0,0,0,1,0,0,1,0
249701,1786553442050.852940,0,0,0,1,0,0,1,0
249702,1786553442051.861328,0,0,0,1,0,0,1,0
249703,1786553442052.869715,0,0,0,1,0,0,1,0
249704,1786553442053.890104,0,0,0,1,0,0,1,0
249705,1786553442054.899492,0,0,0,1,0,0,1,0
249706,1786553442055.897379,0,0,0,1,0,0,1,0
249707,1786553442056.903768,0,0,0,1,0,0,1,0
249708,1786553442057.912254,0,0,0,1,0,0,1,0
249709,1786553442058.954143,0,0,0,1,0,0,1,0
249710,1786553442059.948130,0,0,0,1,0,0,1,0
249711,1786553442060.948517,0,0,0,1,0,0,1,0
249712,1786553442061.953604,0,0,0,1,0,0,1,0
249713,1786553442062.960189,0,0,0,1,0,0,1,0
249714,1786553442063.967476,0,0,0,1,0,0,1,0
249715,1786553442064.975165,0,0,0,1,0,0,1,0
249716,1786553442065.982955,0,0,0,1,0,0,1,0
249717,1786553442066.990341,0,0,0,1,0,0,1,0
249718,1786553442067.999229,0,0,0,1,0,0,1,0
249719,1786553442069.007017,0,0,0,1,0,0,1,0
249720,1786553442070.016506,0,0,0,1,0,0,1,0
249721,1786553442071.027594,0,0,0,1,0,0,1,0
249722,1786553442072.031982,0,0,0,1,0,0,1,0
249723,1786553442073.038668,0,0,0,1,0,0,1,0
249724,1786553442074.045854,0,0,0,1,0,0,1,0
249725,1786553442075.342668,0,0,0,1,0,0,1,0
249726,1786553442076.293049,0,0,0,1,0,0,1,0
249727,1786553442077.302636,0,0,0,1,0,0,1,0
249728,1786553442078.312024,0,0,0,1,0,0,1,0
249729,1786553442079.318511,0,0,0,1,0,0,1,0
249730,1786553442080.324999,0,0,0,1,0,0,1,0
249731,1786553442081.334486,0,0,0,1,0,0,1,0
249732,1786553442082.339573,0,0,0,1,0,0,1,0
249733,1786553442083.349260,0,0,0,1,0,0,1,0
249734,1786553442084.354249,0,0,0,1,0,0,1,0
249735,1786553442085.361435,0,0,0,1,0,0,1,0
249736,1786553442086.402924,0,0,0,1,0,0,1,0
249737,1786553442087.381409,0,0,0,1,0,0,1,0
249738,1786553442088.386997,0,0,0,1,0,0,1,0
249739,1786553442089.397185,0,0,0,1,0,0,1,0
249740,1786553442090.426675,0,0,0,1,0,0,1,0
249741,1786553442091.414462,0,0,0,1,0,0,1,0
249742,1786553442092.420350,0,0,0,1,0,0,1,0
249743,1786553442093.428436,0,0,0,1,0,0,1,0
249744,1786553442094.438123,0,0,0,1,0,0,1,0
249745,1786553442095.444211,0,0,0,1,0,0,1,0
249746,1786553442096.451799,0,0,0,1,0,0,1,0
249747,1786553442097.458886,0,0,0,1,0,0,1,0
249748,1786553442098.467872,0,0,0,1,0,0,1,0
249749,1786553442099.477160,0,0,0,1,0,0,1,0
249750,1786553442100.486348,0,0,0,1,0,0,1,0
249751,1786553442101.497536,0,0,0,1,0,0,1,0
249752,1786553442102.506324,0,0,0,1,0,0,1,0
249753,1786553442103.521710,0,0,0,1,0,0,1,0
249754,1786553442104.539699,0,0,0,1,0,0,1,0
249755,1786553442105.943722,0,0,0,1,0,0,1,0
249756,1786553442106.566978,0,0,0,1,0,0,1,0
249757,1786553442107.580764,0,0,0,1,0,0,1,0
249758,1786553442108.577550,0,0,0,1,0,0,1,0
249759,1786553442109.583738,0,0,0,1,0,0,1,0
249760,1786553442110.590925,0,0,0,1,0,0,1,0
249761,1786553442111.598713,0,0,0,1,0,0,1,0
249762,1786553442112.607000,0,0,0,1,0,0,1,0
249763,1786553442113.615888,0,0,0,1,0,0,1,0
249764,1786553442114.623276,0,0,0,1,0,0,1,0
249765,1786553442115.630663,0,0,0,1,0,0,1,0
249766,1786553442116.639850,0,0,0,1,0,0,1,0
249767,1786553442117.649338,0,0,0,1,0,0,1,0
249768,1786553442118.658224,0,0,0,1,0,0,1,0
249769,1786553442119.685214,0,0,0,1,0,0,1,0
249770,1786553442120.701201,0,0,0,1,0,0,1,0
249771,1786553442121.692388,0,0,0,1,0,0,1,0
249772,1786553442122.700175,0,0,0,1,0,0,1,0
249773,1786553442123.712263,0,0,0,1,0,0,1,0
249774,1786553442124.713549,0,0,0,1,0,0,1,0
249775,1786553442125.720735,0,0,0,1,0,0,1,0
249776,1786553442126.727222,0,0,0,1,0,0,1,0
249777,1786553442127.738310,0,0,0,1,0,0,1,0
249778,1786553442128.743897,0,0,0,1,0,0,1,0
249779,1786553442129.753085,0,0,0,1,0,0,1,0
249780,1786553442130.758071,0,0,0,1,0,0,1,0
249781,1786553442131.765559,0,0,0,1,0,0,1,0
249782,1786553442132.776846,0,0,0,1,0,0,1,0
249783,1786553442133.787833,0,0,0,1,0,0,1,0
249784,1786553442134.802819,0,0,0,1,0,0,1,0
249785,1786553442135.828507,0,0,0,1,0,0,1,0
249786,1786553442137.324839,0,0,0,1,0,0,1,0
249787,1786553442138.184214,0,0,0,1,0,0,1,0
249788,1786553442139.204202,0,0,0,1,0,0,1,0
249789,1786553442140.196389,0,0,0,1,0,0,1,0
249790,1786553442141.202376,0,0,0,1,0,0,1,0
249791,1786553442142.206064,0,0,0,1,0,0,1,0
249792,1786553442143.211752,0,0,0,1,0,0,1,0
249793,1786553442144.224641,0,0,0,1,0,0,1,0
249794,1786553442145.230229,0,0,0,1,0,0,1,0
249795,1786553442146.239416,0,0,0,1,0,0,1,0
249796,1786553442147.247904,0,0,0,1,0,0,1,0
249797,1786553442148.255791,0,0,0,1,0,0,1,0
249798,1786553442149.264379,0,0,0,1,0,0,1,0
249799,1786553442150.272268,0,0,0,1,0,0,1,0
249800,1786553442151.287557,0,0,0,1,0,0,1,0
249801,1786553442152.300944,0,0,0,1,0,0,1,0
249802,1786553442153.309333,0,0,0,1,0,0,1,0
249803,1786553442154.313619,0,0,0,1,0,0,1,0
249804,1786553442155.327808,0,0,0,1,0,0,1,0
249805,1786553442156.329195,0,0,0,1,0,0,1,0
249806,1786553442157.339484,0,0,0,1,0,0,1,0
249807,1786553442158.344771,0,0,0,1,0,0,1,0
249808,1786553442159.352659,0,0,0,1,0,0,1,0
249809,1786553442160.357945,0,0,0,1,0,0,1,0
249810,1786553442161.369334,0,0,0,1,0,0,1,0
249811,1786553442162.375321,0,0,0,1,0,0,1,0
249812,1786553442163.385608,0,0,0,1,0,0,1,0
249813,1786553442164.390297,0,0,0,1,0,0,1,0
249814,1786553442165.401185,0,0,0,1,0,0,1,0
249815,1786553442166.407172,0,0,0,1,0,0,1,0
249816,1786553442167.478666,0,0,0,1,0,0,1,0
249817,1786553442168.451950,0,0,0,1,0,0,1,0
249818,1786553442169.458438,0,0,0,1,0,0,1,0
249819,1786553442170.456725,0,0,0,1,0,0,1,0
249820,1786553442171.460213,0,0,0,1,0,0,1,0
249821,1786553442172.469601,0,0,0,1,0,0,1,0
249822,1786553442173.474988,0,0,0,1,0,0,1,0
249823,1786553442174.484976,0,0,0,1,0,0,1,0
249824,1786553442175.490463,0,0,0,1,0,0,1,0
249825,1786553442176.498252,0,0,0,1,0,0,1,0
249826,1786553442177.508339,0,0,0,1,0,0,1,0
249827,1786553442178.517926,0,0,0,1,0,0,1,0
249828,1786553442179.524715,0,0,0,1,0,0,1,0
249829,1786553442180.534702,0,0,0,1,0,0,1,0
249830,1786553442181.569990,0,0,0,1,0,0,1,0
249831,1786553442182.569077,0,0,0,1,0,0,1,0
249832,1786553442183.572464,0,0,0,1,0,0,1,0
249833,1786553442184.590454,0,0,0,1,0,0,1,0
249834,1786553442185.593541,0,0,0,1,0,0,1,0
249835,1786553442186.602229,0,0,0,1,0,0,1,0
249836,1786553442187.609016,0,0,0,1,0,0,1,0
249837,1786553442188.618504,0,0,0,1,0,0,1,0
249838,1786553442189.626492,0,0,0,1,0,0,1,0
249839,1786553442190.636181,0,0,0,1,0,0,1,0
249840,1786553442191.642468,0,0,0,1,0,0,1,0
249841,1786553442192.651255,0,0,0,1,0,0,1,0
249842,1786553442193.659642,0,0,0,1,0,0,1,0
249843,1786553442194.670631,0,0,0,1,0,0,1,0
249844,1786553442195.677118,0,0,0,1,0,0,1,0
249845,1786553442196.693006,0,0,0,1,0,0,1,0
249846,1786553442197.715196,0,0,0,1,0,0,1,0
249847,1786553442198.710482,0,0,0,1,0,0,1,0
249848,1786553442199.717371,0,0,0,1,0,0,1,0
249849,1786553442200.730560,0,0,0,1,0,0,1,0
249850,1786553442201.734246,0,0,0,1,0,0,1,0
249851,1786553442202.741434,0,0,0,1,0,0,1,0
249852,1786553442203.747721,0,0,0,1,0,0,1,0
249853,1786553442204.780611,0,0,0,1,0,0,1,0
249854,1786553442205.764498,0,0,0,1,0,0,1,0
249855,1786553442206.777785,0,0,0,1,0,0,1,0
249856,1786553442207.783573,0,0,0,1,0,0,1,0
249857,1786553442208.791861,0,0,0,1,0,0,1,0
249858,1786553442209.799349,0,0,0,1,0,0,1,0
249859,1786553442210.807235,0,0,0,1,0,0,1,0
249860,1786553442211.826325,0,0,0,1,0,0,1,0
249861,1786553442212.836912,0,0,0,1,0,0,1,0
249862,1786553442213.842399,0,0,0,1,0,0,1,0
249863,1786553442214.861387,0,0,0,1,0,0,1,0
249864,1786553442215.860772,0,0,0,1,0,0,1,0
249865,1786553442216.870459,0,0,0,1,0,0,1,0
249866,1786553442217.885647,0,0,0,1,0,0,1,0
249867,1786553442218.890034,0,0,0,1,0,0,1,0
249868,1786553442219.896523,0,0,0,1,0,0,1,0
249869,1786553442220.903409,0,0,0,1,0,0,1,0
249870,1786553442221.915096,0,0,0,1,0,0,1,0
249871,1786553442222.920484,0,0,0,1,0,0,1,0
249872,1786553442223.927471,0,0,0,1,0,0,1,0
249873,1786553442224.945259,0,0,0,1,0,0,1,0
249874,1786553442225.953547,0,0,0,1,0,0,1,0
249875,1786553442226.961834,0,0,0,1,0,0,1,0
249876,1786553442228.094933,0,0,0,1,0,0,1,0
249877,1786553442229.043616,0,0,0,1,0,0,1,0
249878,1786553442230.049004,0,0,0,1,0,0,1,0
249879,1786553442231.055291,0,0,0,1,0,0,1,0
249880,1786553442232.063480,0,0,0,1,0,0,1,0
249881,1786553442233.085768,0,0,0,1,0,0,1,0
249882,1786553442234.088355,0,0,0,1,0,0,1,0
249883,1786553442235.097044,0,0,0,1,0,0,1,0
249884,1786553442236.121632,0,0,0,1,0,0,1,0
249885,1786553442237.117816,0,0,0,1,0,0,1,0
249886,1786553442238.125904,0,0,0,1,0,0,1,0
249887,1786553442239.134491,0,0,0,1,0,0,1,0
249888,1786553442240.143578,0,0,0,1,0,0,1,0
249889,1786553442241.152165,0,0,0,1,0,0,1,0
249890,1786553442242.169553,0,0,0,1,0,0,1,0
249891,1786553442243.215243,0,0,0,1,0,0,1,0
249892,1786553442244.217930,0,0,0,1,0,0,1,0
249893,1786553442245.198715,0,0,0,1,0,0,1,0
249894,1786553442246.205003,0,0,0,1,0,0,1,0
249895,1786553442247.212690,0,0,0,1,0,0,1,0
249896,1786553442248.221078,0,0,0,1,0,0,1,0
249897,1786553442249.229365,0,0,0,1,0,0,1,0
249898,1786553442250.250954,0,0,0,1,0,0,1,0
249899,1786553442251.249740,0,0,0,1,0,0,1,0
249900,1786553442252.259028,0,0,0,1,0,0,1,0
249901,1786553442253.267114,0,0,0,1,0,0,1,0
249902,1786553442254.276303,0,0,0,1,0,0,1,0
249903,1786553442255.285789,0,0,0,1,0,0,1,0
249904,1786553442256.293977,0,0,0,1,0,0,1,0
249905,1786553442257.330967,0,0,0,1,0,0,1,0
249906,1786553442258.332257,0,0,0,1,0,0,1,0
249907,1786553442259.341144,0,0,0,1,0,0,1,0
249908,1786553442260.336429,0,0,0,1,0,0,1,0
249909,1786553442261.342417,0,0,0,1,0,0,1,0
249910,1786553442262.347603,0,0,0,1,0,0,1,0
249911,1786553442263.353790,0,0,0,1,0,0,1,0
249912,1786553442264.363979,0,0,0,1,0,0,1,0
249913,1786553442265.383567,0,0,0,1,0,0,1,0
249914,1786553442266.382055,0,0,0,1,0,0,1,0
249915,1786553442267.386341,0,0,0,1,0,0,1,0
249916,1786553442268.393531,0,0,0,1,0,0,1,0
249917,1786553442269.400517,0,0,0,1,0,0,1,0
249918,1786553442270.407804,0,0,0,1,0,0,1,0
249919,1786553442271.414592,0,0,0,1,0,0,1,0
249920,1786553442272.437881,0,0,0,1,0,0,1,0
249921,1786553442273.441867,0,0,0,1,0,0,1,0
249922,1786553442274.442553,0,0,0,1,0,0,1,0
249923,1786553442275.451843,0,0,0,1,0,0,1,0
249924,1786553442276.459031,0,0,0,1,0,0,1,0
249925,1786553442277.464918,0,0,0,1,0,0,1,0
249926,1786553442278.473005,0,0,0,1,0,0,1,0
249927,1786553442279.482794,0,0,0,1,0,0,1,0
249928,1786553442280.489980,0,0,0,1,0,0,1,0
249929,1786553442281.497267,0,0,0,1,0,0,1,0
249930,1786553442282.522256,0,0,0,1,0,0,1,0
249931,1786553442283.520040,0,0,0,1,0,0,1,0
249932,1786553442284.534329,0,0,0,1,0,0,1,0
249933,1786553442285.533016,0,0,0,1,0,0,1,0
249934,1786553442286.569006,0,0,0,1,0,0,1,0
249935,1786553442287.573895,0,0,0,1,0,0,1,0
249936,1786553442288.805702,0,0,0,1,0,0,1,0
249937,1786553442289.764885,0,0,0,1,0,0,1,0
249938,1786553442290.773476,0,0,0,1,0,0,1,0
249939,1786553442291.781164,0,0,0,1,0,0,1,0
249940,1786553442292.787453,0,0,0,1,0,0,1,0
249941,1786553442293.974156,0,0,0,1,0,0,1,0
249942,1786553442294.828930,0,0,0,1,0,0,1,0
249943,1786553442295.830618,0,0,0,1,0,0,1,0
249944,1786553442296.841806,0,0,0,1,0,0,1,0
249945,1786553442297.845792,0,0,0,1,0,0,1,0
249946,1786553442298.899785,0,0,0,1,0,0,1,0
249947,1786553442299.866169,0,0,0,1,0,0,1,0
249948,1786553442300.878456,0,0,0,1,0,0,1,0
249949,1786553442301.886143,0,0,0,1,0,0,1,0
249950,1786553442302.911734,0,0,0,1,0,0,1,0
249951,1786553442303.953925,0,0,0,1,0,0,1,0
249952,1786553442304.942512,0,0,0,1,0,0,1,0
249953,1786553442305.922796,0,0,0,1,0,0,1,0
249954,1786553442306.930783,0,0,0,1,0,0,1,0
249955,1786553442307.944269,0,0,0,1,0,0,1,0
249956,1786553442308.952957,0,0,0,1,0,0,1,0
249957,1786553442309.960943,0,0,0,1,0,0,1,0
249958,1786553442310.969530,0,0,0,1,0,0,1,0
249959,1786553442311.992119,0,0,0,1,0,0,1,0
249960,1786553442312.993607,0,0,0,1,0,0,1,0
249961,1786553442313.994794,0,0,0,1,0,0,1,0
249962,1786553442315.010983,0,0,0,1,0,0,1,0
249963,1786553442316.014470,0,0,0,1,0,0,1,0
249964,1786553442317.022858,0,0,0,1,0,0,1,0
249965,1786553442318.031544,0,0,0,1,0,0,1,0
249966,1786553442319.490171,0,0,0,1,0,0,1,0
249967,1786553442320.485659,0,0,0,1,0,0,1,0
249968,1786553442321.492347,0,0,0,1,0,0,1,0
249969,1786553442322.503635,0,0,0,1,0,0,1,0
249970,1786553442323.508923,0,0,0,1,0,0,1,0
249971,1786553442324.516112,0,0,0,1,0,0,1,0
249972,1786553442325.527300,0,0,0,1,0,0,1,0
249973,1786553442326.531888,0,0,0,1,0,0,1,0
249974,1786553442327.545477,0,0,0,1,0,0,1,0
249975,1786553442328.549163,0,0,0,1,0,0,1,0
249976,1786553442329.562552,0,0,0,1,0,0,1,0
249977,1786553442330.569238,0,0,0,1,0,0,1,0
249978,1786553442331.586727,0,0,0,1,0,0,1,0
249979,1786553442332.588814,0,0,0,1,0,0,1,0
249980,1786553442333.598200,0,0,0,1,0,0,1,0
249981,1786553442334.609587,0,0,0,1,0,0,1,0
249982,1786553442335.619075,0,0,0,1,0,0,1,0
249983,1786553442336.622562,0,0,0,1,0,0,1,0
249984,1786553442337.630650,0,0,0,1,0,0,1,0
249985,1786553442338.637636,0,0,0,1,0,0,1,0
249986,1786553442339.645222,0,0,0,1,0,0,1,0
249987,1786553442340.653510,0,0,0,1,0,0,1,0
249988,1786553442341.660197,0,0,0,1,0,0,1,0
249989,1786553442342.668485,0,0,0,1,0,0,1,0
249990,1786553442343.676273,0,0,0,1,0,0,1,0
249991,1786553442344.684860,0,0,0,1,0,0,1,0
249992,1786553442345.773354,0,0,0,1,0,0,1,0
249993,1786553442346.717235,0,0,0,1,0,0,1,0
249994,1786553442347.723223,0,0,0,1,0,0,1,0
249995,1786553442348.728610,0,0,0,1,0,0,1,0
249996,1786553442349.907011,0,0,0,1,0,0,1,0
249997,1786553442350.910699,0,0,0,1,0,0,1,0
249998,1786553442351.897786,0,0,0,1,0,0,1,0
249999,1786553442352.902573,0,0,0,1,0,0,1,0
250000,1786553442353.905759,0,0,0,1,0,0,1,0
250001,1786553442354.923148,0,0,0,1,0,0,1,0
250002,1786553442355.921233,0,0,0,1,0,0,1,0
250003,1786553442356.928621,0,0,0,1,0,0,1,0
250004,1786553442357.934007,0,0,0,1,0,0,1,0
250005,1786553442358.944896,0,0,0,1,0,0,1,0
250006,1786553442359.951883,0,0,0,1,0,0,1,0
250007,1786553442360.961571,0,0,0,1,0,0,1,0
250008,1786553442361.966458,0,0,0,1,0,0,1,0
250009,1786553442362.983646,0,0,0,1,0,0,1,0
250010,1786553442364.055038,0,0,0,1,0,0,1,0
250011,1786553442365.062722,0,0,0,1,0,0,1,0
250012,1786553442366.036707,0,0,0,1,0,0,1,0
250013,1786553442367.043397,0,0,0,1,0,0,1,0
250014,1786553442368.050387,0,0,0,1,0,0,1,0
250015,1786553442369.055074,0,0,0,1,0,0,1,0
250016,1786553442370.062662,0,0,0,1,0,0,1,0
250017,1786553442371.070349,0,0,0,1,0,0,1,0
250018,1786553442372.080637,0,0,0,1,0,0,1,0
250019,1786553442373.091323,0,0,0,1,0,0,1,0
250020,1786553442374.103710,0,0,0,1,0,0,1,0
250021,1786553442375.114898,0,0,0,1,0,0,1,0
250022,1786553442376.125585,0,0,0,1,0,0,1,0
250023,1786553442377.133471,0,0,0,1,0,0,1,0
250024,1786553442378.157761,0,0,0,1,0,0,1,0
250025,1786553442379.160947,0,0,0,1,0,0,1,0
250026,1786553442380.177336,0,0,0,1,0,0,1,0
250027,1786553442381.177323,0,0,0,1,0,0,1,0
250028,1786553442382.185409,0,0,0,1,0,0,1,0
250029,1786553442383.193797,0,0,0,1,0,0,1,0
250030,1786553442384.204185,0,0,0,1,0,0,1,0
250031,1786553442385.212573,0,0,0,1,0,0,1,0
250032,1786553442386.227462,0,0,0,1,0,0,1,0
250033,1786553442387.242951,0,0,0,1,0,0,1,0
250034,1786553442388.244936,0,0,0,1,0,0,1,0
250035,1786553442389.252124,0,0,0,1,0,0,1,0
250036,1786553442390.258011,0,0,0,1,0,0,1,0
250037,1786553442391.269499,0,0,0,1,0,0,1,0
250038,1786553442392.276087,0,0,0,1,0,0,1,0
250039,1786553442393.292075,0,0,0,1,0,0,1,0
250040,1786553442394.300763,0,0,0,1,0,0,1,0
250041,1786553442395.314250,0,0,0,1,0,0,1,0
250042,1786553442396.319638,0,0,0,1,0,0,1,0
250043,1786553442397.327325,0,0,0,1,0,0,1,0
250044,1786553442398.333812,0,0,0,1,0,0,1,0
250045,1786553442399.346300,0,0,0,1,0,0,1,0
250046,1786553442400.351989,0,0,0,1,0,0,1,0
250047,1786553442401.360677,0,0,0,1,0,0,1,0
250048,1786553442402.369764,0,0,0,1,0,0,1,0
250049,1786553442403.378752,0,0,0,1,0,0,1,0
250050,1786553442404.385540,0,0,0,1,0,0,1,0
250051,1786553442405.401128,0,0,0,1,0,0,1,0
250052,1786553442406.409516,0,0,0,1,0,0,1,0
250053,1786553442407.417403,0,0,0,1,0,0,1,0
250054,1786553442408.427292,0,0,0,1,0,0,1,0
250055,1786553442409.450680,0,0,0,1,0,0,1,0
250056,1786553442410.449467,0,0,0,1,0,0,1,0
250057,1786553442411.467156,0,0,0,1,0,0,1,0
250058,1786553442412.471444,0,0,0,1,0,0,1,0
250059,1786553442413.479532,0,0,0,1,0,0,1,0
250060,1786553442414.487220,0,0,0,1,0,0,1,0
250061,1786553442415.496507,0,0,0,1,0,0,1,0
250062,1786553442416.505595,0,0,0,1,0,0,1,0
250063,1786553442417.513783,0,0,0,1,0,0,1,0
250064,1786553442418.524271,0,0,0,1,0,0,1,0
250065,1786553442419.533257,0,0,0,1,0,0,1,0
250066,1786553442420.542443,0,0,0,1,0,0,1,0
250067,1786553442421.554029,0,0,0,1,0,0,1,0
250068,1786553442422.563818,0,0,0,1,0,0,1,0
250069,1786553442423.571307,0,0,0,1,0,0,1,0
250070,1786553442424.590194,0,0,0,1,0,0,1,0
250071,1786553442425.592781,0,0,0,1,0,0,1,0
250072,1786553442426.600669,0,0,0,1,0,0,1,0
250073,1786553442427.622658,0,0,0,1,0,0,1,0
250074,1786553442428.625845,0,0,0,1,0,0,1,0
250075,1786553442429.625831,0,0,0,1,0,0,1,0
250076,1786553442430.634120,0,0,0,1,0,0,1,0
250077,1786553442431.642806,0,0,0,1,0,0,1,0
250078,1786553442432.652594,0,0,0,1,0,0,1,0
250079,1786553442433.657481,0,0,0,1,0,0,1,0
250080,1786553442434.667569,0,0,0,1,0,0,1,0
250081,1786553442435.673857,0,0,0,1,0,0,1,0
250082,1786553442436.684444,0,0,0,1,0,0,1,0
250083,1786553442437.688931,0,0,0,1,0,0,1,0
250084,1786553442438.700020,0,0,0,1,0,0,1,0
250085,1786553442440.165246,0,0,0,1,0,0,1,0
250086,1786553442440.835106,0,0,0,1,0,0,1,0
250087,1786553442441.785787,0,0,0,1,0,0,1,0
250088,1786553442442.802174,0,0,0,1,0,0,1,0
250089,1786553442443.828562,0,0,0,1,0,0,1,0
250090,1786553442444.836150,0,0,0,1,0,0,1,0
250091,1786553442445.831135,0,0,0,1,0,0,1,0
250092,1786553442446.833921,0,0,0,1,0,0,1,0
250093,1786553442447.841109,0,0,0,1,0,0,1,0
250094,1786553442448.853496,0,0,0,1,0,0,1,0
250095,1786553442449.859184,0,0,0,1,0,0,1,0
250096,1786553442450.867572,0,0,0,1,0,0,1,0
250097,1786553442451.876760,0,0,0,1,0,0,1,0
250098,1786553442452.899151,0,0,0,1,0,0,1,0
250099,1786553442453.903237,0,0,0,1,0,0,1,0
250100,1786553442454.913726,0,0,0,1,0,0,1,0
250101,1786553442455.910214,0,0,0,1,0,0,1,0
250102,1786553442456.918602,0,0,0,1,0,0,1,0
250103,1786553442457.926290,0,0,0,1,0,0,1,0
250104,1786553442458.932877,0,0,0,1,0,0,1,0
250105,1786553442459.945066,0,0,0,1,0,0,1,0
250106,1786553442460.949854,0,0,0,1,0,0,1,0
250107,1786553442461.957943,0,0,0,1,0,0,1,0
250108,1786553442462.964430,0,0,0,1,0,0,1,0
250109,1786553442463.973918,0,0,0,1,0,0,1,0
250110,1786553442464.979105,0,0,0,1,0,0,1,0
250111,1786553442465.989392,0,0,0,1,0,0,1,0
250112,1786553442466.997680,0,0,0,1,0,0,1,0
250113,1786553442468.005068,0,0,0,1,0,0,1,0
250114,1786553442469.040658,0,0,0,1,0,0,1,0
250115,1786553442470.033842,0,0,0,1,0,0,1,0
250116,1786553442471.034030,0,0,0,1,0,0,1,0
250117,1786553442472.042617,0,0,0,1,0,0,1,0
250118,1786553442473.049804,0,0,0,1,0,0,1,0
250119,1786553442474.058392,0,0,0,1,0,0,1,0
250120,1786553442475.066179,0,0,0,1,0,0,1,0
250121,1786553442476.081167,0,0,0,1,0,0,1,0
250122,1786553442477.088855,0,0,0,1,0,0,1,0
250123,1786553442478.093642,0,0,0,1,0,0,1,0
250124,1786553442479.100430,0,0,0,1,0,0,1,0
250125,1786553442480.108319,0,0,0,1,0,0,1,0
250126,1786553442481.115806,0,0,0,1,0,0,1,0
250127,1786553442482.123893,0,0,0,1,0,0,1,0
250128,1786553442483.132681,0,0,0,1,0,0,1,0
250129,1786553442484.141170,0,0,0,1,0,0,1,0
250130,1786553442485.794814,0,0,0,1,0,0,1,0
250131,1786553442486.673190,0,0,0,1,0,0,1,0
250132,1786553442487.691679,0,0,0,1,0,0,1,0
250133,1786553442488.702565,0,0,0,1,0,0,1,0
250134,1786553442489.726654,0,0,0,1,0,0,1,0
250135,1786553442490.740544,0,0,0,1,0,0,1,0
250136,1786553442491.754433,0,0,0,1,0,0,1,0
250137,1786553442492.785323,0,0,0,1,0,0,1,0
250138,1786553442493.796910,0,0,0,1,0,0,1,0
250139,1786553442494.848201,0,0,0,1,0,0,1,0
250140,1786553442495.838488,0,0,0,1,0,0,1,0
250141,1786553442496.851774,0,0,0,1,0,0,1,0
250142,1786553442497.868863,0,0,0,1,0,0,1,0
250143,1786553442498.880154,0,0,0,1,0,0,1,0
250144,1786553442499.897942,0,0,0,1,0,0,1,0
250145,1786553442500.908730,0,0,0,1,0,0,1,0
250146,1786553442501.924717,0,0,0,1,0,0,1,0
250147,1786553442502.941004,0,0,0,1,0,0,1,0
250148,1786553442503.957893,0,0,0,1,0,0,1,0
250149,1786553442505.023385,0,0,0,1,0,0,1,0
250150,1786553442505.983469,0,0,0,1,0,0,1,0
250151,1786553442506.943753,0,0,0,1,0,0,1,0
250152,1786553442507.950440,0,0,0,1,0,0,1,0
250153,1786553442508.966027,0,0,0,1,0,0,1,0
250154,1786553442509.970315,0,0,0,1,0,0,1,0
250155,1786553442510.975903,0,0,0,1,0,0,1,0
250156,1786553442511.976691,0,0,0,1,0,0,1,0
250157,1786553442512.984379,0,0,0,1,0,0,1,0
250158,1786553442513.989666,0,0,0,1,0,0,1,0
250159,1786553442515.266477,0,0,0,1,0,0,1,0
250160,1786553442516.319169,0,0,0,1,0,0,1,0
250161,1786553442517.288652,0,0,0,1,0,0,1,0
250162,1786553442518.290940,0,0,0,1,0,0,1,0
250163,1786553442519.298026,0,0,0,1,0,0,1,0
250164,1786553442520.303814,0,0,0,1,0,0,1,0
250165,1786553442521.310700,0,0,0,1,0,0,1,0
250166,1786553442522.319290,0,0,0,1,0,0,1,0
250167,1786553442523.327578,0,0,0,1,0,0,1,0
250168,1786553442524.387970,0,0,0,1,0,0,1,0
250169,1786553442525.418558,0,0,0,1,0,0,1,0
250170,1786553442526.382341,0,0,0,1,0,0,1,0
250171,1786553442527.381927,0,0,0,1,0,0,1,0
250172,1786553442528.387816,0,0,0,1,0,0,1,0
250173,1786553442529.425806,0,0,0,1,0,0,1,0
250174,1786553442530.428093,0,0,0,1,0,0,1,0
250175,1786553442531.427681,0,0,0,1,0,0,1,0
250176,1786553442532.432468,0,0,0,1,0,0,1,0
250177,1786553442533.438956,0,0,0,1,0,0,1,0
250178,1786553442534.447643,0,0,0,1,0,0,1,0
250179,1786553442535.454631,0,0,0,1,0,0,1,0
250180,1786553442536.463018,0,0,0,1,0,0,1,0
250181,1786553442537.474206,0,0,0,1,0,0,1,0
250182,1786553442538.479492,0,0,0,1,0,0,1,0
250183,1786553442539.496582,0,0,0,1,0,0,1,0
250184,1786553442540.512971,0,0,0,1,0,0,1,0
250185,1786553442541.519157,0,0,0,1,0,0,1,0
250186,1786553442542.519746,0,0,0,1,0,0,1,0
250187,1786553442543.526233,0,0,0,1,0,0,1,0
250188,1786553442544.534018,0,0,0,1,0,0,1,0
250189,1786553442545.605409,0,0,0,1,0,0,1,0
250190,1786553442546.558491,0,0,0,1,0,0,1,0
250191,1786553442547.562479,0,0,0,1,0,0,1,0
250192,1786553442548.630373,0,0,0,1,0,0,1,0
250193,1786553442549.587354,0,0,0,1,0,0,1,0
250194,1786553442550.591842,0,0,0,1,0,0,1,0
250195,1786553442551.601129,0,0,0,1,0,0,1,0
250196,1786553442552.606316,0,0,0,1,0,0,1,0
250197,1786553442553.621002,0,0,0,1,0,0,1,0
250198,1786553442554.625488,0,0,0,1,0,0,1,0
250199,1786553442555.637874,0,0,0,1,0,0,1,0
250200,1786553442556.646162,0,0,0,1,0,0,1,0
250201,1786553442557.659051,0,0,0,1,0,0,1,0
250202,1786553442558.661939,0,0,0,1,0,0,1,0
250203,1786553442559.670026,0,0,0,1,0,0,1,0
250204,1786553442560.720117,0,0,0,1,0,0,1,0
250205,1786553442561.702003,0,0,0,1,0,0,1,0
250206,1786553442562.704089,0,0,0,1,0,0,1,0
250207,1786553442563.709776,0,0,0,1,0,0,1,0
250208,1786553442564.715965,0,0,0,1,0,0,1,0
250209,1786553442565.724354,0,0,0,1,0,0,1,0
250210,1786553442566.731542,0,0,0,1,0,0,1,0
250211,1786553442567.740629,0,0,0,1,0,0,1,0
250212,1786553442568.746317,0,0,0,1,0,0,1,0
250213,1786553442569.757105,0,0,0,1,0,0,1,0
250214,1786553442570.765594,0,0,0,1,0,0,1,0
250215,1786553442571.776283,0,0,0,1,0,0,1,0
250216,1786553442572.782370,0,0,0,1,0,0,1,0
250217,1786553442573.854164,0,0,0,1,0,0,1,0
250218,1786553442574.837950,0,0,0,1,0,0,1,0
250219,1786553442576.048456,0,0,0,1,0,0,1,0
250220,1786553442577.020340,0,0,0,1,0,0,1,0
250221,1786553442578.016427,0,0,0,1,0,0,1,0
250222,1786553442579.026213,0,0,0,1,0,0,1,0
250223,1786553442580.035001,0,0,0,1,0,0,1,0
250224,1786553442581.040988,0,0,0,1,0,0,1,0
250225,1786553442582.048076,0,0,0,1,0,0,1,0
250226,1786553442583.055664,0,0,0,1,0,0,1,0
250227,1786553442584.062951,0,0,0,1,0,0,1,0
250228,1786553442585.070438,0,0,0,1,0,0,1,0
250229,1786553442586.078327,0,0,0,1,0,0,1,0
250230,1786553442587.087814,0,0,0,1,0,0,1,0
250231,1786553442588.094001,0,0,0,1,0,0,1,0
250232,1786553442589.110688,0,0,0,1,0,0,1,0
250233,1786553442590.286489,0,0,0,1,0,0,1,0
250234,1786553442591.288076,0,0,0,1,0,0,1,0
250235,1786553442592.290063,0,0,0,1,0,0,1,0
250236,1786553442593.294750,0,0,0,1,0,0,1,0
250237,1786553442594.306036,0,0,0,1,0,0,1,0
250238,1786553442595.310722,0,0,0,1,0,0,1,0
250239,1786553442596.317709,0,0,0,1,0,0,1,0
250240,1786553442597.325797,0,0,0,1,0,0,1,0
250241,1786553442598.332884,0,0,0,1,0,0,1,0
250242,1786553442599.341872,0,0,0,1,0,0,1,0
250243,1786553442600.352662,0,0,0,1,0,0,1,0
250244,1786553442601.357647,0,0,0,1,0,0,1,0
250245,1786553442602.364035,0,0,0,1,0,0,1,0
250246,1786553442603.373223,0,0,0,1,0,0,1,0
250247,1786553442604.383510,0,0,0,1,0,0,1,0
250248,1786553442605.831638,0,0,0,1,0,0,1,0
250249,1786553442606.412688,0,0,0,1,0,0,1,0
250250,1786553442607.422477,0,0,0,1,0,0,1,0
250251,1786553442608.420663,0,0,0,1,0,0,1,0
250252,1786553442609.425951,0,0,0,1,0,0,1,0
250253,1786553442610.434338,0,0,0,1,0,0,1,0
250254,1786553442611.441224,0,0,0,1,0,0,1,0
250255,1786553442612.450311,0,0,0,1,0,0,1,0
250256,1786553442613.457099,0,0,0,1,0,0,1,0
250257,1786553442614.465187,0,0,0,1,0,0,1,0
250258,1786553442615.475275,0,0,0,1,0,0,1,0
250259,1786553442616.481964,0,0,0,1,0,0,1,0
250260,1786553442617.488852,0,0,0,1,0,0,1,0
250261,1786553442618.496140,0,0,0,1,0,0,1,0
250262,1786553442619.505528,0,0,0,1,0,0,1,0
250263,1786553442620.524917,0,0,0,1,0,0,1,0
250264,1786553442621.539905,0,0,0,1,0,0,1,0
250265,1786553442622.549895,0,0,0,1,0,0,1,0
250266,1786553442623.562783,0,0,0,1,0,0,1,0
250267,1786553442624.571671,0,0,0,1,0,0,1,0
250268,1786553442625.581358,0,0,0,1,0,0,1,0
250269,1786553442626.588646,0,0,0,1,0,0,1,0
250270,1786553442627.598133,0,0,0,1,0,0,1,0
250271,1786553442628.606821,0,0,0,1,0,0,1,0
250272,1786553442629.616607,0,0,0,1,0,0,1,0
250273,1786553442630.623594,0,0,0,1,0,0,1,0
250274,1786553442631.630182,0,0,0,1,0,0,1,0
250275,1786553442632.637571,0,0,0,1,0,0,1,0
250276,1786553442633.645359,0,0,0,1,0,0,1,0
250277,1786553442634.651446,0,0,0,1,0,0,1,0
250278,1786553442635.659434,0,0,0,1,0,0,1,0
250279,1786553442636.762333,0,0,0,1,0,0,1,0
250280,1786553442637.765120,0,0,0,1,0,0,1,0
250281,1786553442638.767007,0,0,0,1,0,0,1,0
250282,1786553442639.773895,0,0,0,1,0,0,1,0
250283,1786553442640.777883,0,0,0,1,0,0,1,0
250284,1786553442641.831573,0,0,0,1,0,0,1,0
250285,1786553442642.804157,0,0,0,1,0,0,1,0
250286,1786553442643.810545,0,0,0,1,0,0,1,0
250287,1786553442644.834833,0,0,0,1,0,0,1,0
250288,1786553442645.833320,0,0,0,1,0,0,1,0
250289,1786553442646.836406,0,0,0,1,0,0,1,0
250290,1786553442647.846993,0,0,0,1,0,0,1,0
250291,1786553442648.853880,0,0,0,1,0,0,1,0
250292,1786553442649.862366,0,0,0,1,0,0,1,0
250293,1786553442650.871353,0,0,0,1,0,0,1,0
250294,1786553442651.897643,0,0,0,1,0,0,1,0
250295,1786553442652.893731,0,0,0,1,0,0,1,0
250296,1786553442653.897418,0,0,0,1,0,0,1,0
250297,1786553442654.930807,0,0,0,1,0,0,1,0
250298,1786553442655.931296,0,0,0,1,0,0,1,0
250299,1786553442656.933783,0,0,0,1,0,0,1,0
250300,1786553442657.941971,0,0,0,1,0,0,1,0
250301,1786553442658.945058,0,0,0,1,0,0,1,0
250302,1786553442659.951745,0,0,0,1,0,0,1,0
250303,1786553442660.959632,0,0,0,1,0,0,1,0
250304,1786553442661.967720,0,0,0,1,0,0,1,0
250305,1786553442662.975607,0,0,0,1,0,0,1,0
250306,1786553442663.983895,0,0,0,1,0,0,1,0
250307,1786553442664.991583,0,0,0,1,0,0,1,0
250308,1786553442665.999971,0,0,0,1,0,0,1,0
250309,1786553442667.007459,0,0,0,1,0,0,1,0
250310,1786553442668.135157,0,0,0,1,0,0,1,0
250311,1786553442669.131143,0,0,0,1,0,0,1,0
250312,1786553442670.155732,0,0,0,1,0,0,1,0
250313,1786553442671.157519,0,0,0,1,0,0,1,0
250314,1786553442672.157407,0,0,0,1,0,0,1,0
250315,1786553442673.198197,0,0,0,1,0,0,1,0
250316,1786553442674.172482,0,0,0,1,0,0,1,0
250317,1786553442675.180570,0,0,0,1,0,0,1,0
250318,1786553442676.189459,0,0,0,1,0,0,1,0
250319,1786553442677.196147,0,0,0,1,0,0,1,0
250320,1786553442678.209534,0,0,0,1,0,0,1,0
250321,1786553442679.217621,0,0,0,1,0,0,1,0
250322,1786553442680.225009,0,0,0,1,0,0,1,0
250323,1786553442681.233097,0,0,0,1,0,0,1,0
250324,1786553442682.241484,0,0,0,1,0,0,1,0
250325,1786553442683.255573,0,0,0,1,0,0,1,0
250326,1786553442684.264760,0,0,0,1,0,0,1,0
250327,1786553442685.268147,0,0,0,1,0,0,1,0
250328,1786553442686.274035,0,0,0,1,0,0,1,0
250329,1786553442687.286423,0,0,0,1,0,0,1,0
250330,1786553442688.293009,0,0,0,1,0,0,1,0
250331,1786553442689.300896,0,0,0,1,0,0,1,0
250332,1786553442690.307683,0,0,0,1,0,0,1,0
250333,1786553442691.316572,0,0,0,1,0,0,1,0
250334,1786553442692.323759,0,0,0,1,0,0,1,0
250335,1786553442693.331446,0,0,0,1,0,0,1,0
250336,1786553442694.342336,0,0,0,1,0,0,1,0
250337,1786553442695.349224,0,0,0,1,0,0,1,0
250338,1786553442696.355911,0,0,0,1,0,0,1,0
250339,1786553442697.364399,0,0,0,1,0,0,1,0
250340,1786553442698.482396,0,0,0,1,0,0,1,0
250341,1786553442699.430779,0,0,0,1,0,0,1,0
250342,1786553442700.398964,0,0,0,1,0,0,1,0
250343,1786553442701.406753,0,0,0,1,0,0,1,0
250344,1786553442702.418641,0,0,0,1,0,0,1,0
250345,1786553442703.433628,0,0,0,1,0,0,1,0
250346,1786553442704.491619,0,0,0,1,0,0,1,0
250347,1786553442705.491405,0,0,0,1,0,0,1,0
250348,1786553442706.505093,0,0,0,1,0,0,1,0
250349,1786553442707.512181,0,0,0,1,0,0,1,0
250350,1786553442708.526769,0,0,0,1,0,0,1,0
250351,1786553442709.494254,0,0,0,1,0,0,1,0
250352,1786553442710.502140,0,0,0,1,0,0,1,0
250353,1786553442711.506728,0,0,0,1,0,0,1,0
250354,1786553442712.521817,0,0,0,1,0,0,1,0
250355,1786553442713.543505,0,0,0,1,0,0,1,0
250356,1786553442714.545392,0,0,0,1,0,0,1,0
250357,1786553442715.553479,0,0,0,1,0,0,1,0
250358,1786553442716.565866,0,0,0,1,0,0,1,0
250359,1786553442717.574254,0,0,0,1,0,0,1,0
250360,1786553442718.581941,0,0,0,1,0,0,1,0
250361,1786553442719.590529,0,0,0,1,0,0,1,0
250362,1786553442720.602617,0,0,0,1,0,0,1,0
250363,1786553442721.610005,0,0,0,1,0,0,1,0
250364,1786553442722.617392,0,0,0,1,0,0,1,0
250365,1786553442723.626281,0,0,0,1,0,0,1,0
250366,1786553442724.633767,0,0,0,1,0,0,1,0
250367,1786553442725.644456,0,0,0,1,0,0,1,0
250368,1786553442726.653443,0,0,0,1,0,0,1,0
250369,1786553442727.661031,0,0,0,1,0,0,1,0
250370,1786553442728.689221,0,0,0,1,0,0,1,0
250371,1786553442729.720111,0,0,0,1,0,0,1,0
250372,1786553442730.709099,0,0,0,1,0,0,1,0
250373,1786553442731.709486,0,0,0,1,0,0,1,0
250374,1786553442732.714272,0,0,0,1,0,0,1,0
250375,1786553442733.720761,0,0,0,1,0,0,1,0
250376,1786553442734.730849,0,0,0,1,0,0,1,0
250377,1786553442735.752836,0,0,0,1,0,0,1,0
250378,1786553442736.749923,0,0,0,1,0,0,1,0
250379,1786553442737.755609,0,0,0,1,0,0,1,0
250380,1786553442738.765297,0,0,0,1,0,0,1,0
250381,1786553442739.782485,0,0,0,1,0,0,1,0
250382,1786553442740.786471,0,0,0,1,0,0,1,0
250383,1786553442741.799460,0,0,0,1,0,0,1,0
250384,1786553442742.800846,0,0,0,1,0,0,1,0
250385,1786553442743.840938,0,0,0,1,0,0,1,0
250386,1786553442744.847425,0,0,0,1,0,0,1,0
250387,1786553442745.840712,0,0,0,1,0,0,1,0
250388,1786553442746.848300,0,0,0,1,0,0,1,0
250389,1786553442747.854987,0,0,0,1,0,0,1,0
250390,1786553442748.863877,0,0,0,1,0,0,1,0
250391,1786553442749.872865,0,0,0,1,0,0,1,0
250392,1786553442750.881452,0,0,0,1,0,0,1,0
250393,1786553442751.890640,0,0,0,1,0,0,1,0
250394,1786553442752.931230,0,0,0,1,0,0,1,0
250395,1786553442753.917216,0,0,0,1,0,0,1,0
250396,1786553442754.931302,0,0,0,1,0,0,1,0
250397,1786553442755.928389,0,0,0,1,0,0,1,0
250398,1786553442756.935576,0,0,0,1,0,0,1,0
250399,1786553442757.945965,0,0,0,1,0,0,1,0
250400,1786553442758.955354,0,0,0,1,0,0,1,0
250401,1786553442760.028046,0,0,0,1,0,0,1,0
250402,1786553442761.025033,0,0,0,1,0,0,1,0
250403,1786553442762.027920,0,0,0,1,0,0,1,0
250404,1786553442763.035207,0,0,0,1,0,0,1,0
250405,1786553442764.044395,0,0,0,1,0,0,1,0
250406,1786553442765.053184,0,0,0,1,0,0,1,0
250407,1786553442766.068370,0,0,0,1,0,0,1,0
250408,1786553442767.072458,0,0,0,1,0,0,1,0
250409,1786553442768.082544,0,0,0,1,0,0,1,0
250410,1786553442769.095134,0,0,0,1,0,0,1,0
250411,1786553442770.102621,0,0,0,1,0,0,1,0
250412,1786553442771.110609,0,0,0,1,0,0,1,0
250413,1786553442772.118397,0,0,0,1,0,0,1,0
250414,1786553442773.130684,0,0,0,1,0,0,1,0
250415,1786553442774.137072,0,0,0,1,0,0,1,0
250416,1786553442775.152659,0,0,0,1,0,0,1,0
250417,1786553442776.157847,0,0,0,1,0,0,1,0
250418,1786553442777.166734,0,0,0,1,0,0,1,0
250419,1786553442778.176222,0,0,0,1,0,0,1,0
250420,1786553442779.185810,0,0,0,1,0,0,1,0
250421,1786553442780.193595,0,0,0,1,0,0,1,0
250422,1786553442781.201583,0,0,0,1,0,0,1,0
250423,1786553442782.211071,0,0,0,1,0,0,1,0
250424,1786553442783.224659,0,0,0,1,0,0,1,0
250425,1786553442784.229946,0,0,0,1,0,0,1,0
250426,1786553442785.249035,0,0,0,1,0,0,1,0
250427,1786553442786.252820,0,0,0,1,0,0,1,0
250428,1786553442787.260608,0,0,0,1,0,0,1,0
250429,1786553442788.266794,0,0,0,1,0,0,1,0
250430,1786553442789.276581,0,0,0,1,0,0,1,0
250431,1786553442790.290170,0,0,0,1,0,0,1,0
250432,1786553442791.346863,0,0,0,1,0,0,1,0
250433,1786553442792.317347,0,0,0,1,0,0,1,0
250434,1786553442793.319534,0,0,0,1,0,0,1,0
250435,1786553442794.323822,0,0,0,1,0,0,1,0
250436,1786553442795.330309,0,0,0,1,0,0,1,0
250437,1786553442796.333397,0,0,0,1,0,0,1,0
250438,1786553442797.355587,0,0,0,1,0,0,1,0
250439,1786553442798.356074,0,0,0,1,0,0,1,0
250440,1786553442799.357659,0,0,0,1,0,0,1,0
250441,1786553442800.363545,0,0,0,1,0,0,1,0
250442,1786553442801.404635,0,0,0,1,0,0,1,0
250443,1786553442802.404423,0,0,0,1,0,0,1,0
250444,1786553442803.402210,0,0,0,1,0,0,1,0
250445,1786553442804.401997,0,0,0,1,0,0,1,0
250446,1786553442805.413684,0,0,0,1,0,0,1,0
250447,1786553442806.424073,0,0,0,1,0,0,1,0
250448,1786553442807.431662,0,0,0,1,0,0,1,0
250449,1786553442808.436547,0,0,0,1,0,0,1,0
250450,1786553442809.449936,0,0,0,1,0,0,1,0
250451,1786553442810.453724,0,0,0,1,0,0,1,0
250452,1786553442811.462713,0,0,0,1,0,0,1,0
250453,1786553442812.469602,0,0,0,1,0,0,1,0
250454,1786553442813.477891,0,0,0,1,0,0,1,0
250455,1786553442814.486379,0,0,0,1,0,0,1,0
250456,1786553442815.495166,0,0,0,1,0,0,1,0
250457,1786553442816.502353,0,0,0,1,0,0,1,0
250458,1786553442817.510740,0,0,0,1,0,0,1,0
250459,1786553442818.527827,0,0,0,1,0,0,1,0
250460,1786553442819.529912,0,0,0,1,0,0,1,0
250461,1786553442820.538500,0,0,0,1,0,0,1,0
250462,1786553442822.101133,0,0,0,1,0,0,1,0
250463,1786553442822.966409,0,0,0,1,0,0,1,0
250464,1786553442823.975896,0,0,0,1,0,0,1,0
250465,1786553442824.973682,0,0,0,1,0,0,1,0
250466,1786553442825.975870,0,0,0,1,0,0,1,0
250467,1786553442826.985257,0,0,0,1,0,0,1,0
250468,1786553442827.989044,0,0,0,1,0,0,1,0
250469,1786553442828.998632,0,0,0,1,0,0,1,0
250470,1786553442830.003720,0,0,0,1,0,0,1,0
250471,1786553442831.012110,0,0,0,1,0,0,1,0
250472,1786553442832.019996,0,0,0,1,0,0,1,0
250473,1786553442833.026782,0,0,0,1,0,0,1,0
250474,1786553442834.053670,0,0,0,1,0,0,1,0
250475,1786553442835.057257,0,0,0,1,0,0,1,0
250476,1786553442836.086546,0,0,0,1,0,0,1,0
250477,1786553442837.075032,0,0,0,1,0,0,1,0
250478,1786553442838.078721,0,0,0,1,0,0,1,0
250479,1786553442839.085609,0,0,0,1,0,0,1,0
250480,1786553442840.095696,0,0,0,1,0,0,1,0
250481,1786553442841.105084,0,0,0,1,0,0,1,0
250482,1786553442842.113672,0,0,0,1,0,0,1,0
250483,1786553442843.121960,0,0,0,1,0,0,1,0
250484,1786553442844.130548,0,0,0,1,0,0,1,0
250485,1786553442845.137735,0,0,0,1,0,0,1,0
250486,1786553442846.146321,0,0,0,1,0,0,1,0
250487,1786553442847.154509,0,0,0,1,0,0,1,0
250488,1786553442848.161898,0,0,0,1,0,0,1,0
250489,1786553442849.171486,0,0,0,1,0,0,1,0
250490,1786553442850.207676,0,0,0,1,0,0,1,0
250491,1786553442851.190762,0,0,0,1,0,0,1,0
250492,1786553442852.218450,0,0,0,1,0,0,1,0
250493,1786553442853.211337,0,0,0,1,0,0,1,0
250494,1786553442854.220625,0,0,0,1,0,0,1,0
250495,1786553442855.223813,0,0,0,1,0,0,1,0
250496,1786553442856.232200,0,0,0,1,0,0,1,0
250497,1786553442857.236087,0,0,0,1,0,0,1,0
250498,1786553442858.255577,0,0,0,1,0,0,1,0
250499,1786553442859.247364,0,0,0,1,0,0,1,0
250500,1786553442860.252653,0,0,0,1,0,0,1,0
250501,1786553442861.259641,0,0,0,1,0,0,1,0
250502,1786553442862.266528,0,0,0,1,0,0,1,0
250503,1786553442863.274217,0,0,0,1,0,0,1,0
250504,1786553442864.284406,0,0,0,1,0,0,1,0
250505,1786553442865.290591,0,0,0,1,0,0,1,0
250506,1786553442866.298778,0,0,0,1,0,0,1,0
250507,1786553442867.319865,0,0,0,1,0,0,1,0
250508,1786553442868.318653,0,0,0,1,0,0,1,0
250509,1786553442869.323540,0,0,0,1,0,0,1,0
250510,1786553442870.334627,0,0,0,1,0,0,1,0
250511,1786553442871.338312,0,0,0,1,0,0,1,0
250512,1786553442872.346299,0,0,0,1,0,0,1,0
250513,1786553442873.353887,0,0,0,1,0,0,1,0
250514,1786553442874.360773,0,0,0,1,0,0,1,0
250515,1786553442875.368460,0,0,0,1,0,0,1,0
250516,1786553442876.377847,0,0,0,1,0,0,1,0
250517,1786553442877.384834,0,0,0,1,0,0,1,0
250518,1786553442878.391923,0,0,0,1,0,0,1,0
250519,1786553442879.401009,0,0,0,1,0,0,1,0
250520,1786553442880.407996,0,0,0,1,0,0,1,0
250521,1786553442881.415683,0,0,0,1,0,0,1,0
250522,1786553442882.568984,0,0,0,1,0,0,1,0
250523,1786553442883.571871,0,0,0,1,0,0,1,0
250524,1786553442884.581358,0,0,0,1,0,0,1,0
250525,1786553442885.582144,0,0,0,1,0,0,1,0
250526,1786553442886.588130,0,0,0,1,0,0,1,0
250527,1786553442887.596518,0,0,0,1,0,0,1,0
250528,1786553442888.603505,0,0,0,1,0,0,1,0
250529,1786553442889.610894,0,0,0,1,0,0,1,0
250530,1786553442890.619182,0,0,0,1,0,0,1,0
250531,1786553442891.627271,0,0,0,1,0,0,1,0
250532,1786553442892.634959,0,0,0,1,0,0,1,0
250533,1786553442893.646747,0,0,0,1,0,0,1,0
250534,1786553442894.655735,0,0,0,1,0,0,1,0
250535,1786553442895.660320,0,0,0,1,0,0,1,0
250536,1786553442896.667408,0,0,0,1,0,0,1,0
250537,1786553442897.687199,0,0,0,1,0,0,1,0
250538,1786553442898.701087,0,0,0,1,0,0,1,0
250539,1786553442899.744978,0,0,0,1,0,0,1,0
250540,1786553442900.758867,0,0,0,1,0,0,1,0
250541,1786553442901.758953,0,0,0,1,0,0,1,0
250542,1786553442902.784942,0,0,0,1,0,0,1,0
250543,1786553442903.791029,0,0,0,1,0,0,1,0
250544,1786553442904.834922,0,0,0,1,0,0,1,0
250545,1786553442905.787304,0,0,0,1,0,0,1,0
250546,1786553442906.795292,0,0,0,1,0,0,1,0
250547,1786553442907.793679,0,0,0,1,0,0,1,0
250548,1786553442908.803267,0,0,0,1,0,0,1,0
250549,1786553442909.828257,0,0,0,1,0,0,1,0
250550,1786553442910.836245,0,0,0,1,0,0,1,0
250551,1786553442911.844633,0,0,0,1,0,0,1,0
250552,1786553442912.853722,0,0,0,1,0,0,1,0
250553,1786553442914.292948,0,0,0,1,0,0,1,0
250554,1786553442915.075117,0,0,0,1,0,0,1,0
250555,1786553442916.078405,0,0,0,1,0,0,1,0
250556,1786553442917.081691,0,0,0,1,0,0,1,0
250557,1786553442918.115883,0,0,0,1,0,0,1,0
250558,1786553442919.102370,0,0,0,1,0,0,1,0
250559,1786553442920.109659,0,0,0,1,0,0,1,0
250560,1786553442921.116446,0,0,0,1,0,0,1,0
250561,1786553442922.127034,0,0,0,1,0,0,1,0
250562,1786553442923.132022,0,0,0,1,0,0,1,0
250563,1786553442924.141109,0,0,0,1,0,0,1,0
250564,1786553442925.148597,0,0,0,1,0,0,1,0
250565,1786553442926.155985,0,0,0,1,0,0,1,0
250566,1786553442927.164173,0,0,0,1,0,0,1,0
250567,1786553442928.185061,0,0,0,1,0,0,1,0
250568,1786553442929.184947,0,0,0,1,0,0,1,0
250569,1786553442930.190732,0,0,0,1,0,0,1,0
250570,1786553442931.196520,0,0,0,1,0,0,1,0
250571,1786553442932.209707,0,0,0,1,0,0,1,0
250572,1786553442933.213394,0,0,0,1,0,0,1,0
250573,1786553442934.220682,0,0,0,1,0,0,1,0
250574,1786553442935.228471,0,0,0,1,0,0,1,0
250575,1786553442936.236959,0,0,0,1,0,0,1,0
250576,1786553442937.247547,0,0,0,1,0,0,1,0
250577,1786553442938.252333,0,0,0,1,0,0,1,0
250578,1786553442939.260321,0,0,0,1,0,0,1,0
250579,1786553442940.267008,0,0,0,1,0,0,1,0
250580,1786553442941.275295,0,0,0,1,0,0,1,0
250581,1786553442942.282282,0,0,0,1,0,0,1,0
250582,1786553442943.290670,0,0,0,1,0,0,1,0
250583,1786553442944.475473,0,0,0,1,0,0,1,0
250584,1786553442945.439257,0,0,0,1,0,0,1,0
250585,1786553442946.437445,0,0,0,1,0,0,1,0
250586,1786553442947.444333,0,0,0,1,0,0,1,0
250587,1786553442948.460821,0,0,0,1,0,0,1,0
250588,1786553442949.469009,0,0,0,1,0,0,1,0
250589,1786553442950.473196,0,0,0,1,0,0,1,0
250590,1786553442951.477884,0,0,0,1,0,0,1,0
250591,1786553442952.485673,0,0,0,1,0,0,1,0
250592,1786553442953.492460,0,0,0,1,0,0,1,0
250593,1786553442954.499548,0,0,0,1,0,0,1,0
250594,1786553442955.522037,0,0,0,1,0,0,1,0
250595,1786553442956.516123,0,0,0,1,0,0,1,0
250596,1786553442957.522510,0,0,0,1,0,0,1,0
250597,1786553442958.529796,0,0,0,1,0,0,1,0
250598,1786553442959.544684,0,0,0,1,0,0,1,0
250599,1786553442960.548971,0,0,0,1,0,0,1,0
250600,1786553442961.559559,0,0,0,1,0,0,1,0
250601,1786553442962.566747,0,0,0,1,0,0,1,0
250602,1786553442963.574834,0,0,0,1,0,0,1,0
250603,1786553442964.604824,0,0,0,1,0,0,1,0
250604,1786553442965.604511,0,0,0,1,0,0,1,0
250605,1786553442966.604398,0,0,0,1,0,0,1,0
250606,1786553442967.608983,0,0,0,1,0,0,1,0
250607,1786553442968.616770,0,0,0,1,0,0,1,0
250608,1786553442969.623157,0,0,0,1,0,0,1,0
250609,1786553442970.631745,0,0,0,1,0,0,1,0
250610,1786553442971.639532,0,0,0,1,0,0,1,0
250611,1786553442972.648619,0,0,0,1,0,0,1,0
250612,1786553442973.656506,0,0,0,1,0,0,1,0
250613,1786553442974.663893,0,0,0,1,0,0,1,0
250614,1786553442975.735789,0,0,0,1,0,0,1,0
250615,1786553442976.691174,0,0,0,1,0,0,1,0
250616,1786553442977.694660,0,0,0,1,0,0,1,0
250617,1786553442978.703147,0,0,0,1,0,0,1,0
250618,1786553442979.708635,0,0,0,1,0,0,1,0
250619,1786553442980.721222,0,0,0,1,0,0,1,0
250620,1786553442981.735709,0,0,0,1,0,0,1,0
250621,1786553442982.735097,0,0,0,1,0,0,1,0
250622,1786553442983.741784,0,0,0,1,0,0,1,0
250623,1786553442984.748670,0,0,0,1,0,0,1,0
250624,1786553442985.757256,0,0,0,1,0,0,1,0
250625,1786553442986.770145,0,0,0,1,0,0,1,0
250626,1786553442987.777032,0,0,0,1,0,0,1,0
250627,1786553442988.783319,0,0,0,1,0,0,1,0
250628,1786553442989.790407,0,0,0,1,0,0,1,0
250629,1786553442990.821394,0,0,0,1,0,0,1,0
250630,1786553442991.825383,0,0,0,1,0,0,1,0
250631,1786553442992.828771,0,0,0,1,0,0,1,0
250632,1786553442993.966969,0,0,0,1,0,0,1,0
250633,1786553442994.849345,0,0,0,1,0,0,1,0
250634,1786553442995.849032,0,0,0,1,0,0,1,0
250635,1786553442996.858421,0,0,0,1,0,0,1,0
250636,1786553442997.869609,0,0,0,1,0,0,1,0
250637,1786553442998.873696,0,0,0,1,0,0,1,0
250638,1786553442999.880782,0,0,0,1,0,0,1,0
250639,1786553443000.887170,0,0,0,1,0,0,1,0
250640,1786553443001.898256,0,0,0,1,0,0,1,0
250641,1786553443002.905246,0,0,0,1,0,0,1,0
250642,1786553443003.913533,0,0,0,1,0,0,1,0
250643,1786553443004.940124,0,0,0,1,0,0,1,0
250644,1786553443005.957315,0,0,0,1,0,0,1,0
250645,1786553443006.950001,0,0,0,1,0,0,1,0
250646,1786553443007.956590,0,0,0,1,0,0,1,0
250647,1786553443008.962677,0,0,0,1,0,0,1,0
250648,1786553443009.970463,0,0,0,1,0,0,1,0
250649,1786553443010.975450,0,0,0,1,0,0,1,0
250650,1786553443011.981037,0,0,0,1,0,0,1,0
250651,1786553443012.987225,0,0,0,1,0,0,1,0
250652,1786553443013.993312,0,0,0,1,0,0,1,0
250653,1786553443015.001200,0,0,0,1,0,0,1,0
250654,1786553443016.007789,0,0,0,1,0,0,1,0
250655,1786553443017.015877,0,0,0,1,0,0,1,0
250656,1786553443018.024664,0,0,0,1,0,0,1,0
250657,1786553443019.032551,0,0,0,1,0,0,1,0
250658,1786553443020.044440,0,0,0,1,0,0,1,0
250659,1786553443021.054927,0,0,0,1,0,0,1,0
250660,1786553443022.067115,0,0,0,1,0,0,1,0
250661,1786553443023.070000,0,0,0,1,0,0,1,0
250662,1786553443024.076088,0,0,0,1,0,0,1,0
250663,1786553443025.083574,0,0,0,1,0,0,1,0
250664,1786553443026.092561,0,0,0,1,0,0,1,0
250665,1786553443027.100948,0,0,0,1,0,0,1,0
250666,1786553443028.108235,0,0,0,1,0,0,1,0
250667,1786553443029.115721,0,0,0,1,0,0,1,0
250668,1786553443030.140612,0,0,0,1,0,0,1,0
250669,1786553443031.154000,0,0,0,1,0,0,1,0
250670,1786553443032.154387,0,0,0,1,0,0,1,0
250671,1786553443033.157273,0,0,0,1,0,0,1,0
250672,1786553443034.163662,0,0,0,1,0,0,1,0
250673,1786553443035.171650,0,0,0,1,0,0,1,0
250674,1786553443036.181836,0,0,0,1,0,0,1,0
250675,1786553443037.428444,0,0,0,1,0,0,1,0
250676,1786553443038.284519,0,0,0,1,0,0,1,0
250677,1786553443039.302906,0,0,0,1,0,0,1,0
250678,1786553443040.298393,0,0,0,1,0,0,1,0
250679,1786553443041.280779,0,0,0,1,0,0,1,0
250680,1786553443042.286365,0,0,0,1,0,0,1,0
250681,1786553443043.293653,0,0,0,1,0,0,1,0
250682,1786553443044.301642,0,0,0,1,0,0,1,0
250683,1786553443045.309431,0,0,0,1,0,0,1,0
250684,1786553443046.324918,0,0,0,1,0,0,1,0
250685,1786553443047.327305,0,0,0,1,0,0,1,0
250686,1786553443048.335293,0,0,0,1,0,0,1,0
250687,1786553443049.342980,0,0,0,1,0,0,1,0
250688,1786553443050.350466,0,0,0,1,0,0,1,0
250689,1786553443051.372256,0,0,0,1,0,0,1,0
250690,1786553443052.374341,0,0,0,1,0,0,1,0
250691,1786553443053.382829,0,0,0,1,0,0,1,0
250692,1786553443054.394616,0,0,0,1,0,0,1,0
250693,1786553443055.410604,0,0,0,1,0,0,1,0
250694,1786553443056.429892,0,0,0,1,0,0,1,0
250695,1786553443057.447781,0,0,0,1,0,0,1,0
250696,1786553443058.456168,0,0,0,1,0,0,1,0
250697,1786553443059.451555,0,0,0,1,0,0,1,0
250698,1786553443060.478143,0,0,0,1,0,0,1,0
250699,1786553443061.516936,0,0,0,1,0,0,1,0
250700,1786553443062.505622,0,0,0,1,0,0,1,0
250701,1786553443063.563414,0,0,0,1,0,0,1,0
250702,1786553443064.571602,0,0,0,1,0,0,1,0
250703,1786553443065.575990,0,0,0,1,0,0,1,0
250704,1786553443066.552276,0,0,0,1,0,0,1,0
250705,1786553443067.584067,0,0,0,1,0,0,1,0
250706,1786553443068.580355,0,0,0,1,0,0,1,0
250707,1786553443069.587143,0,0,0,1,0,0,1,0
250708,1786553443070.592731,0,0,0,1,0,0,1,0
250709,1786553443071.599917,0,0,0,1,0,0,1,0
250710,1786553443072.610505,0,0,0,1,0,0,1,0
250711,1786553443073.614792,0,0,0,1,0,0,1,0
250712,1786553443074.645681,0,0,0,1,0,0,1,0
250713,1786553443075.638267,0,0,0,1,0,0,1,0
250714,1786553443076.643355,0,0,0,1,0,0,1,0
250715,1786553443077.649742,0,0,0,1,0,0,1,0
250716,1786553443078.698035,0,0,0,1,0,0,1,0
250717,1786553443079.687120,0,0,0,1,0,0,1,0
250718,1786553443080.699109,0,0,0,1,0,0,1,0
250719,1786553443081.721098,0,0,0,1,0,0,1,0
250720,1786553443082.763287,0,0,0,1,0,0,1,0
250721,1786553443083.723371,0,0,0,1,0,0,1,0
250722,1786553443084.733459,0,0,0,1,0,0,1,0
250723,1786553443085.742245,0,0,0,1,0,0,1,0
250724,1786553443086.752134,0,0,0,1,0,0,1,0
250725,1786553443087.765221,0,0,0,1,0,0,1,0
250726,1786553443088.775809,0,0,0,1,0,0,1,0
250727,1786553443089.788898,0,0,0,1,0,0,1,0
250728,1786553443090.802886,0,0,0,1,0,0,1,0
250729,1786553443091.826276,0,0,0,1,0,0,1,0
250730,1786553443092.837663,0,0,0,1,0,0,1,0
250731,1786553443093.999465,0,0,0,1,0,0,1,0
250732,1786553443094.872141,0,0,0,1,0,0,1,0
250733,1786553443095.941934,0,0,0,1,0,0,1,0
250734,1786553443096.903317,0,0,0,1,0,0,1,0
250735,1786553443097.956608,0,0,0,1,0,0,1,0
250736,1786553443098.920391,0,0,0,1,0,0,1,0
250737,1786553443099.922277,0,0,0,1,0,0,1,0
250738,1786553443100.982969,0,0,0,1,0,0,1,0
250739,1786553443101.964054,0,0,0,1,0,0,1,0
250740,1786553443103.009844,0,0,0,1,0,0,1,0
250741,1786553443103.981429,0,0,0,1,0,0,1,0
250742,1786553443105.007117,0,0,0,1,0,0,1,0
250743,1786553443106.002403,0,0,0,1,0,0,1,0
250744,1786553443107.011191,0,0,0,1,0,0,1,0
250745,1786553443108.020279,0,0,0,1,0,0,1,0
250746,1786553443109.027967,0,0,0,1,0,0,1,0
250747,1786553443110.041154,0,0,0,1,0,0,1,0
250748,1786553443111.048641,0,0,0,1,0,0,1,0
250749,1786553443112.071031,0,0,0,1,0,0,1,0
250750,1786553443114.030299,0,0,0,1,0,0,1,0
250751,1786553443114.935777,0,0,0,1,0,0,1,0
250752,1786553443115.885559,0,0,0,1,0,0,1,0
250753,1786553443116.898049,0,0,0,1,0,0,1,0
250754,1786553443117.916237,0,0,0,1,0,0,1,0
250755,1786553443118.929525,0,0,0,1,0,0,1,0
250756,1786553443119.967616,0,0,0,1,0,0,1,0
250757,1786553443120.939100,0,0,0,1,0,0,1,0
250758,1786553443121.948287,0,0,0,1,0,0,1,0
250759,1786553443122.982175,0,0,0,1,0,0,1,0
250760,1786553443124.020765,0,0,0,1,0,0,1,0
250761,1786553443124.984148,0,0,0,1,0,0,1,0
250762,1786553443125.988034,0,0,0,1,0,0,1,0
250763,1786553443127.020923,0,0,0,1,0,0,1,0
250764,1786553443128.067914,0,0,0,1,0,0,1,0
250765,1786553443129.067902,0,0,0,1,0,0,1,0
250766,1786553443130.075489,0,0,0,1,0,0,1,0
250767,1786553443131.089378,0,0,0,1,0,0,1,0
250768,1786553443132.077665,0,0,0,1,0,0,1,0
250769,1786553443133.082752,0,0,0,1,0,0,1,0
250770,1786553443134.084140,0,0,0,1,0,0,1,0
250771,1786553443135.091827,0,0,0,1,0,0,1,0
250772,1786553443136.107816,0,0,0,1,0,0,1,0
250773,1786553443137.151406,0,0,0,1,0,0,1,0
250774,1786553443138.162695,0,0,0,1,0,0,1,0
250775,1786553443139.182285,0,0,0,1,0,0,1,0
250776,1786553443140.198574,0,0,0,1,0,0,1,0
250777,1786553443141.183859,0,0,0,1,0,0,1,0
250778,1786553443142.202047,0,0,0,1,0,0,1,0
250779,1786553443143.271941,0,0,0,1,0,0,1,0
250780,1786553443144.275828,0,0,0,1,0,0,1,0
250781,1786553443145.240612,0,0,0,1,0,0,1,0
250782,1786553443146.250499,0,0,0,1,0,0,1,0
250783,1786553443147.260388,0,0,0,1,0,0,1,0
250784,1786553443148.327781,0,0,0,1,0,0,1,0
250785,1786553443149.352969,0,0,0,1,0,0,1,0
250786,1786553443150.314454,0,0,0,1,0,0,1,0
250787,1786553443151.348544,0,0,0,1,0,0,1,0
250788,1786553443152.342931,0,0,0,1,0,0,1,0
250789,1786553443153.388622,0,0,0,1,0,0,1,0
250790,1786553443154.388908,0,0,0,1,0,0,1,0
250791,1786553443155.376695,0,0,0,1,0,0,1,0
250792,1786553443156.395283,0,0,0,1,0,0,1,0
250793,1786553443157.426674,0,0,0,1,0,0,1,0
250794,1786553443158.466365,0,0,0,1,0,0,1,0
250795,1786553443159.419747,0,0,0,1,0,0,1,0
250796,1786553443160.433333,0,0,0,1,0,0,1,0
250797,1786553443161.478524,0,0,0,1,0,0,1,0
250798,1786553443162.518715,0,0,0,1,0,0,1,0
250799,1786553443163.499198,0,0,0,1,0,0,1,0
250800,1786553443164.514785,0,0,0,1,0,0,1,0
250801,1786553443165.567478,0,0,0,1,0,0,1,0
250802,1786553443166.562665,0,0,0,1,0,0,1,0
250803,1786553443167.540350,0,0,0,1,0,0,1,0
250804,1786553443168.565738,0,0,0,1,0,0,1,0
250805,1786553443169.615030,0,0,0,1,0,0,1,0
250806,1786553443170.634619,0,0,0,1,0,0,1,0
250807,1786553443171.602202,0,0,0,1,0,0,1,0
250808,1786553443172.661993,0,0,0,1,0,0,1,0
250809,1786553443173.746086,0,0,0,1,0,0,1,0
250810,1786553443174.752572,0,0,0,1,0,0,1,0
250811,1786553443175.764861,0,0,0,1,0,0,1,0
250812,1786553443176.837653,0,0,0,1,0,0,1,0
250813,1786553443177.853742,0,0,0,1,0,0,1,0
250814,1786553443178.864528,0,0,0,1,0,0,1,0
250815,1786553443179.878717,0,0,0,1,0,0,1,0
250816,1786553443180.851902,0,0,0,1,0,0,1,0
250817,1786553443181.904593,0,0,0,1,0,0,1,0
250818,1786553443182.917182,0,0,0,1,0,0,1,0
250819,1786553443183.938272,0,0,0,1,0,0,1,0
250820,1786553443184.966761,0,0,0,1,0,0,1,0
250821,1786553443185.907242,0,0,0,1,0,0,1,0
250822,1786553443186.909929,0,0,0,1,0,0,1,0
250823,1786553443188.020026,0,0,0,1,0,0,1,0
250824,1786553443189.018013,0,0,0,1,0,0,1,0
250825,1786553443189.979596,0,0,0,1,0,0,1,0
250826,1786553443190.986782,0,0,0,1,0,0,1,0
250827,1786553443191.990568,0,0,0,1,0,0,1,0
250828,1786553443193.066163,0,0,0,1,0,0,1,0
250829,1786553443194.262067,0,0,0,1,0,0,1,0
250830,1786553443195.226651,0,0,0,1,0,0,1,0
250831,1786553443196.234839,0,0,0,1,0,0,1,0
250832,1786553443197.250127,0,0,0,1,0,0,1,0
250833,1786553443198.251014,0,0,0,1,0,0,1,0
250834,1786553443199.291305,0,0,0,1,0,0,1,0
250835,1786553443200.338896,0,0,0,1,0,0,1,0
250836,1786553443201.337084,0,0,0,1,0,0,1,0
250837,1786553443202.366173,0,0,0,1,0,0,1,0
250838,1786553443204.007217,0,0,0,1,0,0,1,0
250839,1786553443204.344946,0,0,0,1,0,0,1,0
250840,1786553443205.342331,0,0,0,1,0,0,1,0
250841,1786553443206.356718,0,0,0,1,0,0,1,0
250842,1786553443207.358805,0,0,0,1,0,0,1,0
250843,1786553443208.395593,0,0,0,1,0,0,1,0
250844,1786553443209.459786,0,0,0,1,0,0,1,0
250845,1786553443210.444873,0,0,0,1,0,0,1,0
250846,1786553443211.493365,0,0,0,1,0,0,1,0
250847,1786553443212.478650,0,0,0,1,0,0,1,0
250848,1786553443213.514140,0,0,0,1,0,0,1,0
250849,1786553443214.530728,0,0,0,1,0,0,1,0
250850,1786553443215.541215,0,0,0,1,0,0,1,0
250851,1786553443216.566906,0,0,0,1,0,0,1,0
250852,1786553443217.519889,0,0,0,1,0,0,1,0
250853,1786553443218.589381,0,0,0,1,0,0,1,0
250854,1786553443219.610069,0,0,0,1,0,0,1,0
250855,1786553443220.575154,0,0,0,1,0,0,1,0
250856,1786553443221.578540,0,0,0,1,0,0,1,0
250857,1786553443222.579726,0,0,0,1,0,0,1,0
250858,1786553443223.605316,0,0,0,1,0,0,1,0
250859,1786553443224.636106,0,0,0,1,0,0,1,0
250860,1786553443225.664695,0,0,0,1,0,0,1,0
250861,1786553443226.706885,0,0,0,1,0,0,1,0
250862,1786553443227.650766,0,0,0,1,0,0,1,0
250863,1786553443228.693355,0,0,0,1,0,0,1,0
250864,1786553443229.728746,0,0,0,1,0,0,1,0
250865,1786553443230.688530,0,0,0,1,0,0,1,0
250866,1786553443231.694617,0,0,0,1,0,0,1,0
250867,1786553443232.697003,0,0,0,1,0,0,1,0
250868,1786553443234.445353,0,0,0,1,0,0,1,0
250869,1786553443235.397735,0,0,0,1,0,0,1,0
250870,1786553443236.454527,0,0,0,1,0,0,1,0
250871,1786553443237.470015,0,0,0,1,0,0,1,0
250872,1786553443238.428597,0,0,0,1,0,0,1,0
250873,1786553443239.443088,0,0,0,1,0,0,1,0
250874,1786553443240.449275,0,0,0,1,0,0,1,0
250875,1786553443241.513067,0,0,0,1,0,0,1,0
250876,1786553443242.531756,0,0,0,1,0,0,1,0
250877,1786553443243.509342,0,0,0,1,0,0,1,0
250878,1786553443244.513030,0,0,0,1,0,0,1,0
250879,1786553443245.525319,0,0,0,1,0,0,1,0
250880,1786553443246.525707,0,0,0,1,0,0,1,0
250881,1786553443247.528795,0,0,0,1,0,0,1,0
250882,1786553443248.565985,0,0,0,1,0,0,1,0
250883,1786553443249.591674,0,0,0,1,0,0,1,0
250884,1786553443250.565960,0,0,0,1,0,0,1,0
250885,1786553443251.572647,0,0,0,1,0,0,1,0
250886,1786553443252.581033,0,0,0,1,0,0,1,0
250887,1786553443253.591920,0,0,0,1,0,0,1,0
250888,1786553443254.605207,0,0,0,1,0,0,1,0
250889,1786553443255.608794,0,0,0,1,0,0,1,0
250890,1786553443256.619582,0,0,0,1,0,0,1,0
250891,1786553443257.630370,0,0,0,1,0,0,1,0
250892,1786553443258.694663,0,0,0,1,0,0,1,0
250893,1786553443259.670847,0,0,0,1,0,0,1,0
250894,1786553443260.675734,0,0,0,1,0,0,1,0
250895,1786553443261.675921,0,0,0,1,0,0,1,0
250896,1786553443262.682607,0,0,0,1,0,0,1,0
250897,1786553443263.688195,0,0,0,1,0,0,1,0
250898,1786553443264.841295,0,0,0,1,0,0,1,0
250899,1786553443265.778277,0,0,0,1,0,0,1,0
250900,1786553443266.778564,0,0,0,1,0,0,1,0
250901,1786553443267.781252,0,0,0,1,0,0,1,0
250902,1786553443268.789439,0,0,0,1,0,0,1,0
250903,1786553443269.796227,0,0,0,1,0,0,1,0
250904,1786553443270.845617,0,0,0,1,0,0,1,0
250905,1786553443271.834302,0,0,0,1,0,0,1,0
250906,1786553443272.842089,0,0,0,1,0,0,1,0
250907,1786553443273.879879,0,0,0,1,0,0,1,0
250908,1786553443274.932270,0,0,0,1,0,0,1,0
250909,1786553443275.948658,0,0,0,1,0,0,1,0
250910,1786553443276.964948,0,0,0,1,0,0,1,0
250911,1786553443277.909531,0,0,0,1,0,0,1,0
250912,1786553443278.983023,0,0,0,1,0,0,1,0
250913,1786553443279.969508,0,0,0,1,0,0,1,0
250914,1786553443280.960493,0,0,0,1,0,0,1,0
250915,1786553443282.022384,0,0,0,1,0,0,1,0
250916,1786553443283.027472,0,0,0,1,0,0,1,0
250917,1786553443284.032559,0,0,0,1,0,0,1,0
250918,1786553443285.046149,0,0,0,1,0,0,1,0
250919,1786553443286.048336,0,0,0,1,0,0,1,0
250920,1786553443287.007118,0,0,0,1,0,0,1,0
250921,1786553443288.013205,0,0,0,1,0,0,1,0
250922,1786553443289.023992,0,0,0,1,0,0,1,0
250923,1786553443290.049083,0,0,0,1,0,0,1,0
250924,1786553443291.078272,0,0,0,1,0,0,1,0
250925,1786553443292.079859,0,0,0,1,0,0,1,0
250926,1786553443293.087547,0,0,0,1,0,0,1,0
250927,1786553443294.669986,0,0,0,1,0,0,1,0
250928,1786553443295.661171,0,0,0,1,0,0,1,0
250929,1786553443296.683561,0,0,0,1,0,0,1,0
250930,1786553443297.683247,0,0,0,1,0,0,1,0
250931,1786553443298.691235,0,0,0,1,0,0,1,0
250932,1786553443299.694222,0,0,0,1,0,0,1,0
250933,1786553443300.702810,0,0,0,1,0,0,1,0
250934,1786553443301.710499,0,0,0,1,0,0,1,0
250935,1786553443302.746889,0,0,0,1,0,0,1,0
250936,1786553443303.740975,0,0,0,1,0,0,1,0
250937,1786553443304.745762,0,0,0,1,0,0,1,0
250938,1786553443305.756248,0,0,0,1,0,0,1,0
250939,1786553443306.772437,0,0,0,1,0,0,1,0
250940,1786553443307.777524,0,0,0,1,0,0,1,0
250941,1786553443308.787812,0,0,0,1,0,0,1,0
250942,1786553443309.880408,0,0,0,1,0,0,1,0
250943,1786553443310.904896,0,0,0,1,0,0,1,0
250944,1786553443311.903883,0,0,0,1,0,0,1,0
250945,1786553443312.888768,0,0,0,1,0,0,1,0
250946,1786553443313.878055,0,0,0,1,0,0,1,0
250947,1786553443314.893643,0,0,0,1,0,0,1,0
250948,1786553443315.897731,0,0,0,1,0,0,1,0
250949,1786553443316.911519,0,0,0,1,0,0,1,0
250950,1786553443317.918407,0,0,0,1,0,0,1,0
250951,1786553443318.924394,0,0,0,1,0,0,1,0
250952,1786553443319.926781,0,0,0,1,0,0,1,0
250953,1786553443320.940769,0,0,0,1,0,0,1,0
250954,1786553443321.951457,0,0,0,1,0,0,1,0
250955,1786553443322.990747,0,0,0,1,0,0,1,0
250956,1786553443323.993434,0,0,0,1,0,0,1,0
250957,1786553443325.222740,0,0,0,1,0,0,1,0
250958,1786553443326.243329,0,0,0,1,0,0,1,0
250959,1786553443327.236816,0,0,0,1,0,0,1,0
250960,1786553443328.263403,0,0,0,1,0,0,1,0
250961,1786553443329.252688,0,0,0,1,0,0,1,0
250962,1786553443330.269177,0,0,0,1,0,0,1,0
250963,1786553443331.287365,0,0,0,1,0,0,1,0
250964,1786553443332.291053,0,0,0,1,0,0,1,0
250965,1786553443333.298040,0,0,0,1,0,0,1,0
250966,1786553443334.305728,0,0,0,1,0,0,1,0
250967,1786553443335.322918,0,0,0,1,0,0,1,0
250968,1786553443336.328905,0,0,0,1,0,0,1,0
250969,1786553443337.339392,0,0,0,1,0,0,1,0
250970,1786553443338.352181,0,0,0,1,0,0,1,0
250971,1786553443339.417173,0,0,0,1,0,0,1,0
250972,1786553443340.441260,0,0,0,1,0,0,1,0
250973,1786553443341.405945,0,0,0,1,0,0,1,0
250974,1786553443342.418533,0,0,0,1,0,0,1,0
250975,1786553443343.423120,0,0,0,1,0,0,1,0
250976,1786553443344.429907,0,0,0,1,0,0,1,0
250977,1786553443345.437694,0,0,0,1,0,0,1,0
250978,1786553443346.452482,0,0,0,1,0,0,1,0
250979,1786553443347.463570,0,0,0,1,0,0,1,0
250980,1786553443348.472559,0,0,0,1,0,0,1,0
250981,1786553443349.478848,0,0,0,1,0,0,1,0
250982,1786553443350.488835,0,0,0,1,0,0,1,0
250983,1786553443351.496323,0,0,0,1,0,0,1,0
250984,1786553443352.508211,0,0,0,1,0,0,1,0
250985,1786553443353.520399,0,0,0,1,0,0,1,0
250986,1786553443354.529086,0,0,0,1,0,0,1,0
250987,1786553443355.734089,0,0,0,1,0,0,1,0
250988,1786553443356.592265,0,0,0,1,0,0,1,0
250989,1786553443357.584152,0,0,0,1,0,0,1,0
250990,1786553443358.600540,0,0,0,1,0,0,1,0
250991,1786553443359.605728,0,0,0,1,0,0,1,0
250992,1786553443360.620618,0,0,0,1,0,0,1,0
250993,1786553443361.635506,0,0,0,1,0,0,1,0
250994,1786553443362.641693,0,0,0,1,0,0,1,0
250995,1786553443363.642981,0,0,0,1,0,0,1,0
250996,1786553443364.655168,0,0,0,1,0,0,1,0
250997,1786553443365.659754,0,0,0,1,0,0,1,0
250998,1786553443366.666041,0,0,0,1,0,0,1,0
250999,1786553443367.676428,0,0,0,1,0,0,1,0
251000,1786553443368.681015,0,0,0,1,0,0,1,0
251001,1786553443369.742909,0,0,0,1,0,0,1,0
251002,1786553443370.713993,0,0,0,1,0,0,1,0
251003,1786553443371.746083,0,0,0,1,0,0,1,0
251004,1786553443372.760070,0,0,0,1,0,0,1,0
251005,1786553443373.764458,0,0,0,1,0,0,1,0
251006,1786553443374.789448,0,0,0,1,0,0,1,0
251007,1786553443375.778133,0,0,0,1,0,0,1,0
251008,1786553443376.790522,0,0,0,1,0,0,1,0
251009,1786553443377.793408,0,0,0,1,0,0,1,0
251010,1786553443378.802496,0,0,0,1,0,0,1,0
251011,1786553443379.835285,0,0,0,1,0,0,1,0
251012,1786553443380.842471,0,0,0,1,0,0,1,0
251013,1786553443381.848657,0,0,0,1,0,0,1,0
251014,1786553443382.861444,0,0,0,1,0,0,1,0
251015,1786553443383.876332,0,0,0,1,0,0,1,0
251016,1786553443384.895221,0,0,0,1,0,0,1,0
251017,1786553443386.103625,0,0,0,1,0,0,1,0
251018,1786553443387.052305,0,0,0,1,0,0,1,0
251019,1786553443388.083996,0,0,0,1,0,0,1,0
251020,1786553443389.047280,0,0,0,1,0,0,1,0
251021,1786553443390.045367,0,0,0,1,0,0,1,0
251022,1786553443391.092357,0,0,0,1,0,0,1,0
251023,1786553443392.096144,0,0,0,1,0,0,1,0
251024,1786553443393.085129,0,0,0,1,0,0,1,0
251025,1786553443394.154325,0,0,0,1,0,0,1,0
251026,1786553443395.164713,0,0,0,1,0,0,1,0
251027,1786553443396.173201,0,0,0,1,0,0,1,0
251028,1786553443397.178387,0,0,0,1,0,0,1,0
251029,1786553443398.188975,0,0,0,1,0,0,1,0
251030,1786553443399.203464,0,0,0,1,0,0,1,0
251031,1786553443400.271660,0,0,0,1,0,0,1,0
251032,1786553443401.238644,0,0,0,1,0,0,1,0
251033,1786553443402.238731,0,0,0,1,0,0,1,0
251034,1786553443403.252818,0,0,0,1,0,0,1,0
251035,1786553443404.338613,0,0,0,1,0,0,1,0
251036,1786553443405.347902,0,0,0,1,0,0,1,0
251037,1786553443406.311086,0,0,0,1,0,0,1,0
251038,1786553443407.323474,0,0,0,1,0,0,1,0
251039,1786553443408.347664,0,0,0,1,0,0,1,0
251040,1786553443409.352852,0,0,0,1,0,0,1,0
251041,1786553443410.362340,0,0,0,1,0,0,1,0
251042,1786553443411.387929,0,0,0,1,0,0,1,0
251043,1786553443412.391816,0,0,0,1,0,0,1,0
251044,1786553443413.425207,0,0,0,1,0,0,1,0
251045,1786553443414.407693,0,0,0,1,0,0,1,0
251046,1786553443415.456283,0,0,0,1,0,0,1,0
251047,1786553443416.625683,0,0,0,1,0,0,1,0
251048,1786553443417.517061,0,0,0,1,0,0,1,0
251049,1786553443418.529749,0,0,0,1,0,0,1,0
251050,1786553443419.505434,0,0,0,1,0,0,1,0
251051,1786553443420.518823,0,0,0,1,0,0,1,0
251052,1786553443421.526211,0,0,0,1,0,0,1,0
251053,1786553443422.539398,0,0,0,1,0,0,1,0
251054,1786553443423.550587,0,0,0,1,0,0,1,0
251055,1786553443424.560374,0,0,0,1,0,0,1,0
251056,1786553443425.610965,0,0,0,1,0,0,1,0
251057,1786553443426.632054,0,0,0,1,0,0,1,0
251058,1786553443427.592038,0,0,0,1,0,0,1,0
251059,1786553443428.606125,0,0,0,1,0,0,1,0
251060,1786553443429.620114,0,0,0,1,0,0,1,0
251061,1786553443430.668805,0,0,0,1,0,0,1,0
251062,1786553443431.673791,0,0,0,1,0,0,1,0
251063,1786553443432.664176,0,0,0,1,0,0,1,0
251064,1786553443433.675163,0,0,0,1,0,0,1,0
251065,1786553443434.685351,0,0,0,1,0,0,1,0
251066,1786553443435.685937,0,0,0,1,0,0,1,0
251067,1786553443436.719227,0,0,0,1,0,0,1,0
251068,1786553443437.721015,0,0,0,1,0,0,1,0
251069,1786553443438.724302,0,0,0,1,0,0,1,0
251070,1786553443439.831098,0,0,0,1,0,0,1,0
251071,1786553443440.754578,0,0,0,1,0,0,1,0
251072,1786553443441.758765,0,0,0,1,0,0,1,0
251073,1786553443442.764952,0,0,0,1,0,0,1,0
251074,1786553443443.777140,0,0,0,1,0,0,1,0
251075,1786553443444.804129,0,0,0,1,0,0,1,0
251076,1786553443446.310460,0,0,0,1,0,0,1,0
251077,1786553443446.830005,0,0,0,1,0,0,1,0
251078,1786553443447.862295,0,0,0,1,0,0,1,0
251079,1786553443448.853782,0,0,0,1,0,0,1,0
251080,1786553443449.855569,0,0,0,1,0,0,1,0
251081,1786553443450.894759,0,0,0,1,0,0,1,0
251082,1786553443451.944751,0,0,0,1,0,0,1,0
251083,1786553443452.917435,0,0,0,1,0,0,1,0
251084,1786553443453.929424,0,0,0,1,0,0,1,0
251085,1786553443454.941912,0,0,0,1,0,0,1,0
251086,1786553443455.950900,0,0,0,1,0,0,1,0
251087,1786553443456.979590,0,0,0,1,0,0,1,0
251088,1786553443457.957775,0,0,0,1,0,0,1,0
251089,1786553443458.969863,0,0,0,1,0,0,1,0
251090,1786553443460.707714,0,0,0,1,0,0,1,0
251091,1786553443461.386374,0,0,0,1,0,0,1,0
251092,1786553443462.377959,0,0,0,1,0,0,1,0
251093,1786553443463.376545,0,0,0,1,0,0,1,0
251094,1786553443464.412735,0,0,0,1,0,0,1,0
251095,1786553443465.405322,0,0,0,1,0,0,1,0
251096,1786553443466.408008,0,0,0,1,0,0,1,0
251097,1786553443467.483601,0,0,0,1,0,0,1,0
251098,1786553443468.495789,0,0,0,1,0,0,1,0
251099,1786553443469.472573,0,0,0,1,0,0,1,0
251100,1786553443470.517864,0,0,0,1,0,0,1,0
251101,1786553443471.478746,0,0,0,1,0,0,1,0
251102,1786553443472.489133,0,0,0,1,0,0,1,0
251103,1786553443473.496621,0,0,0,1,0,0,1,0
251104,1786553443474.522510,0,0,0,1,0,0,1,0
251105,1786553443475.528498,0,0,0,1,0,0,1,0
251106,1786553443476.530885,0,0,0,1,0,0,1,0
251107,1786553443477.548074,0,0,0,1,0,0,1,0
251108,1786553443478.563362,0,0,0,1,0,0,1,0
251109,1786553443479.566349,0,0,0,1,0,0,1,0
251110,1786553443480.572538,0,0,0,1,0,0,1,0
251111,1786553443481.585526,0,0,0,1,0,0,1,0
251112,1786553443482.591211,0,0,0,1,0,0,1,0
251113,1786553443483.662904,0,0,0,1,0,0,1,0
251114,1786553443484.623590,0,0,0,1,0,0,1,0
251115,1786553443485.637879,0,0,0,1,0,0,1,0
251116,1786553443486.648666,0,0,0,1,0,0,1,0
251117,1786553443487.655255,0,0,0,1,0,0,1,0
251118,1786553443488.664342,0,0,0,1,0,0,1,0
251119,1786553443489.679930,0,0,0,1,0,0,1,0
251120,1786553443490.722022,0,0,0,1,0,0,1,0
251121,1786553443491.707407,0,0,0,1,0,0,1,0
251122,1786553443492.707094,0,0,0,1,0,0,1,0
251123,1786553443493.726283,0,0,0,1,0,0,1,0
251124,1786553443494.733769,0,0,0,1,0,0,1,0
251125,1786553443495.737257,0,0,0,1,0,0,1,0
251126,1786553443496.743945,0,0,0,1,0,0,1,0
251127,1786553443497.753834,0,0,0,1,0,0,1,0
251128,1786553443498.763523,0,0,0,1,0,0,1,0
251129,1786553443499.844515,0,0,0,1,0,0,1,0
251130,1786553443500.866803,0,0,0,1,0,0,1,0
251131,1786553443501.827688,0,0,0,1,0,0,1,0
251132,1786553443502.831876,0,0,0,1,0,0,1,0
251133,1786553443503.838362,0,0,0,1,0,0,1,0
251134,1786553443504.858551,0,0,0,1,0,0,1,0
251135,1786553443506.298073,0,0,0,1,0,0,1,0
251136,1786553443506.905326,0,0,0,1,0,0,1,0
251137,1786553443507.906312,0,0,0,1,0,0,1,0
251138,1786553443508.927702,0,0,0,1,0,0,1,0
251139,1786553443509.923489,0,0,0,1,0,0,1,0
251140,1786553443510.921574,0,0,0,1,0,0,1,0
251141,1786553443511.927560,0,0,0,1,0,0,1,0
251142,1786553443512.927146,0,0,0,1,0,0,1,0
251143,1786553443513.932933,0,0,0,1,0,0,1,0
251144,1786553443514.950723,0,0,0,1,0,0,1,0
251145,1786553443516.004713,0,0,0,1,0,0,1,0
251146,1786553443517.046003,0,0,0,1,0,0,1,0
251147,1786553443517.988383,0,0,0,1,0,0,1,0
251148,1786553443518.984669,0,0,0,1,0,0,1,0
251149,1786553443519.993557,0,0,0,1,0,0,1,0
251150,1786553443521.068351,0,0,0,1,0,0,1,0
251151,1786553443522.028035,0,0,0,1,0,0,1,0
251152,1786553443523.037622,0,0,0,1,0,0,1,0
251153,1786553443524.040410,0,0,0,1,0,0,1,0
251154,1786553443525.046496,0,0,0,1,0,0,1,0
251155,1786553443526.058283,0,0,0,1,0,0,1,0
251156,1786553443527.066370,0,0,0,1,0,0,1,0
251157,1786553443528.071057,0,0,0,1,0,0,1,0
251158,1786553443529.087544,0,0,0,1,0,0,1,0
251159,1786553443530.110033,0,0,0,1,0,0,1,0
251160,1786553443531.114220,0,0,0,1,0,0,1,0
251161,1786553443532.138309,0,0,0,1,0,0,1,0
251162,1786553443533.154097,0,0,0,1,0,0,1,0
251163,1786553443534.156483,0,0,0,1,0,0,1,0
251164,1786553443535.155171,0,0,0,1,0,0,1,0
251165,1786553443536.227565,0,0,0,1,0,0,1,0
251166,1786553443537.373064,0,0,0,1,0,0,1,0
251167,1786553443538.247739,0,0,0,1,0,0,1,0
251168,1786553443539.254825,0,0,0,1,0,0,1,0
251169,1786553443540.237411,0,0,0,1,0,0,1,0
251170,1786553443541.293803,0,0,0,1,0,0,1,0
251171,1786553443542.277289,0,0,0,1,0,0,1,0
251172,1786553443543.271975,0,0,0,1,0,0,1,0
251173,1786553443544.282763,0,0,0,1,0,0,1,0
251174,1786553443545.293052,0,0,0,1,0,0,1,0
251175,1786553443546.300339,0,0,0,1,0,0,1,0
251176,1786553443547.357531,0,0,0,1,0,0,1,0
251177,1786553443548.388521,0,0,0,1,0,0,1,0
251178,1786553443549.559718,0,0,0,1,0,0,1,0
251179,1786553443550.413794,0,0,0,1,0,0,1,0
251180,1786553443551.377278,0,0,0,1,0,0,1,0
251181,1786553443552.382768,0,0,0,1,0,0,1,0
251182,1786553443553.390655,0,0,0,1,0,0,1,0
251183,1786553443554.400343,0,0,0,1,0,0,1,0
251184,1786553443555.418531,0,0,0,1,0,0,1,0
251185,1786553443556.434518,0,0,0,1,0,0,1,0
251186,1786553443557.432205,0,0,0,1,0,0,1,0
251187,1786553443558.439794,0,0,0,1,0,0,1,0
251188,1786553443559.454081,0,0,0,1,0,0,1,0
251189,1786553443560.458068,0,0,0,1,0,0,1,0
251190,1786553443561.465957,0,0,0,1,0,0,1,0
251191,1786553443562.474044,0,0,0,1,0,0,1,0
251192,1786553443563.485932,0,0,0,1,0,0,1,0
251193,1786553443564.569625,0,0,0,1,0,0,1,0
251194,1786553443565.565012,0,0,0,1,0,0,1,0
251195,1786553443566.574399,0,0,0,1,0,0,1,0
251196,1786553443567.580786,0,0,0,1,0,0,1,0
251197,1786553443568.593073,0,0,0,1,0,0,1,0
251198,1786553443569.622163,0,0,0,1,0,0,1,0
251199,1786553443570.627350,0,0,0,1,0,0,1,0
251200,1786553443571.640738,0,0,0,1,0,0,1,0
251201,1786553443572.651526,0,0,0,1,0,0,1,0
251202,1786553443573.644310,0,0,0,1,0,0,1,0
251203,1786553443574.650197,0,0,0,1,0,0,1,0
251204,1786553443575.654483,0,0,0,1,0,0,1,0
251205,1786553443576.663371,0,0,0,1,0,0,1,0
251206,1786553443577.667958,0,0,0,1,0,0,1,0
251207,1786553443578.675646,0,0,0,1,0,0,1,0
251208,1786553443579.706235,0,0,0,1,0,0,1,0
251209,1786553443580.724124,0,0,0,1,0,0,1,0
251210,1786553443581.730011,0,0,0,1,0,0,1,0
251211,1786553443582.779501,0,0,0,1,0,0,1,0
251212,1786553443583.756885,0,0,0,1,0,0,1,0
251213,1786553443584.760473,0,0,0,1,0,0,1,0
251214,1786553443585.784063,0,0,0,1,0,0,1,0
251215,1786553443586.787451,0,0,0,1,0,0,1,0
251216,1786553443587.799939,0,0,0,1,0,0,1,0
251217,1786553443588.803626,0,0,0,1,0,0,1,0
251218,1786553443589.827615,0,0,0,1,0,0,1,0
251219,1786553443590.841904,0,0,0,1,0,0,1,0
251220,1786553443591.868595,0,0,0,1,0,0,1,0
251221,1786553443592.903986,0,0,0,1,0,0,1,0
251222,1786553443594.042686,0,0,0,1,0,0,1,0
251223,1786553443595.729833,0,0,0,1,0,0,1,0
251224,1786553443596.617908,0,0,0,1,0,0,1,0
251225,1786553443597.589792,0,0,0,1,0,0,1,0
251226,1786553443598.533575,0,0,0,1,0,0,1,0
251227,1786553443599.543862,0,0,0,1,0,0,1,0
251228,1786553443600.550650,0,0,0,1,0,0,1,0
251229,1786553443601.590540,0,0,0,1,0,0,1,0
251230,1786553443602.576026,0,0,0,1,0,0,1,0
251231,1786553443603.591814,0,0,0,1,0,0,1,0
251232,1786553443604.589700,0,0,0,1,0,0,1,0
251233,1786553443605.598388,0,0,0,1,0,0,1,0
251234,1786553443606.665481,0,0,0,1,0,0,1,0
251235,1786553443607.690170,0,0,0,1,0,0,1,0
251236,1786553443608.698558,0,0,0,1,0,0,1,0
251237,1786553443609.719247,0,0,0,1,0,0,1,0
251238,1786553443610.671430,0,0,0,1,0,0,1,0
251239,1786553443611.678518,0,0,0,1,0,0,1,0
251240,1786553443612.714308,0,0,0,1,0,0,1,0
251241,1786553443613.762802,0,0,0,1,0,0,1,0
251242,1786553443614.763289,0,0,0,1,0,0,1,0
251243,1786553443615.789679,0,0,0,1,0,0,1,0
251244,1786553443616.797566,0,0,0,1,0,0,1,0
251245,1786553443617.834355,0,0,0,1,0,0,1,0
251246,1786553443618.857144,0,0,0,1,0,0,1,0
251247,1786553443619.800525,0,0,0,1,0,0,1,0
251248,1786553443620.806812,0,0,0,1,0,0,1,0
251249,1786553443621.828501,0,0,0,1,0,0,1,0
251250,1786553443622.839289,0,0,0,1,0,0,1,0
251251,1786553443624.176004,0,0,0,1,0,0,1,0
251252,1786553443625.048280,0,0,0,1,0,0,1,0
251253,1786553443626.065570,0,0,0,1,0,0,1,0
251254,1786553443627.081460,0,0,0,1,0,0,1,0
251255,1786553443628.090748,0,0,0,1,0,0,1,0
251256,1786553443629.108534,0,0,0,1,0,0,1,0
251257,1786553443630.118122,0,0,0,1,0,0,1,0
251258,1786553443631.081706,0,0,0,1,0,0,1,0
251259,1786553443632.131898,0,0,0,1,0,0,1,0
251260,1786553443633.111485,0,0,0,1,0,0,1,0
251261,1786553443634.123773,0,0,0,1,0,0,1,0
251262,1786553443635.183065,0,0,0,1,0,0,1,0
251263,1786553443636.138749,0,0,0,1,0,0,1,0
251264,1786553443637.181139,0,0,0,1,0,0,1,0
251265,1786553443638.165426,0,0,0,1,0,0,1,0
251266,1786553443639.215716,0,0,0,1,0,0,1,0
251267,1786553443640.231906,0,0,0,1,0,0,1,0
251268,1786553443641.203791,0,0,0,1,0,0,1,0
251269,1786553443642.229280,0,0,0,1,0,0,1,0
251270,1786553443643.274971,0,0,0,1,0,0,1,0
251271,1786553443644.289458,0,0,0,1,0,0,1,0
251272,1786553443645.296245,0,0,0,1,0,0,1,0
251273,1786553443646.362438,0,0,0,1,0,0,1,0
251274,1786553443647.369524,0,0,0,1,0,0,1,0
251275,1786553443648.387312,0,0,0,1,0,0,1,0
251276,1786553443649.346894,0,0,0,1,0,0,1,0
251277,1786553443650.355482,0,0,0,1,0,0,1,0
251278,1786553443651.429476,0,0,0,1,0,0,1,0
251279,1786553443652.379358,0,0,0,1,0,0,1,0
251280,1786553443653.387145,0,0,0,1,0,0,1,0
251281,1786553443654.392932,0,0,0,1,0,0,1,0
251282,1786553443655.638639,0,0,0,1,0,0,1,0
251283,1786553443656.627426,0,0,0,1,0,0,1,0
251284,1786553443657.632212,0,0,0,1,0,0,1,0
251285,1786553443658.640900,0,0,0,1,0,0,1,0
251286,1786553443659.648787,0,0,0,1,0,0,1,0
251287,1786553443660.663275,0,0,0,1,0,0,1,0
251288,1786553443661.675864,0,0,0,1,0,0,1,0
251289,1786553443662.684950,0,0,0,1,0,0,1,0
251290,1786553443663.693939,0,0,0,1,0,0,1,0
251291,1786553443664.702527,0,0,0,1,0,0,1,0
251292,1786553443665.709914,0,0,0,1,0,0,1,0
251293,1786553443666.728002,0,0,0,1,0,0,1,0
251294,1786553443667.727389,0,0,0,1,0,0,1,0
251295,1786553443668.733776,0,0,0,1,0,0,1,0
251296,1786553443669.740463,0,0,0,1,0,0,1,0
251297,1786553443670.756851,0,0,0,1,0,0,1,0
251298,1786553443671.763338,0,0,0,1,0,0,1,0
251299,1786553443672.776628,0,0,0,1,0,0,1,0
251300,1786553443673.781817,0,0,0,1,0,0,1,0
251301,1786553443674.799006,0,0,0,1,0,0,1,0
251302,1786553443675.796992,0,0,0,1,0,0,1,0
251303,1786553443676.806280,0,0,0,1,0,0,1,0
251304,1786553443677.848470,0,0,0,1,0,0,1,0
251305,1786553443678.841657,0,0,0,1,0,0,1,0
251306,1786553443679.853145,0,0,0,1,0,0,1,0
251307,1786553443680.855732,0,0,0,1,0,0,1,0
251308,1786553443681.871119,0,0,0,1,0,0,1,0
251309,1786553443682.874707,0,0,0,1,0,0,1,0
251310,1786553443683.886394,0,0,0,1,0,0,1,0
251311,1786553443684.900082,0,0,0,1,0,0,1,0
251312,1786553443685.901669,0,0,0,1,0,0,1,0
251313,1786553443687.205283,0,0,0,1,0,0,1,0
251314,1786553443688.216971,0,0,0,1,0,0,1,0
251315,1786553443689.212657,0,0,0,1,0,0,1,0
251316,1786553443690.219045,0,0,0,1,0,0,1,0
251317,1786553443691.225832,0,0,0,1,0,0,1,0
251318,1786553443692.232319,0,0,0,1,0,0,1,0
251319,1786553443693.241506,0,0,0,1,0,0,1,0
251320,1786553443694.249692,0,0,0,1,0,0,1,0
251321,1786553443695.250779,0,0,0,1,0,0,1,0
251322,1786553443696.257767,0,0,0,1,0,0,1,0
251323,1786553443697.261153,0,0,0,1,0,0,1,0
251324,1786553443698.265841,0,0,0,1,0,0,1,0
251325,1786553443699.273231,0,0,0,1,0,0,1,0
251326,1786553443700.288017,0,0,0,1,0,0,1,0
251327,1786553443701.306505,0,0,0,1,0,0,1,0
251328,1786553443702.305891,0,0,0,1,0,0,1,0
251329,1786553443703.308377,0,0,0,1,0,0,1,0
251330,1786553443704.315165,0,0,0,1,0,0,1,0
251331,1786553443705.323453,0,0,0,1,0,0,1,0
251332,1786553443706.330740,0,0,0,1,0,0,1,0
251333,1786553443707.338327,0,0,0,1,0,0,1,0
251334,1786553443708.347114,0,0,0,1,0,0,1,0
251335,1786553443709.355002,0,0,0,1,0,0,1,0
251336,1786553443710.382390,0,0,0,1,0,0,1,0
251337,1786553443711.377976,0,0,0,1,0,0,1,0
251338,1786553443712.384362,0,0,0,1,0,0,1,0
251339,1786553443713.390949,0,0,0,1,0,0,1,0
251340,1786553443714.397938,0,0,0,1,0,0,1,0
251341,1786553443715.405224,0,0,0,1,0,0,1,0
251342,1786553443716.949059,0,0,0,1,0,0,1,0
251343,1786553443717.437301,0,0,0,1,0,0,1,0
251344,1786553443718.444389,0,0,0,1,0,0,1,0
251345,1786553443719.453475,0,0,0,1,0,0,1,0
251346,1786553443720.461261,0,0,0,1,0,0,1,0
251347,1786553443721.470249,0,0,0,1,0,0,1,0
251348,1786553443722.478937,0,0,0,1,0,0,1,0
251349,1786553443723.487525,0,0,0,1,0,0,1,0
251350,1786553443724.492912,0,0,0,1,0,0,1,0
251351,1786553443725.503700,0,0,0,1,0,0,1,0
251352,1786553443726.517987,0,0,0,1,0,0,1,0
251353,1786553443727.518874,0,0,0,1,0,0,1,0
251354,1786553443728.524862,0,0,0,1,0,0,1,0
251355,1786553443729.531050,0,0,0,1,0,0,1,0
251356,1786553443730.535437,0,0,0,1,0,0,1,0
251357,1786553443731.546324,0,0,0,1,0,0,1,0
251358,1786553443732.550612,0,0,0,1,0,0,1,0
251359,1786553443733.561499,0,0,0,1,0,0,1,0
251360,1786553443734.571186,0,0,0,1,0,0,1,0
251361,1786553443735.577973,0,0,0,1,0,0,1,0
251362,1786553443736.586363,0,0,0,1,0,0,1,0
251363,1786553443737.594650,0,0,0,1,0,0,1,0
251364,1786553443738.601637,0,0,0,1,0,0,1,0
251365,1786553443739.609725,0,0,0,1,0,0,1,0
251366,1786553443740.618612,0,0,0,1,0,0,1,0
251367,1786553443741.625901,0,0,0,1,0,0,1,0
251368,1786553443742.633587,0,0,0,1,0,0,1,0
251369,1786553443743.641177,0,0,0,1,0,0,1,0
251370,1786553443744.649765,0,0,0,1,0,0,1,0
251371,1786553443745.657452,0,0,0,1,0,0,1,0
251372,1786553443746.995569,0,0,0,1,0,0,1,0
251373,1786553443747.685130,0,0,0,1,0,0,1,0
251374,1786553443748.798827,0,0,0,1,0,0,1,0
251375,1786553443749.709308,0,0,0,1,0,0,1,0
251376,1786553443750.714293,0,0,0,1,0,0,1,0
251377,1786553443751.723679,0,0,0,1,0,0,1,0
251378,1786553443752.729767,0,0,0,1,0,0,1,0
251379,1786553443753.739256,0,0,0,1,0,0,1,0
251380,1786553443754.744843,0,0,0,1,0,0,1,0
251381,1786553443755.752631,0,0,0,1,0,0,1,0
251382,1786553443756.759819,0,0,0,1,0,0,1,0
251383,1786553443757.770407,0,0,0,1,0,0,1,0
251384,1786553443758.784095,0,0,0,1,0,0,1,0
251385,1786553443759.787884,0,0,0,1,0,0,1,0
251386,1786553443760.794671,0,0,0,1,0,0,1,0
251387,1786553443761.807260,0,0,0,1,0,0,1,0
251388,1786553443762.821648,0,0,0,1,0,0,1,0
251389,1786553443763.829436,0,0,0,1,0,0,1,0
251390,1786553443764.844025,0,0,0,1,0,0,1,0
251391,1786553443765.844911,0,0,0,1,0,0,1,0
251392,1786553443766.853098,0,0,0,1,0,0,1,0
251393,1786553443767.861587,0,0,0,1,0,0,1,0
251394,1786553443768.869173,0,0,0,1,0,0,1,0
251395,1786553443769.878160,0,0,0,1,0,0,1,0
251396,1786553443770.884548,0,0,0,1,0,0,1,0
251397,1786553443771.892535,0,0,0,1,0,0,1,0
251398,1786553443772.901922,0,0,0,1,0,0,1,0
251399,1786553443773.908809,0,0,0,1,0,0,1,0
251400,1786553443774.946599,0,0,0,1,0,0,1,0
251401,1786553443775.927483,0,0,0,1,0,0,1,0
251402,1786553443776.964074,0,0,0,1,0,0,1,0
251403,1786553443777.949958,0,0,0,1,0,0,1,0
251404,1786553443778.955746,0,0,0,1,0,0,1,0
251405,1786553443779.962934,0,0,0,1,0,0,1,0
251406,1786553443780.974222,0,0,0,1,0,0,1,0
251407,1786553443781.982309,0,0,0,1,0,0,1,0
251408,1786553443782.990597,0,0,0,1,0,0,1,0
251409,1786553443783.997185,0,0,0,1,0,0,1,0
251410,1786553443785.005772,0,0,0,1,0,0,1,0
251411,1786553443786.016861,0,0,0,1,0,0,1,0
251412,1786553443787.022649,0,0,0,1,0,0,1,0
251413,1786553443788.029337,0,0,0,1,0,0,1,0
251414,1786553443789.036822,0,0,0,1,0,0,1,0
251415,1786553443790.045409,0,0,0,1,0,0,1,0
251416,1786553443791.074799,0,0,0,1,0,0,1,0
251417,1786553443792.111190,0,0,0,1,0,0,1,0
251418,1786553443793.081072,0,0,0,1,0,0,1,0
251419,1786553443794.109461,0,0,0,1,0,0,1,0
251420,1786553443795.115247,0,0,0,1,0,0,1,0
251421,1786553443796.124034,0,0,0,1,0,0,1,0
251422,1786553443797.133921,0,0,0,1,0,0,1,0
251423,1786553443798.142808,0,0,0,1,0,0,1,0
251424,1786553443799.153795,0,0,0,1,0,0,1,0
251425,1786553443800.160384,0,0,0,1,0,0,1,0
251426,1786553443801.169773,0,0,0,1,0,0,1,0
251427,1786553443802.179660,0,0,0,1,0,0,1,0
251428,1786553443803.189548,0,0,0,1,0,0,1,0
251429,1786553443804.198237,0,0,0,1,0,0,1,0
251430,1786553443805.210724,0,0,0,1,0,0,1,0
251431,1786553443806.220012,0,0,0,1,0,0,1,0
251432,1786553443807.248903,0,0,0,1,0,0,1,0
251433,1786553443808.245389,0,0,0,1,0,0,1,0
251434,1786553443809.251076,0,0,0,1,0,0,1,0
251435,1786553443810.257765,0,0,0,1,0,0,1,0
251436,1786553443811.264654,0,0,0,1,0,0,1,0
251437,1786553443812.271740,0,0,0,1,0,0,1,0
251438,1786553443813.279428,0,0,0,1,0,0,1,0
251439,1786553443814.285415,0,0,0,1,0,0,1,0
251440,1786553443815.290103,0,0,0,1,0,0,1,0
251441,1786553443816.296491,0,0,0,1,0,0,1,0
251442,1786553443817.303279,0,0,0,1,0,0,1,0
251443,1786553443818.311666,0,0,0,1,0,0,1,0
251444,1786553443819.323154,0,0,0,1,0,0,1,0
251445,1786553443820.331341,0,0,0,1,0,0,1,0
251446,1786553443821.757963,0,0,0,1,0,0,1,0
251447,1786553443822.559733,0,0,0,1,0,0,1,0
251448,1786553443823.554218,0,0,0,1,0,0,1,0
251449,1786553443824.559006,0,0,0,1,0,0,1,0
251450,1786553443825.574496,0,0,0,1,0,0,1,0
251451,1786553443826.573583,0,0,0,1,0,0,1,0
251452,1786553443827.581571,0,0,0,1,0,0,1,0
251453,1786553443828.588258,0,0,0,1,0,0,1,0
251454,1786553443829.596346,0,0,0,1,0,0,1,0
251455,1786553443830.606234,0,0,0,1,0,0,1,0
251456,1786553443831.614520,0,0,0,1,0,0,1,0
251457,1786553443832.622708,0,0,0,1,0,0,1,0
251458,1786553443833.633696,0,0,0,1,0,0,1,0
251459,1786553443834.642584,0,0,0,1,0,0,1,0
251460,1786553443835.660572,0,0,0,1,0,0,1,0
251461,1786553443836.664260,0,0,0,1,0,0,1,0
251462,1786553443837.672246,0,0,0,1,0,0,1,0
251463,1786553443838.688236,0,0,0,1,0,0,1,0
251464,1786553443839.692024,0,0,0,1,0,0,1,0
251465,1786553443840.699710,0,0,0,1,0,0,1,0
251466,1786553443841.711098,0,0,0,1,0,0,1,0
251467,1786553443842.718284,0,0,0,1,0,0,1,0
251468,1786553443843.725572,0,0,0,1,0,0,1,0
251469,1786553443844.733960,0,0,0,1,0,0,1,0
251470,1786553443845.742448,0,0,0,1,0,0,1,0
251471,1786553443846.752035,0,0,0,1,0,0,1,0
251472,1786553443847.759621,0,0,0,1,0,0,1,0
251473,1786553443848.769709,0,0,0,1,0,0,1,0
251474,1786553443849.778498,0,0,0,1,0,0,1,0
251475,1786553443850.984404,0,0,0,1,0,0,1,0
251476,1786553443851.920685,0,0,0,1,0,0,1,0
251477,1786553443852.918470,0,0,0,1,0,0,1,0
251478,1786553443853.927857,0,0,0,1,0,0,1,0
251479,1786553443854.951744,0,0,0,1,0,0,1,0
251480,1786553443855.948731,0,0,0,1,0,0,1,0
251481,1786553443856.943118,0,0,0,1,0,0,1,0
251482,1786553443857.948305,0,0,0,1,0,0,1,0
251483,1786553443858.953493,0,0,0,1,0,0,1,0
251484,1786553443859.957382,0,0,0,1,0,0,1,0
251485,1786553443860.962870,0,0,0,1,0,0,1,0
251486,1786553443861.970858,0,0,0,1,0,0,1,0
251487,1786553443862.978948,0,0,0,1,0,0,1,0
251488,1786553443863.987537,0,0,0,1,0,0,1,0
251489,1786553443864.996124,0,0,0,1,0,0,1,0
251490,1786553443866.012712,0,0,0,1,0,0,1,0
251491,1786553443867.014399,0,0,0,1,0,0,1,0
251492,1786553443868.021285,0,0,0,1,0,0,1,0
251493,1786553443869.033775,0,0,0,1,0,0,1,0
251494,1786553443870.038863,0,0,0,1,0,0,1,0
251495,1786553443871.050352,0,0,0,1,0,0,1,0
251496,1786553443872.054941,0,0,0,1,0,0,1,0
251497,1786553443873.062327,0,0,0,1,0,0,1,0
251498,1786553443874.070114,0,0,0,1,0,0,1,0
251499,1786553443875.078402,0,0,0,1,0,0,1,0
251500,1786553443876.085791,0,0,0,1,0,0,1,0
251501,1786553443877.093779,0,0,0,1,0,0,1,0
251502,1786553443878.101667,0,0,0,1,0,0,1,0
251503,1786553443879.109655,0,0,0,1,0,0,1,0
251504,1786553443880.117641,0,0,0,1,0,0,1,0
251505,1786553443881.145130,0,0,0,1,0,0,1,0
251506,1786553443882.136516,0,0,0,1,0,0,1,0
251507,1786553443883.143803,0,0,0,1,0,0,1,0
251508,1786553443884.149990,0,0,0,1,0,0,1,0
251509,1786553443885.160077,0,0,0,1,0,0,1,0
251510,1786553443886.165763,0,0,0,1,0,0,1,0
251511,1786553443887.178049,0,0,0,1,0,0,1,0
251512,1786553443888.201139,0,0,0,1,0,0,1,0
251513,1786553443889.202327,0,0,0,1,0,0,1,0
251514,1786553443890.205514,0,0,0,1,0,0,1,0
251515,1786553443891.215702,0,0,0,1,0,0,1,0
251516,1786553443892.219889,0,0,0,1,0,0,1,0
251517,1786553443893.230177,0,0,0,1,0,0,1,0
251518,1786553443894.238363,0,0,0,1,0,0,1,0
251519,1786553443895.243849,0,0,0,1,0,0,1,0
251520,1786553443896.252737,0,0,0,1,0,0,1,0
251521,1786553443897.932983,0,0,0,1,0,0,1,0
251522,1786553443898.486230,0,0,0,1,0,0,1,0
251523,1786553443899.378007,0,0,0,1,0,0,1,0
251524,1786553443900.352392,0,0,0,1,0,0,1,0
251525,1786553443901.356678,0,0,0,1,0,0,1,0
251526,1786553443902.359766,0,0,0,1,0,0,1,0
251527,1786553443903.379555,0,0,0,1,0,0,1,0
251528,1786553443904.381342,0,0,0,1,0,0,1,0
251529,1786553443905.388030,0,0,0,1,0,0,1,0
251530,1786553443906.391119,0,0,0,1,0,0,1,0
251531,1786553443907.401208,0,0,0,1,0,0,1,0
251532,1786553443908.413895,0,0,0,1,0,0,1,0
251533,1786553443909.414881,0,0,0,1,0,0,1,0
251534,1786553443910.422569,0,0,0,1,0,0,1,0
251535,1786553443911.429656,0,0,0,1,0,0,1,0
251536,1786553443912.443245,0,0,0,1,0,0,1,0
251537,1786553443913.446332,0,0,0,1,0,0,1,0
251538,1786553443914.454620,0,0,0,1,0,0,1,0
251539,1786553443915.462706,0,0,0,1,0,0,1,0
251540,1786553443916.470693,0,0,0,1,0,0,1,0
251541,1786553443917.479279,0,0,0,1,0,0,1,0
251542,1786553443918.487767,0,0,0,1,0,0,1,0
251543,1786553443919.510554,0,0,0,1,0,0,1,0
251544,1786553443920.511540,0,0,0,1,0,0,1,0
251545,1786553443921.523729,0,0,0,1,0,0,1,0
251546,1786553443922.528517,0,0,0,1,0,0,1,0
251547,1786553443923.537404,0,0,0,1,0,0,1,0
251548,1786553443924.544492,0,0,0,1,0,0,1,0
251549,1786553443925.553277,0,0,0,1,0,0,1,0
251550,1786553443926.566764,0,0,0,1,0,0,1,0
251551,1786553443927.592154,0,0,0,1,0,0,1,0
251552,1786553443928.628642,0,0,0,1,0,0,1,0
251553,1786553443929.600827,0,0,0,1,0,0,1,0
251554,1786553443930.613615,0,0,0,1,0,0,1,0
251555,1786553443931.617202,0,0,0,1,0,0,1,0
251556,1786553443932.625390,0,0,0,1,0,0,1,0
251557,1786553443933.635078,0,0,0,1,0,0,1,0
251558,1786553443934.642365,0,0,0,1,0,0,1,0
251559,1786553443935.672355,0,0,0,1,0,0,1,0
251560,1786553443936.668741,0,0,0,1,0,0,1,0
251561,1786553443937.670527,0,0,0,1,0,0,1,0
251562,1786553443938.678016,0,0,0,1,0,0,1,0
251563,1786553443939.685801,0,0,0,1,0,0,1,0
251564,1786553443940.693688,0,0,0,1,0,0,1,0
251565,1786553443941.701475,0,0,0,1,0,0,1,0
251566,1786553443942.731565,0,0,0,1,0,0,1,0
251567,1786553443943.729651,0,0,0,1,0,0,1,0
251568,1786553443944.730137,0,0,0,1,0,0,1,0
251569,1786553443945.737624,0,0,0,1,0,0,1,0
251570,1786553443946.745912,0,0,0,1,0,0,1,0
251571,1786553443947.753399,0,0,0,1,0,0,1,0
251572,1786553443948.762487,0,0,0,1,0,0,1,0
251573,1786553443949.772873,0,0,0,1,0,0,1,0
251574,1786553443950.781361,0,0,0,1,0,0,1,0
251575,1786553443951.788748,0,0,0,1,0,0,1,0
251576,1786553443952.806136,0,0,0,1,0,0,1,0
251577,1786553443953.808125,0,0,0,1,0,0,1,0
251578,1786553443954.835814,0,0,0,1,0,0,1,0
251579,1786553443955.833101,0,0,0,1,0,0,1,0
251580,1786553443956.841489,0,0,0,1,0,0,1,0
251581,1786553443957.860577,0,0,0,1,0,0,1,0
251582,1786553443958.894266,0,0,0,1,0,0,1,0
251583,1786553443959.898154,0,0,0,1,0,0,1,0
251584,1786553443960.888841,0,0,0,1,0,0,1,0
251585,1786553443961.901629,0,0,0,1,0,0,1,0
251586,1786553443962.906816,0,0,0,1,0,0,1,0
251587,1786553443963.915603,0,0,0,1,0,0,1,0
251588,1786553443964.933292,0,0,0,1,0,0,1,0
251589,1786553443965.930179,0,0,0,1,0,0,1,0
251590,1786553443966.942566,0,0,0,1,0,0,1,0
251591,1786553443967.950053,0,0,0,1,0,0,1,0
251592,1786553443968.967740,0,0,0,1,0,0,1,0
251593,1786553443969.969727,0,0,0,1,0,0,1,0
251594,1786553443970.978614,0,0,0,1,0,0,1,0
251595,1786553443971.982501,0,0,0,1,0,0,1,0
251596,1786553443972.993788,0,0,0,1,0,0,1,0
251597,1786553443974.004177,0,0,0,1,0,0,1,0
251598,1786553443975.012064,0,0,0,1,0,0,1,0
251599,1786553443976.019452,0,0,0,1,0,0,1,0
251600,1786553443977.027440,0,0,0,1,0,0,1,0
251601,1786553443978.035329,0,0,0,1,0,0,1,0
251602,1786553443979.045118,0,0,0,1,0,0,1,0
251603,1786553443980.055105,0,0,0,1,0,0,1,0
251604,1786553443981.063593,0,0,0,1,0,0,1,0
251605,1786553443982.073182,0,0,0,1,0,0,1,0
251606,1786553443983.082770,0,0,0,1,0,0,1,0
251607,1786553443984.089858,0,0,0,1,0,0,1,0
251608,1786553443985.107146,0,0,0,1,0,0,1,0
251609,1786553443986.111034,0,0,0,1,0,0,1,0
251610,1786553443987.120521,0,0,0,1,0,0,1,0
251611,1786553443988.128109,0,0,0,1,0,0,1,0
251612,1786553443989.137997,0,0,0,1,0,0,1,0
251613,1786553443990.338703,0,0,0,1,0,0,1,0
251614,1786553443991.169676,0,0,0,1,0,0,1,0
251615,1786553443992.180763,0,0,0,1,0,0,1,0
251616,1786553443993.178049,0,0,0,1,0,0,1,0
251617,1786553443994.184337,0,0,0,1,0,0,1,0
251618,1786553443995.188622,0,0,0,1,0,0,1,0
251619,1786553443996.191110,0,0,0,1,0,0,1,0
251620,1786553443997.199298,0,0,0,1,0,0,1,0
251621,1786553443998.205585,0,0,0,1,0,0,1,0
251622,1786553443999.215674,0,0,0,1,0,0,1,0
251623,1786553444000.221562,0,0,0,1,0,0,1,0
251624,1786553444001.236650,0,0,0,1,0,0,1,0
251625,1786553444002.239537,0,0,0,1,0,0,1,0
251626,1786553444003.246924,0,0,0,1,0,0,1,0
251627,1786553444004.259412,0,0,0,1,0,0,1,0
251628,1786553444005.266099,0,0,0,1,0,0,1,0
251629,1786553444006.273087,0,0,0,1,0,0,1,0
251630,1786553444007.280474,0,0,0,1,0,0,1,0
251631,1786553444008.288261,0,0,0,1,0,0,1,0
251632,1786553444009.297248,0,0,0,1,0,0,1,0
251633,1786553444010.304835,0,0,0,1,0,0,1,0
251634,1786553444011.313022,0,0,0,1,0,0,1,0
251635,1786553444012.321809,0,0,0,1,0,0,1,0
251636,1786553444013.329096,0,0,0,1,0,0,1,0
251637,1786553444014.336784,0,0,0,1,0,0,1,0
251638,1786553444015.345372,0,0,0,1,0,0,1,0
251639,1786553444016.354559,0,0,0,1,0,0,1,0
251640,1786553444017.370547,0,0,0,1,0,0,1,0
251641,1786553444018.372836,0,0,0,1,0,0,1,0
251642,1786553444019.473231,0,0,0,1,0,0,1,0
251643,1786553444020.471917,0,0,0,1,0,0,1,0
251644,1786553444021.474605,0,0,0,1,0,0,1,0
251645,1786553444022.481793,0,0,0,1,0,0,1,0
251646,1786553444023.490280,0,0,0,1,0,0,1,0
251647,1786553444024.503868,0,0,0,1,0,0,1,0
251648,1786553444025.508155,0,0,0,1,0,0,1,0
251649,1786553444026.517542,0,0,0,1,0,0,1,0
251650,1786553444027.523731,0,0,0,1,0,0,1,0
251651,1786553444028.532420,0,0,0,1,0,0,1,0
251652,1786553444029.540608,0,0,0,1,0,0,1,0
251653,1786553444030.551795,0,0,0,1,0,0,1,0
251654,1786553444031.558982,0,0,0,1,0,0,1,0
251655,1786553444032.567071,0,0,0,1,0,0,1,0
251656,1786553444033.586559,0,0,0,1,0,0,1,0
251657,1786553444034.610749,0,0,0,1,0,0,1,0
251658,1786553444035.600236,0,0,0,1,0,0,1,0
251659,1786553444036.608523,0,0,0,1,0,0,1,0
251660,1786553444037.614509,0,0,0,1,0,0,1,0
251661,1786553444038.628497,0,0,0,1,0,0,1,0
251662,1786553444039.637684,0,0,0,1,0,0,1,0
251663,1786553444040.646070,0,0,0,1,0,0,1,0
251664,1786553444041.656159,0,0,0,1,0,0,1,0
251665,1786553444042.663246,0,0,0,1,0,0,1,0
251666,1786553444043.671634,0,0,0,1,0,0,1,0
251667,1786553444044.677819,0,0,0,1,0,0,1,0
251668,1786553444045.695107,0,0,0,1,0,0,1,0
251669,1786553444046.695694,0,0,0,1,0,0,1,0
251670,1786553444047.706682,0,0,0,1,0,0,1,0
251671,1786553444048.711670,0,0,0,1,0,0,1,0
251672,1786553444049.731658,0,0,0,1,0,0,1,0
251673,1786553444050.885857,0,0,0,1,0,0,1,0
251674,1786553444051.864143,0,0,0,1,0,0,1,0
251675,1786553444052.857628,0,0,0,1,0,0,1,0
251676,1786553444053.864615,0,0,0,1,0,0,1,0
251677,1786553444054.883202,0,0,0,1,0,0,1,0
251678,1786553444055.876388,0,0,0,1,0,0,1,0
251679,1786553444056.882575,0,0,0,1,0,0,1,0
251680,1786553444057.889762,0,0,0,1,0,0,1,0
251681,1786553444058.923252,0,0,0,1,0,0,1,0
251682,1786553444059.915240,0,0,0,1,0,0,1,0
251683,1786553444060.930727,0,0,0,1,0,0,1,0
251684,1786553444061.934313,0,0,0,1,0,0,1,0
251685,1786553444062.943100,0,0,0,1,0,0,1,0
251686,1786553444063.952088,0,0,0,1,0,0,1,0
251687,1786553444064.962477,0,0,0,1,0,0,1,0
251688,1786553444065.992367,0,0,0,1,0,0,1,0
251689,1786553444067.027556,0,0,0,1,0,0,1,0
251690,1786553444068.011541,0,0,0,1,0,0,1,0
251691,1786553444069.003027,0,0,0,1,0,0,1,0
251692,1786553444070.007015,0,0,0,1,0,0,1,0
251693,1786553444071.012603,0,0,0,1,0,0,1,0
251694,1786553444072.018592,0,0,0,1,0,0,1,0
251695,1786553444073.024379,0,0,0,1,0,0,1,0
251696,1786553444074.028666,0,0,0,1,0,0,1,0
251697,1786553444075.035153,0,0,0,1,0,0,1,0
251698,1786553444076.046140,0,0,0,1,0,0,1,0
251699,1786553444077.060128,0,0,0,1,0,0,1,0
251700,1786553444078.059914,0,0,0,1,0,0,1,0
251701,1786553444079.070903,0,0,0,1,0,0,1,0
251702,1786553444080.081691,0,0,0,1,0,0,1,0
251703,1786553444081.507215,0,0,0,1,0,0,1,0
251704,1786553444082.418295,0,0,0,1,0,0,1,0
251705,1786553444083.390379,0,0,0,1,0,0,1,0
251706,1786553444084.410367,0,0,0,1,0,0,1,0
251707,1786553444085.412553,0,0,0,1,0,0,1,0
251708,1786553444086.473947,0,0,0,1,0,0,1,0
251709,1786553444087.429230,0,0,0,1,0,0,1,0
251710,1786553444088.490624,0,0,0,1,0,0,1,0
251711,1786553444089.452007,0,0,0,1,0,0,1,0
251712,1786553444090.478897,0,0,0,1,0,0,1,0
251713,1786553444091.466283,0,0,0,1,0,0,1,0
251714,1786553444092.473871,0,0,0,1,0,0,1,0
251715,1786553444093.480759,0,0,0,1,0,0,1,0
251716,1786553444094.490047,0,0,0,1,0,0,1,0
251717,1786553444096.010779,0,0,0,1,0,0,1,0
251718,1786553444096.522624,0,0,0,1,0,0,1,0
251719,1786553444097.523711,0,0,0,1,0,0,1,0
251720,1786553444098.526499,0,0,0,1,0,0,1,0
251721,1786553444099.561591,0,0,0,1,0,0,1,0
251722,1786553444100.549776,0,0,0,1,0,0,1,0
251723,1786553444101.560065,0,0,0,1,0,0,1,0
251724,1786553444102.591154,0,0,0,1,0,0,1,0
251725,1786553444103.588441,0,0,0,1,0,0,1,0
251726,1786553444104.596228,0,0,0,1,0,0,1,0
251727,1786553444105.602915,0,0,0,1,0,0,1,0
251728,1786553444106.609202,0,0,0,1,0,0,1,0
251729,1786553444107.616990,0,0,0,1,0,0,1,0
251730,1786553444108.625379,0,0,0,1,0,0,1,0
251731,1786553444109.633366,0,0,0,1,0,0,1,0
251732,1786553444110.651052,0,0,0,1,0,0,1,0
251733,1786553444111.653539,0,0,0,1,0,0,1,0
251734,1786553444112.659825,0,0,0,1,0,0,1,0
251735,1786553444113.668113,0,0,0,1,0,0,1,0
251736,1786553444114.686501,0,0,0,1,0,0,1,0
251737,1786553444115.688788,0,0,0,1,0,0,1,0
251738,1786553444116.699877,0,0,0,1,0,0,1,0
251739,1786553444117.701865,0,0,0,1,0,0,1,0
251740,1786553444118.710051,0,0,0,1,0,0,1,0
251741,1786553444119.716640,0,0,0,1,0,0,1,0
251742,1786553444120.723726,0,0,0,1,0,0,1,0
251743,1786553444121.736015,0,0,0,1,0,0,1,0
251744,1786553444122.738901,0,0,0,1,0,0,1,0
251745,1786553444123.746186,0,0,0,1,0,0,1,0
251746,1786553444124.753874,0,0,0,1,0,0,1,0
251747,1786553444125.762760,0,0,0,1,0,0,1,0
251748,1786553444126.783649,0,0,0,1,0,0,1,0
251749,1786553444127.785337,0,0,0,1,0,0,1,0
251750,1786553444128.791725,0,0,0,1,0,0,1,0
251751,1786553444129.800113,0,0,0,1,0,0,1,0
251752,1786553444130.824801,0,0,0,1,0,0,1,0
251753,1786553444131.830888,0,0,0,1,0,0,1,0
251754,1786553444132.836276,0,0,0,1,0,0,1,0
251755,1786553444133.841963,0,0,0,1,0,0,1,0
251756,1786553444134.860052,0,0,0,1,0,0,1,0
251757,1786553444135.857540,0,0,0,1,0,0,1,0
251758,1786553444136.866629,0,0,0,1,0,0,1,0
251759,1786553444137.874016,0,0,0,1,0,0,1,0
251760,1786553444138.881503,0,0,0,1,0,0,1,0
251761,1786553444139.889891,0,0,0,1,0,0,1,0
251762,1786553444140.896878,0,0,0,1,0,0,1,0
251763,1786553444141.910466,0,0,0,1,0,0,1,0
251764,1786553444142.915153,0,0,0,1,0,0,1,0
251765,1786553444143.921840,0,0,0,1,0,0,1,0
251766,1786553444144.936029,0,0,0,1,0,0,1,0
251767,1786553444145.941717,0,0,0,1,0,0,1,0
251768,1786553444146.950806,0,0,0,1,0,0,1,0
251769,1786553444147.979796,0,0,0,1,0,0,1,0
251770,1786553444148.970782,0,0,0,1,0,0,1,0
251771,1786553444149.978169,0,0,0,1,0,0,1,0
251772,1786553444150.984556,0,0,0,1,0,0,1,0
251773,1786553444151.993043,0,0,0,1,0,0,1,0
251774,1786553444153.000931,0,0,0,1,0,0,1,0
251775,1786553444154.008418,0,0,0,1,0,0,1,0
251776,1786553444155.014706,0,0,0,1,0,0,1,0
251777,1786553444156.022894,0,0,0,1,0,0,1,0
251778,1786553444157.041981,0,0,0,1,0,0,1,0
251779,1786553444158.042766,0,0,0,1,0,0,1,0
251780,1786553444159.049854,0,0,0,1,0,0,1,0
251781,1786553444160.057040,0,0,0,1,0,0,1,0
251782,1786553444161.065528,0,0,0,1,0,0,1,0
251783,1786553444162.072815,0,0,0,1,0,0,1,0
251784,1786553444163.080803,0,0,0,1,0,0,1,0
251785,1786553444164.099591,0,0,0,1,0,0,1,0
251786,1786553444165.100977,0,0,0,1,0,0,1,0
251787,1786553444166.116964,0,0,0,1,0,0,1,0
251788,1786553444167.123251,0,0,0,1,0,0,1,0
251789,1786553444168.130238,0,0,0,1,0,0,1,0
251790,1786553444169.139026,0,0,0,1,0,0,1,0
251791,1786553444170.146914,0,0,0,1,0,0,1,0
251792,1786553444171.156602,0,0,0,1,0,0,1,0
251793,1786553444172.837845,0,0,0,1,0,0,1,0
251794,1786553444173.672715,0,0,0,1,0,0,1,0
251795,1786553444174.672203,0,0,0,1,0,0,1,0
251796,1786553444175.795401,0,0,0,1,0,0,1,0
251797,1786553444176.699679,0,0,0,1,0,0,1,0
251798,1786553444177.707266,0,0,0,1,0,0,1,0
251799,1786553444178.711953,0,0,0,1,0,0,1,0
251800,1786553444179.725640,0,0,0,1,0,0,1,0
251801,1786553444180.728828,0,0,0,1,0,0,1,0
251802,1786553444181.737617,0,0,0,1,0,0,1,0
251803,1786553444182.744605,0,0,0,1,0,0,1,0
251804,1786553444183.753092,0,0,0,1,0,0,1,0
251805,1786553444184.760180,0,0,0,1,0,0,1,0
251806,1786553444185.771768,0,0,0,1,0,0,1,0
251807,1786553444186.786155,0,0,0,1,0,0,1,0
251808,1786553444187.809044,0,0,0,1,0,0,1,0
251809,1786553444188.799529,0,0,0,1,0,0,1,0
251810,1786553444189.825219,0,0,0,1,0,0,1,0
251811,1786553444190.826105,0,0,0,1,0,0,1,0
251812,1786553444191.833393,0,0,0,1,0,0,1,0
251813,1786553444192.838279,0,0,0,1,0,0,1,0
251814,1786553444193.983378,0,0,0,1,0,0,1,0
251815,1786553444194.867056,0,0,0,1,0,0,1,0
251816,1786553444195.872542,0,0,0,1,0,0,1,0
251817,1786553444196.877528,0,0,0,1,0,0,1,0
251818,1786553444197.883616,0,0,0,1,0,0,1,0
251819,1786553444198.890304,0,0,0,1,0,0,1,0
251820,1786553444199.897792,0,0,0,1,0,0,1,0
251821,1786553444200.905780,0,0,0,1,0,0,1,0
251822,1786553444202.171291,0,0,0,1,0,0,1,0
251823,1786553444203.184181,0,0,0,1,0,0,1,0
251824,1786553444204.190967,0,0,0,1,0,0,1,0
251825,1786553444205.198355,0,0,0,1,0,0,1,0
251826,1786553444206.197342,0,0,0,1,0,0,1,0
251827,1786553444207.202427,0,0,0,1,0,0,1,0
251828,1786553444208.213915,0,0,0,1,0,0,1,0
251829,1786553444209.219402,0,0,0,1,0,0,1,0
251830,1786553444210.229390,0,0,0,1,0,0,1,0
251831,1786553444211.236677,0,0,0,1,0,0,1,0
251832,1786553444212.247064,0,0,0,1,0,0,1,0
251833,1786553444213.254449,0,0,0,1,0,0,1,0
251834,1786553444214.262737,0,0,0,1,0,0,1,0
251835,1786553444215.271025,0,0,0,1,0,0,1,0
251836,1786553444216.279612,0,0,0,1,0,0,1,0
251837,1786553444217.306501,0,0,0,1,0,0,1,0
251838,1786553444218.312589,0,0,0,1,0,0,1,0
251839,1786553444219.312276,0,0,0,1,0,0,1,0
251840,1786553444220.320664,0,0,0,1,0,0,1,0
251841,1786553444221.329052,0,0,0,1,0,0,1,0
251842,1786553444222.339141,0,0,0,1,0,0,1,0
251843,1786553444223.347328,0,0,0,1,0,0,1,0
251844,1786553444224.357315,0,0,0,1,0,0,1,0
251845,1786553444225.371904,0,0,0,1,0,0,1,0
251846,1786553444226.381691,0,0,0,1,0,0,1,0
251847,1786553444227.390779,0,0,0,1,0,0,1,0
251848,1786553444228.406467,0,0,0,1,0,0,1,0
251849,1786553444229.410755,0,0,0,1,0,0,1,0
251850,1786553444230.418143,0,0,0,1,0,0,1,0
251851,1786553444231.426731,0,0,0,1,0,0,1,0
251852,1786553444232.965564,0,0,0,1,0,0,1,0
251853,1786553444233.460907,0,0,0,1,0,0,1,0
251854,1786553444234.470593,0,0,0,1,0,0,1,0
251855,1786553444235.477681,0,0,0,1,0,0,1,0
251856,1786553444236.485068,0,0,0,1,0,0,1,0
251857,1786553444237.490756,0,0,0,1,0,0,1,0
251858,1786553444238.497141,0,0,0,1,0,0,1,0
251859,1786553444239.502229,0,0,0,1,0,0,1,0
251860,1786553444240.509016,0,0,0,1,0,0,1,0
251861,1786553444241.512803,0,0,0,1,0,0,1,0
251862,1786553444242.525991,0,0,0,1,0,0,1,0
251863,1786553444243.528576,0,0,0,1,0,0,1,0
251864,1786553444244.558565,0,0,0,1,0,0,1,0
251865,1786553444245.558352,0,0,0,1,0,0,1,0
251866,1786553444246.565439,0,0,0,1,0,0,1,0
251867,1786553444247.584527,0,0,0,1,0,0,1,0
251868,1786553444248.585614,0,0,0,1,0,0,1,0
251869,1786553444249.602804,0,0,0,1,0,0,1,0
251870,1786553444250.604490,0,0,0,1,0,0,1,0
251871,1786553444251.610279,0,0,0,1,0,0,1,0
251872,1786553444252.617866,0,0,0,1,0,0,1,0
251873,1786553444253.626352,0,0,0,1,0,0,1,0
251874,1786553444254.634140,0,0,0,1,0,0,1,0
251875,1786553444255.641229,0,0,0,1,0,0,1,0
251876,1786553444256.648315,0,0,0,1,0,0,1,0
251877,1786553444257.657000,0,0,0,1,0,0,1,0
251878,1786553444258.663687,0,0,0,1,0,0,1,0
251879,1786553444259.681776,0,0,0,1,0,0,1,0
251880,1786553444260.703466,0,0,0,1,0,0,1,0
251881,1786553444261.695252,0,0,0,1,0,0,1,0
251882,1786553444262.704441,0,0,0,1,0,0,1,0
251883,1786553444263.721230,0,0,0,1,0,0,1,0
251884,1786553444264.717218,0,0,0,1,0,0,1,0
251885,1786553444265.723905,0,0,0,1,0,0,1,0
251886,1786553444266.731992,0,0,0,1,0,0,1,0
251887,1786553444267.739380,0,0,0,1,0,0,1,0
251888,1786553444268.746768,0,0,0,1,0,0,1,0
251889,1786553444269.755854,0,0,0,1,0,0,1,0
251890,1786553444270.762540,0,0,0,1,0,0,1,0
251891,1786553444271.774328,0,0,0,1,0,0,1,0
251892,1786553444272.781315,0,0,0,1,0,0,1,0
251893,1786553444273.788803,0,0,0,1,0,0,1,0
251894,1786553444274.802891,0,0,0,1,0,0,1,0
251895,1786553444275.821078,0,0,0,1,0,0,1,0
251896,1786553444276.829267,0,0,0,1,0,0,1,0
251897,1786553444277.840355,0,0,0,1,0,0,1,0
251898,1786553444278.856643,0,0,0,1,0,0,1,0
251899,1786553444279.861030,0,0,0,1,0,0,1,0
251900,1786553444280.864917,0,0,0,1,0,0,1,0
251901,1786553444281.873005,0,0,0,1,0,0,1,0
251902,1786553444282.879992,0,0,0,1,0,0,1,0
251903,1786553444283.888681,0,0,0,1,0,0,1,0
251904,1786553444284.906369,0,0,0,1,0,0,1,0
251905,1786553444285.909454,0,0,0,1,0,0,1,0
251906,1786553444286.913041,0,0,0,1,0,0,1,0
251907,1786553444287.920426,0,0,0,1,0,0,1,0
251908,1786553444288.929013,0,0,0,1,0,0,1,0
251909,1786553444289.935301,0,0,0,1,0,0,1,0
251910,1786553444290.942688,0,0,0,1,0,0,1,0
251911,1786553444291.950576,0,0,0,1,0,0,1,0
251912,1786553444292.959663,0,0,0,1,0,0,1,0
251913,1786553444294.546103,0,0,0,1,0,0,1,0
251914,1786553444295.173358,0,0,0,1,0,0,1,0
251915,1786553444296.202649,0,0,0,1,0,0,1,0
251916,1786553444297.195936,0,0,0,1,0,0,1,0
251917,1786553444298.199824,0,0,0,1,0,0,1,0
251918,1786553444299.207014,0,0,0,1,0,0,1,0
251919,1786553444300.210100,0,0,0,1,0,0,1,0
251920,1786553444301.221687,0,0,0,1,0,0,1,0
251921,1786553444302.226074,0,0,0,1,0,0,1,0
251922,1786553444303.238361,0,0,0,1,0,0,1,0
251923,1786553444304.240447,0,0,0,1,0,0,1,0
251924,1786553444305.258536,0,0,0,1,0,0,1,0
251925,1786553444306.255923,0,0,0,1,0,0,1,0
251926,1786553444307.265709,0,0,0,1,0,0,1,0
251927,1786553444308.271998,0,0,0,1,0,0,1,0
251928,1786553444309.291288,0,0,0,1,0,0,1,0
251929,1786553444310.305677,0,0,0,1,0,0,1,0
251930,1786553444311.304565,0,0,0,1,0,0,1,0
251931,1786553444312.308551,0,0,0,1,0,0,1,0
251932,1786553444313.316338,0,0,0,1,0,0,1,0
251933,1786553444314.322925,0,0,0,1,0,0,1,0
251934,1786553444315.331813,0,0,0,1,0,0,1,0
251935,1786553444316.339200,0,0,0,1,0,0,1,0
251936,1786553444317.346086,0,0,0,1,0,0,1,0
251937,1786553444318.353272,0,0,0,1,0,0,1,0
251938,1786553444319.363759,0,0,0,1,0,0,1,0
251939,1786553444320.372647,0,0,0,1,0,0,1,0
251940,1786553444321.389637,0,0,0,1,0,0,1,0
251941,1786553444322.397623,0,0,0,1,0,0,1,0
251942,1786553444323.413911,0,0,0,1,0,0,1,0
251943,1786553444324.429998,0,0,0,1,0,0,1,0
251944,1786553444325.448388,0,0,0,1,0,0,1,0
251945,1786553444326.450275,0,0,0,1,0,0,1,0
251946,1786553444327.446361,0,0,0,1,0,0,1,0
251947,1786553444328.451948,0,0,0,1,0,0,1,0
251948,1786553444329.459036,0,0,0,1,0,0,1,0
251949,1786553444330.467823,0,0,0,1,0,0,1,0
251950,1786553444331.476610,0,0,0,1,0,0,1,0
251951,1786553444332.485498,0,0,0,1,0,0,1,0
251952,1786553444333.497887,0,0,0,1,0,0,1,0
251953,1786553444334.504373,0,0,0,1,0,0,1,0
251954,1786553444335.520162,0,0,0,1,0,0,1,0
251955,1786553444336.522649,0,0,0,1,0,0,1,0
251956,1786553444337.528135,0,0,0,1,0,0,1,0
251957,1786553444338.537623,0,0,0,1,0,0,1,0
251958,1786553444339.546310,0,0,0,1,0,0,1,0
251959,1786553444340.564098,0,0,0,1,0,0,1,0
251960,1786553444341.569485,0,0,0,1,0,0,1,0
251961,1786553444342.584373,0,0,0,1,0,0,1,0
251962,1786553444343.589161,0,0,0,1,0,0,1,0
251963,1786553444344.595948,0,0,0,1,0,0,1,0
251964,1786553444345.604836,0,0,0,1,0,0,1,0
251965,1786553444346.613024,0,0,0,1,0,0,1,0
251966,1786553444347.619811,0,0,0,1,0,0,1,0
251967,1786553444348.628700,0,0,0,1,0,0,1,0
251968,1786553444349.636987,0,0,0,1,0,0,1,0
251969,1786553444350.643676,0,0,0,1,0,0,1,0
251970,1786553444351.651862,0,0,0,1,0,0,1,0
251971,1786553444352.661649,0,0,0,1,0,0,1,0
251972,1786553444353.671037,0,0,0,1,0,0,1,0
251973,1786553444354.679425,0,0,0,1,0,0,1,0
251974,1786553444355.829525,0,0,0,1,0,0,1,0
251975,1786553444356.783008,0,0,0,1,0,0,1,0
251976,1786553444357.776493,0,0,0,1,0,0,1,0
251977,1786553444358.793581,0,0,0,1,0,0,1,0
251978,1786553444359.794270,0,0,0,1,0,0,1,0
251979,1786553444360.795958,0,0,0,1,0,0,1,0
251980,1786553444361.800545,0,0,0,1,0,0,1,0
251981,1786553444362.806232,0,0,0,1,0,0,1,0
251982,1786553444363.822319,0,0,0,1,0,0,1,0
251983,1786553444364.836406,0,0,0,1,0,0,1,0
251984,1786553444365.834793,0,0,0,1,0,0,1,0
251985,1786553444366.842580,0,0,0,1,0,0,1,0
251986,1786553444367.853069,0,0,0,1,0,0,1,0
251987,1786553444368.862256,0,0,0,1,0,0,1,0
251988,1786553444369.868944,0,0,0,1,0,0,1,0
251989,1786553444370.914034,0,0,0,1,0,0,1,0
251990,1786553444371.899620,0,0,0,1,0,0,1,0
251991,1786553444372.911407,0,0,0,1,0,0,1,0
251992,1786553444373.917395,0,0,0,1,0,0,1,0
251993,1786553444374.938185,0,0,0,1,0,0,1,0
251994,1786553444375.952173,0,0,0,1,0,0,1,0
251995,1786553444376.957259,0,0,0,1,0,0,1,0
251996,1786553444377.957845,0,0,0,1,0,0,1,0
251997,1786553444378.965433,0,0,0,1,0,0,1,0
251998,1786553444379.974021,0,0,0,1,0,0,1,0
251999,1786553444380.995212,0,0,0,1,0,0,1,0
252000,1786553444381.989499,0,0,0,1,0,0,1,0
252001,1786553444382.999688,0,0,0,1,0,0,1,0
252002,1786553444384.008774,0,0,0,1,0,0,1,0
252003,1786553444385.015162,0,0,0,1,0,0,1,0
252004,1786553444386.941431,0,0,0,1,0,0,1,0
252005,1786553444387.787604,0,0,0,1,0,0,1,0
252006,1786553444388.798794,0,0,0,1,0,0,1,0
252007,1786553444389.798182,0,0,0,1,0,0,1,0
252008,1786553444390.828571,0,0,0,1,0,0,1,0
252009,1786553444391.830359,0,0,0,1,0,0,1,0
252010,1786553444392.833745,0,0,0,1,0,0,1,0
252011,1786553444393.974446,0,0,0,1,0,0,1,0
252012,1786553444394.861523,0,0,0,1,0,0,1,0
252013,1786553444395.863410,0,0,0,1,0,0,1,0
252014,1786553444396.863996,0,0,0,1,0,0,1,0
252015,1786553444397.871484,0,0,0,1,0,0,1,0
252016,1786553444398.879372,0,0,0,1,0,0,1,0
252017,1786553444399.887660,0,0,0,1,0,0,1,0
252018,1786553444400.966554,0,0,0,1,0,0,1,0
252019,1786553444401.969642,0,0,0,1,0,0,1,0
252020,1786553444402.989433,0,0,0,1,0,0,1,0
252021,1786553444403.949416,0,0,0,1,0,0,1,0
252022,1786553444404.955203,0,0,0,1,0,0,1,0
252023,1786553444405.962691,0,0,0,1,0,0,1,0
252024,1786553444406.973378,0,0,0,1,0,0,1,0
252025,1786553444407.980167,0,0,0,1,0,0,1,0
252026,1786553444408.986353,0,0,0,1,0,0,1,0
252027,1786553444409.995542,0,0,0,1,0,0,1,0
252028,1786553444411.002128,0,0,0,1,0,0,1,0
252029,1786553444412.012116,0,0,0,1,0,0,1,0
252030,1786553444413.017804,0,0,0,1,0,0,1,0
252031,1786553444414.032892,0,0,0,1,0,0,1,0
252032,1786553444415.035379,0,0,0,1,0,0,1,0
252033,1786553444416.048167,0,0,0,1,0,0,1,0
252034,1786553444417.093257,0,0,0,1,0,0,1,0
252035,1786553444418.088946,0,0,0,1,0,0,1,0
252036,1786553444419.078230,0,0,0,1,0,0,1,0
252037,1786553444420.085718,0,0,0,1,0,0,1,0
252038,1786553444421.091104,0,0,0,1,0,0,1,0
252039,1786553444422.099991,0,0,0,1,0,0,1,0
252040,1786553444423.135281,0,0,0,1,0,0,1,0
252041,1786553444424.163771,0,0,0,1,0,0,1,0
252042,1786553444425.167558,0,0,0,1,0,0,1,0
252043,1786553444426.148642,0,0,0,1,0,0,1,0
252044,1786553444427.154230,0,0,0,1,0,0,1,0
252045,1786553444428.160718,0,0,0,1,0,0,1,0
252046,1786553444429.167104,0,0,0,1,0,0,1,0
252047,1786553444430.177493,0,0,0,1,0,0,1,0
252048,1786553444431.215481,0,0,0,1,0,0,1,0
252049,1786553444432.201967,0,0,0,1,0,0,1,0
252050,1786553444433.206956,0,0,0,1,0,0,1,0
252051,1786553444434.213943,0,0,0,1,0,0,1,0
252052,1786553444435.221331,0,0,0,1,0,0,1,0
252053,1786553444436.229219,0,0,0,1,0,0,1,0
252054,1786553444437.235407,0,0,0,1,0,0,1,0
252055,1786553444438.244894,0,0,0,1,0,0,1,0
252056,1786553444439.251280,0,0,0,1,0,0,1,0
252057,1786553444440.269470,0,0,0,1,0,0,1,0
252058,1786553444441.283657,0,0,0,1,0,0,1,0
252059,1786553444442.287845,0,0,0,1,0,0,1,0
252060,1786553444443.293534,0,0,0,1,0,0,1,0
252061,1786553444444.300521,0,0,0,1,0,0,1,0
252062,1786553444445.309309,0,0,0,1,0,0,1,0
252063,1786553444446.323395,0,0,0,1,0,0,1,0
252064,1786553444447.328683,0,0,0,1,0,0,1,0
252065,1786553444448.335571,0,0,0,1,0,0,1,0
252066,1786553444449.342560,0,0,0,1,0,0,1,0
252067,1786553444450.351649,0,0,0,1,0,0,1,0
252068,1786553444451.365636,0,0,0,1,0,0,1,0
252069,1786553444452.366922,0,0,0,1,0,0,1,0
252070,1786553444453.376610,0,0,0,1,0,0,1,0
252071,1786553444454.381796,0,0,0,1,0,0,1,0
252072,1786553444455.393283,0,0,0,1,0,0,1,0
252073,1786553444456.419272,0,0,0,1,0,0,1,0
252074,1786553444457.422958,0,0,0,1,0,0,1,0
252075,1786553444458.437247,0,0,0,1,0,0,1,0
252076,1786553444459.428434,0,0,0,1,0,0,1,0
252077,1786553444460.435222,0,0,0,1,0,0,1,0
252078,1786553444461.444112,0,0,0,1,0,0,1,0
252079,1786553444462.475601,0,0,0,1,0,0,1,0
252080,1786553444463.481787,0,0,0,1,0,0,1,0
252081,1786553444464.496575,0,0,0,1,0,0,1,0
252082,1786553444465.493763,0,0,0,1,0,0,1,0
252083,1786553444466.502350,0,0,0,1,0,0,1,0
252084,1786553444467.509839,0,0,0,1,0,0,1,0
252085,1786553444468.518527,0,0,0,1,0,0,1,0
252086,1786553444469.527715,0,0,0,1,0,0,1,0
252087,1786553444470.536504,0,0,0,1,0,0,1,0
252088,1786553444471.545590,0,0,0,1,0,0,1,0
252089,1786553444472.564778,0,0,0,1,0,0,1,0
252090,1786553444473.567364,0,0,0,1,0,0,1,0
252091,1786553444474.573050,0,0,0,1,0,0,1,0
252092,1786553444475.585538,0,0,0,1,0,0,1,0
252093,1786553444476.604427,0,0,0,1,0,0,1,0
252094,1786553444477.603315,0,0,0,1,0,0,1,0
252095,1786553444478.609902,0,0,0,1,0,0,1,0
252096,1786553444479.615587,0,0,0,1,0,0,1,0
252097,1786553444480.622275,0,0,0,1,0,0,1,0
252098,1786553444481.630262,0,0,0,1,0,0,1,0
252099,1786553444482.633950,0,0,0,1,0,0,1,0
252100,1786553444483.643838,0,0,0,1,0,0,1,0
252101,1786553444484.649826,0,0,0,1,0,0,1,0
252102,1786553444485.657313,0,0,0,1,0,0,1,0
252103,1786553444486.665002,0,0,0,1,0,0,1,0
252104,1786553444487.674191,0,0,0,1,0,0,1,0
252105,1786553444488.748683,0,0,0,1,0,0,1,0
252106,1786553444489.762970,0,0,0,1,0,0,1,0
252107,1786553444490.781356,0,0,0,1,0,0,1,0
252108,1786553444491.773245,0,0,0,1,0,0,1,0
252109,1786553444492.771631,0,0,0,1,0,0,1,0
252110,1786553444493.770917,0,0,0,1,0,0,1,0
252111,1786553444494.800707,0,0,0,1,0,0,1,0
252112,1786553444495.784792,0,0,0,1,0,0,1,0
252113,1786553444496.793579,0,0,0,1,0,0,1,0
252114,1786553444497.797166,0,0,0,1,0,0,1,0
252115,1786553444498.822355,0,0,0,1,0,0,1,0
252116,1786553444499.829243,0,0,0,1,0,0,1,0
252117,1786553444500.835331,0,0,0,1,0,0,1,0
252118,1786553444501.844219,0,0,0,1,0,0,1,0
252119,1786553444502.856007,0,0,0,1,0,0,1,0
252120,1786553444503.863994,0,0,0,1,0,0,1,0
252121,1786553444504.890983,0,0,0,1,0,0,1,0
252122,1786553444505.931873,0,0,0,1,0,0,1,0
252123,1786553444506.939362,0,0,0,1,0,0,1,0
252124,1786553444507.908746,0,0,0,1,0,0,1,0
252125,1786553444508.917334,0,0,0,1,0,0,1,0
252126,1786553444509.931222,0,0,0,1,0,0,1,0
252127,1786553444510.939909,0,0,0,1,0,0,1,0
252128,1786553444511.944897,0,0,0,1,0,0,1,0
252129,1786553444512.955885,0,0,0,1,0,0,1,0
252130,1786553444513.965473,0,0,0,1,0,0,1,0
252131,1786553444514.973861,0,0,0,1,0,0,1,0
252132,1786553444515.981148,0,0,0,1,0,0,1,0
252133,1786553444516.986835,0,0,0,1,0,0,1,0
252134,1786553444517.996222,0,0,0,1,0,0,1,0
252135,1786553444519.005110,0,0,0,1,0,0,1,0
252136,1786553444520.014096,0,0,0,1,0,0,1,0
252137,1786553444521.024584,0,0,0,1,0,0,1,0
252138,1786553444522.055975,0,0,0,1,0,0,1,0
252139,1786553444523.062163,0,0,0,1,0,0,1,0
252140,1786553444524.061650,0,0,0,1,0,0,1,0
252141,1786553444525.064137,0,0,0,1,0,0,1,0
252142,1786553444526.076525,0,0,0,1,0,0,1,0
252143,1786553444527.080212,0,0,0,1,0,0,1,0
252144,1786553444528.094499,0,0,0,1,0,0,1,0
252145,1786553444529.098785,0,0,0,1,0,0,1,0
252146,1786553444530.111472,0,0,0,1,0,0,1,0
252147,1786553444531.115958,0,0,0,1,0,0,1,0
252148,1786553444532.127046,0,0,0,1,0,0,1,0
252149,1786553444533.133934,0,0,0,1,0,0,1,0
252150,1786553444534.149621,0,0,0,1,0,0,1,0
252151,1786553444535.152209,0,0,0,1,0,0,1,0
252152,1786553444536.159898,0,0,0,1,0,0,1,0
252153,1786553444537.217788,0,0,0,1,0,0,1,0
252154,1786553444538.223876,0,0,0,1,0,0,1,0
252155,1786553444539.233064,0,0,0,1,0,0,1,0
252156,1786553444540.243252,0,0,0,1,0,0,1,0
252157,1786553444541.250739,0,0,0,1,0,0,1,0
252158,1786553444542.258926,0,0,0,1,0,0,1,0
252159,1786553444543.268312,0,0,0,1,0,0,1,0
252160,1786553444544.277799,0,0,0,1,0,0,1,0
252161,1786553444545.287188,0,0,0,1,0,0,1,0
252162,1786553444546.302377,0,0,0,1,0,0,1,0
252163,1786553444547.313964,0,0,0,1,0,0,1,0
252164,1786553444548.327253,0,0,0,1,0,0,1,0
252165,1786553444549.337041,0,0,0,1,0,0,1,0
252166,1786553444550.350426,0,0,0,1,0,0,1,0
252167,1786553444551.359913,0,0,0,1,0,0,1,0
252168,1786553444552.341899,0,0,0,1,0,0,1,0
252169,1786553444553.341588,0,0,0,1,0,0,1,0
252170,1786553444554.362576,0,0,0,1,0,0,1,0
252171,1786553444555.365564,0,0,0,1,0,0,1,0
252172,1786553444556.369051,0,0,0,1,0,0,1,0
252173,1786553444557.377439,0,0,0,1,0,0,1,0
252174,1786553444558.382624,0,0,0,1,0,0,1,0
252175,1786553444559.392812,0,0,0,1,0,0,1,0
252176,1786553444560.398399,0,0,0,1,0,0,1,0
252177,1786553444561.405586,0,0,0,1,0,0,1,0
252178,1786553444562.413273,0,0,0,1,0,0,1,0
252179,1786553444563.422959,0,0,0,1,0,0,1,0
252180,1786553444564.430847,0,0,0,1,0,0,1,0
252181,1786553444565.439333,0,0,0,1,0,0,1,0
252182,1786553444566.451321,0,0,0,1,0,0,1,0
252183,1786553444567.468409,0,0,0,1,0,0,1,0
252184,1786553444568.468197,0,0,0,1,0,0,1,0
252185,1786553444569.472783,0,0,0,1,0,0,1,0
252186,1786553444570.494970,0,0,0,1,0,0,1,0
252187,1786553444571.495358,0,0,0,1,0,0,1,0
252188,1786553444572.505047,0,0,0,1,0,0,1,0
252189,1786553444573.512934,0,0,0,1,0,0,1,0
252190,1786553444574.520122,0,0,0,1,0,0,1,0
252191,1786553444575.526708,0,0,0,1,0,0,1,0
252192,1786553444576.534796,0,0,0,1,0,0,1,0
252193,1786553444577.544081,0,0,0,1,0,0,1,0
252194,1786553444578.553369,0,0,0,1,0,0,1,0
252195,1786553444579.563358,0,0,0,1,0,0,1,0
252196,1786553444580.571345,0,0,0,1,0,0,1,0
252197,1786553444581.578432,0,0,0,1,0,0,1,0
252198,1786553444582.612822,0,0,0,1,0,0,1,0
252199,1786553444583.602909,0,0,0,1,0,0,1,0
252200,1786553444584.606896,0,0,0,1,0,0,1,0
252201,1786553444585.623584,0,0,0,1,0,0,1,0
252202,1786553444586.630570,0,0,0,1,0,0,1,0
252203,1786553444587.636856,0,0,0,1,0,0,1,0
252204,1786553444588.644043,0,0,0,1,0,0,1,0
252205,1786553444589.651930,0,0,0,1,0,0,1,0
252206,1786553444590.660517,0,0,0,1,0,0,1,0
252207,1786553444591.668605,0,0,0,1,0,0,1,0
252208,1786553444592.677292,0,0,0,1,0,0,1,0
252209,1786553444593.684980,0,0,0,1,0,0,1,0
252210,1786553444594.696168,0,0,0,1,0,0,1,0
252211,1786553444595.713755,0,0,0,1,0,0,1,0
252212,1786553444596.895457,0,0,0,1,0,0,1,0
252213,1786553444597.836740,0,0,0,1,0,0,1,0
252214,1786553444598.834627,0,0,0,1,0,0,1,0
252215,1786553444599.840514,0,0,0,1,0,0,1,0
252216,1786553444600.879603,0,0,0,1,0,0,1,0
252217,1786553444601.869789,0,0,0,1,0,0,1,0
252218,1786553444602.872575,0,0,0,1,0,0,1,0
252219,1786553444603.877562,0,0,0,1,0,0,1,0
252220,1786553444604.895051,0,0,0,1,0,0,1,0
252221,1786553444605.891538,0,0,0,1,0,0,1,0
252222,1786553444606.897325,0,0,0,1,0,0,1,0
252223,1786553444607.905712,0,0,0,1,0,0,1,0
252224,1786553444608.913899,0,0,0,1,0,0,1,0
252225,1786553444609.922486,0,0,0,1,0,0,1,0
252226,1786553444610.941374,0,0,0,1,0,0,1,0
252227,1786553444611.943461,0,0,0,1,0,0,1,0
252228,1786553444612.949849,0,0,0,1,0,0,1,0
252229,1786553444613.960437,0,0,0,1,0,0,1,0
252230,1786553444614.970125,0,0,0,1,0,0,1,0
252231,1786553444615.979112,0,0,0,1,0,0,1,0
252232,1786553444616.988098,0,0,0,1,0,0,1,0
252233,1786553444618.005487,0,0,0,1,0,0,1,0
252234,1786553444619.009174,0,0,0,1,0,0,1,0
252235,1786553444620.018461,0,0,0,1,0,0,1,0
252236,1786553444621.027647,0,0,0,1,0,0,1,0
252237,1786553444622.037336,0,0,0,1,0,0,1,0
252238,1786553444623.046322,0,0,0,1,0,0,1,0
252239,1786553444624.055607,0,0,0,1,0,0,1,0
252240,1786553444625.063994,0,0,0,1,0,0,1,0
252241,1786553444626.110084,0,0,0,1,0,0,1,0
252242,1786553444627.098170,0,0,0,1,0,0,1,0
252243,1786553444628.107957,0,0,0,1,0,0,1,0
252244,1786553444629.119444,0,0,0,1,0,0,1,0
252245,1786553444630.125233,0,0,0,1,0,0,1,0
252246,1786553444631.134519,0,0,0,1,0,0,1,0
252247,1786553444632.144407,0,0,0,1,0,0,1,0
252248,1786553444633.152193,0,0,0,1,0,0,1,0
252249,1786553444634.161881,0,0,0,1,0,0,1,0
252250,1786553444635.170867,0,0,0,1,0,0,1,0
252251,1786553444636.178354,0,0,0,1,0,0,1,0
252252,1786553444637.187043,0,0,0,1,0,0,1,0
252253,1786553444638.196931,0,0,0,1,0,0,1,0
252254,1786553444639.206018,0,0,0,1,0,0,1,0
252255,1786553444640.215505,0,0,0,1,0,0,1,0
252256,1786553444641.239794,0,0,0,1,0,0,1,0
252257,1786553444642.243580,0,0,0,1,0,0,1,0
252258,1786553444643.247266,0,0,0,1,0,0,1,0
252259,1786553444644.254455,0,0,0,1,0,0,1,0
252260,1786553444645.263942,0,0,0,1,0,0,1,0
252261,1786553444646.272528,0,0,0,1,0,0,1,0
252262,1786553444647.282616,0,0,0,1,0,0,1,0
252263,1786553444648.291704,0,0,0,1,0,0,1,0
252264,1786553444649.300192,0,0,0,1,0,0,1,0
252265,1786553444650.309381,0,0,0,1,0,0,1,0
252266,1786553444651.325369,0,0,0,1,0,0,1,0
252267,1786553444652.329156,0,0,0,1,0,0,1,0
252268,1786553444653.336242,0,0,0,1,0,0,1,0
252269,1786553444654.345532,0,0,0,1,0,0,1,0
252270,1786553444655.354920,0,0,0,1,0,0,1,0
252271,1786553444656.366208,0,0,0,1,0,0,1,0
252272,1786553444657.377697,0,0,0,1,0,0,1,0
252273,1786553444658.385784,0,0,0,1,0,0,1,0
252274,1786553444659.401572,0,0,0,1,0,0,1,0
252275,1786553444660.401159,0,0,0,1,0,0,1,0
252276,1786553444661.408746,0,0,0,1,0,0,1,0
252277,1786553444662.416234,0,0,0,1,0,0,1,0
252278,1786553444663.435222,0,0,0,1,0,0,1,0
252279,1786553444664.435409,0,0,0,1,0,0,1,0
252280,1786553444665.443297,0,0,0,1,0,0,1,0
252281,1786553444666.452586,0,0,0,1,0,0,1,0
252282,1786553444667.469374,0,0,0,1,0,0,1,0
252283,1786553444668.474761,0,0,0,1,0,0,1,0
252284,1786553444669.483249,0,0,0,1,0,0,1,0
252285,1786553444670.492338,0,0,0,1,0,0,1,0
252286,1786553444671.509026,0,0,0,1,0,0,1,0
252287,1786553444672.534316,0,0,0,1,0,0,1,0
252288,1786553444673.526200,0,0,0,1,0,0,1,0
252289,1786553444674.531288,0,0,0,1,0,0,1,0
252290,1786553444675.537876,0,0,0,1,0,0,1,0
252291,1786553444676.545162,0,0,0,1,0,0,1,0
252292,1786553444677.553248,0,0,0,1,0,0,1,0
252293,1786553444678.564636,0,0,0,1,0,0,1,0
252294,1786553444679.581623,0,0,0,1,0,0,1,0
252295,1786553444680.580111,0,0,0,1,0,0,1,0
252296,1786553444681.585398,0,0,0,1,0,0,1,0
252297,1786553444682.593787,0,0,0,1,0,0,1,0
252298,1786553444683.611276,0,0,0,1,0,0,1,0
252299,1786553444684.616862,0,0,0,1,0,0,1,0
252300,1786553444685.623150,0,0,0,1,0,0,1,0
252301,1786553444686.882558,0,0,0,1,0,0,1,0
252302,1786553444687.675028,0,0,0,1,0,0,1,0
252303,1786553444688.689915,0,0,0,1,0,0,1,0
252304,1786553444689.683602,0,0,0,1,0,0,1,0
252305,1786553444690.687589,0,0,0,1,0,0,1,0
252306,1786553444691.693977,0,0,0,1,0,0,1,0
252307,1786553444692.700065,0,0,0,1,0,0,1,0
252308,1786553444693.705152,0,0,0,1,0,0,1,0
252309,1786553444694.713139,0,0,0,1,0,0,1,0
252310,1786553444695.721826,0,0,0,1,0,0,1,0
252311,1786553444696.728814,0,0,0,1,0,0,1,0
252312,1786553444697.738203,0,0,0,1,0,0,1,0
252313,1786553444698.762791,0,0,0,1,0,0,1,0
252314,1786553444699.758078,0,0,0,1,0,0,1,0
252315,1786553444700.781868,0,0,0,1,0,0,1,0
252316,1786553444701.784354,0,0,0,1,0,0,1,0
252317,1786553444702.788939,0,0,0,1,0,0,1,0
252318,1786553444703.795926,0,0,0,1,0,0,1,0
252319,1786553444704.822916,0,0,0,1,0,0,1,0
252320,1786553444705.821502,0,0,0,1,0,0,1,0
252321,1786553444706.827889,0,0,0,1,0,0,1,0
252322,1786553444707.833977,0,0,0,1,0,0,1,0
252323,1786553444708.841064,0,0,0,1,0,0,1,0
252324,1786553444709.849852,0,0,0,1,0,0,1,0
252325,1786553444710.858238,0,0,0,1,0,0,1,0
252326,1786553444711.865425,0,0,0,1,0,0,1,0
252327,1786553444712.873315,0,0,0,1,0,0,1,0
252328,1786553444713.880802,0,0,0,1,0,0,1,0
252329,1786553444714.898191,0,0,0,1,0,0,1,0
252330,1786553444716.026389,0,0,0,1,0,0,1,0
252331,1786553444716.942467,0,0,0,1,0,0,1,0
252332,1786553444717.939654,0,0,0,1,0,0,1,0
252333,1786553444718.946241,0,0,0,1,0,0,1,0
252334,1786553444719.953528,0,0,0,1,0,0,1,0
252335,1786553444720.960715,0,0,0,1,0,0,1,0
252336,1786553444721.969102,0,0,0,1,0,0,1,0
252337,1786553444722.971587,0,0,0,1,0,0,1,0
252338,1786553444723.980576,0,0,0,1,0,0,1,0
252339,1786553444724.987462,0,0,0,1,0,0,1,0
252340,1786553444725.996449,0,0,0,1,0,0,1,0
252341,1786553444727.004135,0,0,0,1,0,0,1,0
252342,1786553444728.012223,0,0,0,1,0,0,1,0
252343,1786553444729.022011,0,0,0,1,0,0,1,0
252344,1786553444730.027398,0,0,0,1,0,0,1,0
252345,1786553444731.057888,0,0,0,1,0,0,1,0
252346,1786553444732.050875,0,0,0,1,0,0,1,0
252347,1786553444733.059463,0,0,0,1,0,0,1,0
252348,1786553444734.063050,0,0,0,1,0,0,1,0
252349,1786553444735.074440,0,0,0,1,0,0,1,0
252350,1786553444736.077828,0,0,0,1,0,0,1,0
252351,1786553444737.088016,0,0,0,1,0,0,1,0
252352,1786553444738.094202,0,0,0,1,0,0,1,0
252353,1786553444739.103989,0,0,0,1,0,0,1,0
252354,1786553444740.111176,0,0,0,1,0,0,1,0
252355,1786553444741.120764,0,0,0,1,0,0,1,0
252356,1786553444742.133952,0,0,0,1,0,0,1,0
252357,1786553444743.136939,0,0,0,1,0,0,1,0
252358,1786553444744.144627,0,0,0,1,0,0,1,0
252359,1786553444745.152715,0,0,0,1,0,0,1,0
252360,1786553444746.170302,0,0,0,1,0,0,1,0
252361,1786553444747.174891,0,0,0,1,0,0,1,0
252362,1786553444748.183179,0,0,0,1,0,0,1,0
252363,1786553444749.190665,0,0,0,1,0,0,1,0
252364,1786553444750.195153,0,0,0,1,0,0,1,0
252365,1786553444751.204841,0,0,0,1,0,0,1,0
252366,1786553444752.212329,0,0,0,1,0,0,1,0
252367,1786553444753.220817,0,0,0,1,0,0,1,0
252368,1786553444754.229905,0,0,0,1,0,0,1,0
252369,1786553444755.236594,0,0,0,1,0,0,1,0
252370,1786553444756.246982,0,0,0,1,0,0,1,0
252371,1786553444757.251270,0,0,0,1,0,0,1,0
252372,1786553444758.266957,0,0,0,1,0,0,1,0
252373,1786553444759.272144,0,0,0,1,0,0,1,0
252374,1786553444760.279530,0,0,0,1,0,0,1,0
252375,1786553444761.796863,0,0,0,1,0,0,1,0
252376,1786553444762.351913,0,0,0,1,0,0,1,0
252377,1786553444763.337900,0,0,0,1,0,0,1,0
252378,1786553444764.345189,0,0,0,1,0,0,1,0
252379,1786553444765.344276,0,0,0,1,0,0,1,0
252380,1786553444766.356564,0,0,0,1,0,0,1,0
252381,1786553444767.359351,0,0,0,1,0,0,1,0
252382,1786553444768.365038,0,0,0,1,0,0,1,0
252383,1786553444769.373125,0,0,0,1,0,0,1,0
252384,1786553444770.380011,0,0,0,1,0,0,1,0
252385,1786553444771.390199,0,0,0,1,0,0,1,0
252386,1786553444772.396186,0,0,0,1,0,0,1,0
252387,1786553444773.405874,0,0,0,1,0,0,1,0
252388,1786553444774.412062,0,0,0,1,0,0,1,0
252389,1786553444775.424948,0,0,0,1,0,0,1,0
252390,1786553444776.440636,0,0,0,1,0,0,1,0
252391,1786553444777.450423,0,0,0,1,0,0,1,0
252392,1786553444778.449710,0,0,0,1,0,0,1,0
252393,1786553444779.475899,0,0,0,1,0,0,1,0
252394,1786553444780.475286,0,0,0,1,0,0,1,0
252395,1786553444781.482071,0,0,0,1,0,0,1,0
252396,1786553444782.488060,0,0,0,1,0,0,1,0
252397,1786553444783.497045,0,0,0,1,0,0,1,0
252398,1786553444784.503833,0,0,0,1,0,0,1,0
252399,1786553444785.512819,0,0,0,1,0,0,1,0
252400,1786553444786.549711,0,0,0,1,0,0,1,0
252401,1786553444787.525195,0,0,0,1,0,0,1,0
252402,1786553444788.532082,0,0,0,1,0,0,1,0
252403,1786553444789.543970,0,0,0,1,0,0,1,0
252404,1786553444790.567058,0,0,0,1,0,0,1,0
252405,1786553444791.583446,0,0,0,1,0,0,1,0
252406,1786553444792.630737,0,0,0,1,0,0,1,0
252407,1786553444793.637525,0,0,0,1,0,0,1,0
252408,1786553444794.651414,0,0,0,1,0,0,1,0
252409,1786553444795.624597,0,0,0,1,0,0,1,0
252410,1786553444796.644186,0,0,0,1,0,0,1,0
252411,1786553444797.656474,0,0,0,1,0,0,1,0
252412,1786553444798.659260,0,0,0,1,0,0,1,0
252413,1786553444799.668547,0,0,0,1,0,0,1,0
252414,1786553444800.677835,0,0,0,1,0,0,1,0
252415,1786553444801.690324,0,0,0,1,0,0,1,0
252416,1786553444802.702609,0,0,0,1,0,0,1,0
252417,1786553444803.702497,0,0,0,1,0,0,1,0
252418,1786553444804.712586,0,0,0,1,0,0,1,0
252419,1786553444805.721675,0,0,0,1,0,0,1,0
252420,1786553444806.723961,0,0,0,1,0,0,1,0
252421,1786553444807.731350,0,0,0,1,0,0,1,0
252422,1786553444808.738036,0,0,0,1,0,0,1,0
252423,1786553444809.744923,0,0,0,1,0,0,1,0
252424,1786553444810.752911,0,0,0,1,0,0,1,0
252425,1786553444811.761198,0,0,0,1,0,0,1,0
252426,1786553444812.781688,0,0,0,1,0,0,1,0
252427,1786553444813.784977,0,0,0,1,0,0,1,0
252428,1786553444814.802266,0,0,0,1,0,0,1,0
252429,1786553444815.799252,0,0,0,1,0,0,1,0
252430,1786553444816.805240,0,0,0,1,0,0,1,0
252431,1786553444817.823028,0,0,0,1,0,0,1,0
252432,1786553444818.832417,0,0,0,1,0,0,1,0
252433,1786553444819.839603,0,0,0,1,0,0,1,0
252434,1786553444820.845990,0,0,0,1,0,0,1,0
252435,1786553444821.854777,0,0,0,1,0,0,1,0
252436,1786553444823.250998,0,0,0,1,0,0,1,0
252437,1786553444823.994465,0,0,0,1,0,0,1,0
252438,1786553444824.988753,0,0,0,1,0,0,1,0
252439,1786553444825.999339,0,0,0,1,0,0,1,0
252440,1786553444826.974424,0,0,0,1,0,0,1,0
252441,1786553444828.001212,0,0,0,1,0,0,1,0
252442,1786553444829.003799,0,0,0,1,0,0,1,0
252443,1786553444830.010084,0,0,0,1,0,0,1,0
252444,1786553444831.018172,0,0,0,1,0,0,1,0
252445,1786553444832.025860,0,0,0,1,0,0,1,0
252446,1786553444833.034947,0,0,0,1,0,0,1,0
252447,1786553444834.043434,0,0,0,1,0,0,1,0
252448,1786553444835.051023,0,0,0,1,0,0,1,0
252449,1786553444836.058412,0,0,0,1,0,0,1,0
252450,1786553444837.079201,0,0,0,1,0,0,1,0
252451,1786553444838.076687,0,0,0,1,0,0,1,0
252452,1786553444839.083074,0,0,0,1,0,0,1,0
252453,1786553444840.089960,0,0,0,1,0,0,1,0
252454,1786553444841.099848,0,0,0,1,0,0,1,0
252455,1786553444842.107235,0,0,0,1,0,0,1,0
252456,1786553444843.117022,0,0,0,1,0,0,1,0
252457,1786553444844.126108,0,0,0,1,0,0,1,0
252458,1786553444845.147396,0,0,0,1,0,0,1,0
252459,1786553444846.147684,0,0,0,1,0,0,1,0
252460,1786553444847.156271,0,0,0,1,0,0,1,0
252461,1786553444848.162759,0,0,0,1,0,0,1,0
252462,1786553444849.175547,0,0,0,1,0,0,1,0
252463,1786553444850.181235,0,0,0,1,0,0,1,0
252464,1786553444851.190321,0,0,0,1,0,0,1,0
252465,1786553444852.200408,0,0,0,1,0,0,1,0
252466,1786553444853.219696,0,0,0,1,0,0,1,0
252467,1786553444854.221283,0,0,0,1,0,0,1,0
252468,1786553444855.228770,0,0,0,1,0,0,1,0
252469,1786553444856.235658,0,0,0,1,0,0,1,0
252470,1786553444857.243146,0,0,0,1,0,0,1,0
252471,1786553444858.249234,0,0,0,1,0,0,1,0
252472,1786553444859.257322,0,0,0,1,0,0,1,0
252473,1786553444860.266109,0,0,0,1,0,0,1,0
252474,1786553444861.295299,0,0,0,1,0,0,1,0
252475,1786553444862.295886,0,0,0,1,0,0,1,0
252476,1786553444863.295973,0,0,0,1,0,0,1,0
252477,1786553444864.306161,0,0,0,1,0,0,1,0
252478,1786553444865.322249,0,0,0,1,0,0,1,0
252479,1786553444866.325136,0,0,0,1,0,0,1,0
252480,1786553444867.333125,0,0,0,1,0,0,1,0
252481,1786553444868.338312,0,0,0,1,0,0,1,0
252482,1786553444869.521613,0,0,0,1,0,0,1,0
252483,1786553444870.370787,0,0,0,1,0,0,1,0
252484,1786553444871.377173,0,0,0,1,0,0,1,0
252485,1786553444872.379162,0,0,0,1,0,0,1,0
252486,1786553444873.382751,0,0,0,1,0,0,1,0
252487,1786553444874.392038,0,0,0,1,0,0,1,0
252488,1786553444875.398426,0,0,0,1,0,0,1,0
252489,1786553444876.408114,0,0,0,1,0,0,1,0
252490,1786553444877.424104,0,0,0,1,0,0,1,0
252491,1786553444878.428691,0,0,0,1,0,0,1,0
252492,1786553444879.433977,0,0,0,1,0,0,1,0
252493,1786553444880.443264,0,0,0,1,0,0,1,0
252494,1786553444881.452153,0,0,0,1,0,0,1,0
252495,1786553444882.459539,0,0,0,1,0,0,1,0
252496,1786553444883.480427,0,0,0,1,0,0,1,0
252497,1786553444884.480813,0,0,0,1,0,0,1,0
252498,1786553444885.487001,0,0,0,1,0,0,1,0
252499,1786553444886.520091,0,0,0,1,0,0,1,0
252500,1786553444887.498576,0,0,0,1,0,0,1,0
252501,1786553444888.506262,0,0,0,1,0,0,1,0
252502,1786553444889.519350,0,0,0,1,0,0,1,0
252503,1786553444890.542539,0,0,0,1,0,0,1,0
252504,1786553444891.534127,0,0,0,1,0,0,1,0
252505,1786553444892.544214,0,0,0,1,0,0,1,0
252506,1786553444893.549502,0,0,0,1,0,0,1,0
252507,1786553444894.562989,0,0,0,1,0,0,1,0
252508,1786553444895.570476,0,0,0,1,0,0,1,0
252509,1786553444896.577563,0,0,0,1,0,0,1,0
252510,1786553444897.584950,0,0,0,1,0,0,1,0
252511,1786553444898.594438,0,0,0,1,0,0,1,0
252512,1786553444899.992861,0,0,0,1,0,0,1,0
252513,1786553444900.837435,0,0,0,1,0,0,1,0
252514,1786553444901.840721,0,0,0,1,0,0,1,0
252515,1786553444902.841307,0,0,0,1,0,0,1,0
252516,1786553444903.854696,0,0,0,1,0,0,1,0
252517,1786553444904.863684,0,0,0,1,0,0,1,0
252518,1786553444905.862071,0,0,0,1,0,0,1,0
252519,1786553444906.876859,0,0,0,1,0,0,1,0
252520,1786553444907.879047,0,0,0,1,0,0,1,0
252521,1786553444908.886133,0,0,0,1,0,0,1,0
252522,1786553444909.921424,0,0,0,1,0,0,1,0
252523,1786553444910.925010,0,0,0,1,0,0,1,0
252524,1786553444911.933598,0,0,0,1,0,0,1,0
252525,1786553444912.939685,0,0,0,1,0,0,1,0
252526,1786553444913.946071,0,0,0,1,0,0,1,0
252527,1786553444914.947258,0,0,0,1,0,0,1,0
252528,1786553444915.954146,0,0,0,1,0,0,1,0
252529,1786553444916.969533,0,0,0,1,0,0,1,0
252530,1786553444917.980821,0,0,0,1,0,0,1,0
252531,1786553444918.991309,0,0,0,1,0,0,1,0
252532,1786553444920.009998,0,0,0,1,0,0,1,0
252533,1786553444921.024085,0,0,0,1,0,0,1,0
252534,1786553444922.028173,0,0,0,1,0,0,1,0
252535,1786553444923.024659,0,0,0,1,0,0,1,0
252536,1786553444924.032847,0,0,0,1,0,0,1,0
252537,1786553444925.063536,0,0,0,1,0,0,1,0
252538,1786553444926.072724,0,0,0,1,0,0,1,0
252539,1786553444927.067811,0,0,0,1,0,0,1,0
252540,1786553444928.072298,0,0,0,1,0,0,1,0
252541,1786553444929.081287,0,0,0,1,0,0,1,0
252542,1786553444930.104976,0,0,0,1,0,0,1,0
252543,1786553444931.138867,0,0,0,1,0,0,1,0
252544,1786553444932.164356,0,0,0,1,0,0,1,0
252545,1786553444933.170543,0,0,0,1,0,0,1,0
252546,1786553444934.196531,0,0,0,1,0,0,1,0
252547,1786553444935.202619,0,0,0,1,0,0,1,0
252548,1786553444936.226207,0,0,0,1,0,0,1,0
252549,1786553444937.255296,0,0,0,1,0,0,1,0
252550,1786553444938.264085,0,0,0,1,0,0,1,0
252551,1786553444939.284272,0,0,0,1,0,0,1,0
252552,1786553444940.305561,0,0,0,1,0,0,1,0
252553,1786553444941.337650,0,0,0,1,0,0,1,0
252554,1786553444942.341636,0,0,0,1,0,0,1,0
252555,1786553444943.364325,0,0,0,1,0,0,1,0
252556,1786553444944.387615,0,0,0,1,0,0,1,0
252557,1786553444945.382302,0,0,0,1,0,0,1,0
252558,1786553444946.364088,0,0,0,1,0,0,1,0
252559,1786553444947.366976,0,0,0,1,0,0,1,0
252560,1786553444948.371864,0,0,0,1,0,0,1,0
252561,1786553444949.378552,0,0,0,1,0,0,1,0
252562,1786553444950.392841,0,0,0,1,0,0,1,0
252563,1786553444951.400728,0,0,0,1,0,0,1,0
252564,1786553444952.405014,0,0,0,1,0,0,1,0
252565,1786553444953.412201,0,0,0,1,0,0,1,0
252566,1786553444954.420590,0,0,0,1,0,0,1,0
252567,1786553444955.428179,0,0,0,1,0,0,1,0
252568,1786553444956.436566,0,0,0,1,0,0,1,0
252569,1786553444957.445454,0,0,0,1,0,0,1,0
252570,1786553444958.453942,0,0,0,1,0,0,1,0
252571,1786553444959.482430,0,0,0,1,0,0,1,0
252572,1786553444960.486217,0,0,0,1,0,0,1,0
252573,1786553444961.639318,0,0,0,1,0,0,1,0
252574,1786553444962.627204,0,0,0,1,0,0,1,0
252575,1786553444963.655293,0,0,0,1,0,0,1,0
252576,1786553444964.646577,0,0,0,1,0,0,1,0
252577,1786553444965.655664,0,0,0,1,0,0,1,0
252578,1786553444966.657952,0,0,0,1,0,0,1,0
252579,1786553444967.669840,0,0,0,1,0,0,1,0
252580,1786553444968.675027,0,0,0,1,0,0,1,0
252581,1786553444969.683515,0,0,0,1,0,0,1,0
252582,1786553444970.691503,0,0,0,1,0,0,1,0
252583,1786553444971.698691,0,0,0,1,0,0,1,0
252584,1786553444972.706580,0,0,0,1,0,0,1,0
252585,1786553444973.715667,0,0,0,1,0,0,1,0
252586,1786553444974.722254,0,0,0,1,0,0,1,0
252587,1786553444976.474805,0,0,0,1,0,0,1,0
252588,1786553444977.456290,0,0,0,1,0,0,1,0
252589,1786553444978.463876,0,0,0,1,0,0,1,0
252590,1786553444979.480765,0,0,0,1,0,0,1,0
252591,1786553444980.480652,0,0,0,1,0,0,1,0
252592,1786553444981.488840,0,0,0,1,0,0,1,0
252593,1786553444982.499129,0,0,0,1,0,0,1,0
252594,1786553444983.512716,0,0,0,1,0,0,1,0
252595,1786553444984.520805,0,0,0,1,0,0,1,0
252596,1786553444985.529991,0,0,0,1,0,0,1,0
252597,1786553444986.563980,0,0,0,1,0,0,1,0
252598,1786553444987.569766,0,0,0,1,0,0,1,0
252599,1786553444988.576153,0,0,0,1,0,0,1,0
252600,1786553444990.019178,0,0,0,1,0,0,1,0
252601,1786553444990.947360,0,0,0,1,0,0,1,0
252602,1786553444991.934745,0,0,0,1,0,0,1,0
252603,1786553444992.941033,0,0,0,1,0,0,1,0
252604,1786553444994.129936,0,0,0,1,0,0,1,0
252605,1786553444994.973107,0,0,0,1,0,0,1,0
252606,1786553444995.965793,0,0,0,1,0,0,1,0
252607,1786553444996.971880,0,0,0,1,0,0,1,0
252608,1786553444997.984167,0,0,0,1,0,0,1,0
252609,1786553444998.986854,0,0,0,1,0,0,1,0
252610,1786553444999.993442,0,0,0,1,0,0,1,0
252611,1786553445001.001530,0,0,0,1,0,0,1,0
252612,1786553445002.010117,0,0,0,1,0,0,1,0
252613,1786553445003.017406,0,0,0,1,0,0,1,0
252614,1786553445004.029393,0,0,0,1,0,0,1,0
252615,1786553445005.038781,0,0,0,1,0,0,1,0
252616,1786553445006.064870,0,0,0,1,0,0,1,0
252617,1786553445007.091560,0,0,0,1,0,0,1,0
252618,1786553445008.071145,0,0,0,1,0,0,1,0
252619,1786553445009.082034,0,0,0,1,0,0,1,0
252620,1786553445010.090222,0,0,0,1,0,0,1,0
252621,1786553445011.095009,0,0,0,1,0,0,1,0
252622,1786553445012.103996,0,0,0,1,0,0,1,0
252623,1786553445013.108784,0,0,0,1,0,0,1,0
252624,1786553445014.119472,0,0,0,1,0,0,1,0
252625,1786553445015.121461,0,0,0,1,0,0,1,0
252626,1786553445016.129748,0,0,0,1,0,0,1,0
252627,1786553445017.138935,0,0,0,1,0,0,1,0
252628,1786553445018.146723,0,0,0,1,0,0,1,0
252629,1786553445019.169513,0,0,0,1,0,0,1,0
252630,1786553445020.170101,0,0,0,1,0,0,1,0
252631,1786553445021.170289,0,0,0,1,0,0,1,0
252632,1786553445022.180676,0,0,0,1,0,0,1,0
252633,1786553445023.205665,0,0,0,1,0,0,1,0
252634,1786553445024.205352,0,0,0,1,0,0,1,0
252635,1786553445025.205739,0,0,0,1,0,0,1,0
252636,1786553445026.239027,0,0,0,1,0,0,1,0
252637,1786553445027.232813,0,0,0,1,0,0,1,0
252638,1786553445028.237100,0,0,0,1,0,0,1,0
252639,1786553445029.243388,0,0,0,1,0,0,1,0
252640,1786553445030.251677,0,0,0,1,0,0,1,0
252641,1786553445031.258364,0,0,0,1,0,0,1,0
252642,1786553445032.265252,0,0,0,1,0,0,1,0
252643,1786553445033.274640,0,0,0,1,0,0,1,0
252644,1786553445034.293727,0,0,0,1,0,0,1,0
252645,1786553445035.350019,0,0,0,1,0,0,1,0
252646,1786553445036.327004,0,0,0,1,0,0,1,0
252647,1786553445037.323390,0,0,0,1,0,0,1,0
252648,1786553445038.323777,0,0,0,1,0,0,1,0
252649,1786553445039.339666,0,0,0,1,0,0,1,0
252650,1786553445040.346753,0,0,0,1,0,0,1,0
252651,1786553445041.352040,0,0,0,1,0,0,1,0
252652,1786553445042.381530,0,0,0,1,0,0,1,0
252653,1786553445043.386317,0,0,0,1,0,0,1,0
252654,1786553445044.393905,0,0,0,1,0,0,1,0
252655,1786553445045.397291,0,0,0,1,0,0,1,0
252656,1786553445046.403778,0,0,0,1,0,0,1,0
252657,1786553445047.411666,0,0,0,1,0,0,1,0
252658,1786553445048.419953,0,0,0,1,0,0,1,0
252659,1786553445049.434442,0,0,0,1,0,0,1,0
252660,1786553445050.448829,0,0,0,1,0,0,1,0
252661,1786553445051.447715,0,0,0,1,0,0,1,0
252662,1786553445052.456204,0,0,0,1,0,0,1,0
252663,1786553445053.463493,0,0,0,1,0,0,1,0
252664,1786553445054.470981,0,0,0,1,0,0,1,0
252665,1786553445055.515873,0,0,0,1,0,0,1,0
252666,1786553445056.532361,0,0,0,1,0,0,1,0
252667,1786553445057.536648,0,0,0,1,0,0,1,0
252668,1786553445058.536635,0,0,0,1,0,0,1,0
252669,1786553445059.538522,0,0,0,1,0,0,1,0
252670,1786553445060.544611,0,0,0,1,0,0,1,0
252671,1786553445061.552598,0,0,0,1,0,0,1,0
252672,1786553445062.563186,0,0,0,1,0,0,1,0
252673,1786553445063.570873,0,0,0,1,0,0,1,0
252674,1786553445064.596162,0,0,0,1,0,0,1,0
252675,1786553445065.730461,0,0,0,1,0,0,1,0
252676,1786553445066.629641,0,0,0,1,0,0,1,0
252677,1786553445067.616726,0,0,0,1,0,0,1,0
252678,1786553445068.622515,0,0,0,1,0,0,1,0
252679,1786553445069.624602,0,0,0,1,0,0,1,0
252680,1786553445070.643192,0,0,0,1,0,0,1,0
252681,1786553445071.686983,0,0,0,1,0,0,1,0
252682,1786553445072.685970,0,0,0,1,0,0,1,0
252683,1786553445073.675756,0,0,0,1,0,0,1,0
252684,1786553445074.686044,0,0,0,1,0,0,1,0
252685,1786553445075.685530,0,0,0,1,0,0,1,0
252686,1786553445076.701118,0,0,0,1,0,0,1,0
252687,1786553445077.702606,0,0,0,1,0,0,1,0
252688,1786553445078.725994,0,0,0,1,0,0,1,0
252689,1786553445079.727181,0,0,0,1,0,0,1,0
252690,1786553445080.734368,0,0,0,1,0,0,1,0
252691,1786553445081.742557,0,0,0,1,0,0,1,0
252692,1786553445082.748944,0,0,0,1,0,0,1,0
252693,1786553445083.756532,0,0,0,1,0,0,1,0
252694,1786553445084.763718,0,0,0,1,0,0,1,0
252695,1786553445085.774904,0,0,0,1,0,0,1,0
252696,1786553445086.783092,0,0,0,1,0,0,1,0
252697,1786553445087.837985,0,0,0,1,0,0,1,0
252698,1786553445088.841172,0,0,0,1,0,0,1,0
252699,1786553445089.831956,0,0,0,1,0,0,1,0
252700,1786553445090.880347,0,0,0,1,0,0,1,0
252701,1786553445091.857333,0,0,0,1,0,0,1,0
252702,1786553445092.861320,0,0,0,1,0,0,1,0
252703,1786553445094.447859,0,0,0,1,0,0,1,0
252704,1786553445094.898899,0,0,0,1,0,0,1,0
252705,1786553445095.887286,0,0,0,1,0,0,1,0
252706,1786553445096.911174,0,0,0,1,0,0,1,0
252707,1786553445097.905360,0,0,0,1,0,0,1,0
252708,1786553445098.913947,0,0,0,1,0,0,1,0
252709,1786553445099.917635,0,0,0,1,0,0,1,0
252710,1786553445100.926021,0,0,0,1,0,0,1,0
252711,1786553445101.931908,0,0,0,1,0,0,1,0
252712,1786553445102.940496,0,0,0,1,0,0,1,0
252713,1786553445103.976685,0,0,0,1,0,0,1,0
252714,1786553445105.069781,0,0,0,1,0,0,1,0
252715,1786553445106.069469,0,0,0,1,0,0,1,0
252716,1786553445107.077058,0,0,0,1,0,0,1,0
252717,1786553445108.083444,0,0,0,1,0,0,1,0
252718,1786553445109.124736,0,0,0,1,0,0,1,0
252719,1786553445110.123523,0,0,0,1,0,0,1,0
252720,1786553445111.122510,0,0,0,1,0,0,1,0
252721,1786553445112.128298,0,0,0,1,0,0,1,0
252722,1786553445113.136786,0,0,0,1,0,0,1,0
252723,1786553445114.150374,0,0,0,1,0,0,1,0
252724,1786553445115.157463,0,0,0,1,0,0,1,0
252725,1786553445116.170652,0,0,0,1,0,0,1,0
252726,1786553445117.178039,0,0,0,1,0,0,1,0
252727,1786553445118.185928,0,0,0,1,0,0,1,0
252728,1786553445119.195615,0,0,0,1,0,0,1,0
252729,1786553445120.230505,0,0,0,1,0,0,1,0
252730,1786553445121.274794,0,0,0,1,0,0,1,0
252731,1786553445122.251680,0,0,0,1,0,0,1,0
252732,1786553445123.253166,0,0,0,1,0,0,1,0
252733,1786553445124.502477,0,0,0,1,0,0,1,0
252734,1786553445125.510963,0,0,0,1,0,0,1,0
252735,1786553445126.504149,0,0,0,1,0,0,1,0
252736,1786553445127.512838,0,0,0,1,0,0,1,0
252737,1786553445128.514324,0,0,0,1,0,0,1,0
252738,1786553445129.518411,0,0,0,1,0,0,1,0
252739,1786553445130.523699,0,0,0,1,0,0,1,0
252740,1786553445131.528086,0,0,0,1,0,0,1,0
252741,1786553445132.535271,0,0,0,1,0,0,1,0
252742,1786553445133.544558,0,0,0,1,0,0,1,0
252743,1786553445134.550846,0,0,0,1,0,0,1,0
252744,1786553445135.613837,0,0,0,1,0,0,1,0
252745,1786553445136.628225,0,0,0,1,0,0,1,0
252746,1786553445137.604709,0,0,0,1,0,0,1,0
252747,1786553445138.639299,0,0,0,1,0,0,1,0
252748,1786553445139.637586,0,0,0,1,0,0,1,0
252749,1786553445140.631972,0,0,0,1,0,0,1,0
252750,1786553445141.639959,0,0,0,1,0,0,1,0
252751,1786553445142.644545,0,0,0,1,0,0,1,0
252752,1786553445143.651733,0,0,0,1,0,0,1,0
252753,1786553445144.662420,0,0,0,1,0,0,1,0
252754,1786553445145.670710,0,0,0,1,0,0,1,0
252755,1786553445146.679596,0,0,0,1,0,0,1,0
252756,1786553445147.689385,0,0,0,1,0,0,1,0
252757,1786553445148.701073,0,0,0,1,0,0,1,0
252758,1786553445149.707459,0,0,0,1,0,0,1,0
252759,1786553445150.748150,0,0,0,1,0,0,1,0
252760,1786553445151.751036,0,0,0,1,0,0,1,0
252761,1786553445152.794227,0,0,0,1,0,0,1,0
252762,1786553445153.763112,0,0,0,1,0,0,1,0
252763,1786553445154.788302,0,0,0,1,0,0,1,0
252764,1786553445155.781889,0,0,0,1,0,0,1,0
252765,1786553445156.793978,0,0,0,1,0,0,1,0
252766,1786553445157.799366,0,0,0,1,0,0,1,0
252767,1786553445158.823553,0,0,0,1,0,0,1,0
252768,1786553445159.835341,0,0,0,1,0,0,1,0
252769,1786553445160.837528,0,0,0,1,0,0,1,0
252770,1786553445161.845716,0,0,0,1,0,0,1,0
252771,1786553445162.855304,0,0,0,1,0,0,1,0
252772,1786553445163.864392,0,0,0,1,0,0,1,0
252773,1786553445164.882980,0,0,0,1,0,0,1,0
252774,1786553445165.881166,0,0,0,1,0,0,1,0
252775,1786553445166.891353,0,0,0,1,0,0,1,0
252776,1786553445168.333780,0,0,0,1,0,0,1,0
252777,1786553445169.329766,0,0,0,1,0,0,1,0
252778,1786553445170.319153,0,0,0,1,0,0,1,0
252779,1786553445171.311841,0,0,0,1,0,0,1,0
252780,1786553445172.318329,0,0,0,1,0,0,1,0
252781,1786553445173.323115,0,0,0,1,0,0,1,0
252782,1786553445174.335103,0,0,0,1,0,0,1,0
252783,1786553445175.336689,0,0,0,1,0,0,1,0
252784,1786553445176.347979,0,0,0,1,0,0,1,0
252785,1786553445177.355766,0,0,0,1,0,0,1,0
252786,1786553445178.391755,0,0,0,1,0,0,1,0
252787,1786553445179.377141,0,0,0,1,0,0,1,0
252788,1786553445180.385829,0,0,0,1,0,0,1,0
252789,1786553445181.395918,0,0,0,1,0,0,1,0
252790,1786553445182.434207,0,0,0,1,0,0,1,0
252791,1786553445183.466398,0,0,0,1,0,0,1,0
252792,1786553445184.507788,0,0,0,1,0,0,1,0
252793,1786553445185.501573,0,0,0,1,0,0,1,0
252794,1786553445186.586267,0,0,0,1,0,0,1,0
252795,1786553445187.525749,0,0,0,1,0,0,1,0
252796,1786553445188.525335,0,0,0,1,0,0,1,0
252797,1786553445189.530923,0,0,0,1,0,0,1,0
252798,1786553445190.566613,0,0,0,1,0,0,1,0
252799,1786553445191.546798,0,0,0,1,0,0,1,0
252800,1786553445192.562985,0,0,0,1,0,0,1,0
252801,1786553445193.569073,0,0,0,1,0,0,1,0
252802,1786553445194.584162,0,0,0,1,0,0,1,0
252803,1786553445195.602851,0,0,0,1,0,0,1,0
252804,1786553445196.597336,0,0,0,1,0,0,1,0
252805,1786553445197.611626,0,0,0,1,0,0,1,0
252806,1786553445198.671514,0,0,0,1,0,0,1,0
252807,1786553445199.705804,0,0,0,1,0,0,1,0
252808,1786553445200.684288,0,0,0,1,0,0,1,0
252809,1786553445201.684775,0,0,0,1,0,0,1,0
252810,1786553445202.681061,0,0,0,1,0,0,1,0
252811,1786553445203.726051,0,0,0,1,0,0,1,0
252812,1786553445204.700035,0,0,0,1,0,0,1,0
252813,1786553445205.704621,0,0,0,1,0,0,1,0
252814,1786553445206.710508,0,0,0,1,0,0,1,0
252815,1786553445207.719796,0,0,0,1,0,0,1,0
252816,1786553445208.725683,0,0,0,1,0,0,1,0
252817,1786553445209.732971,0,0,0,1,0,0,1,0
252818,1786553445210.742959,0,0,0,1,0,0,1,0
252819,1786553445211.755548,0,0,0,1,0,0,1,0
252820,1786553445212.763136,0,0,0,1,0,0,1,0
252821,1786553445213.782126,0,0,0,1,0,0,1,0
252822,1786553445214.793113,0,0,0,1,0,0,1,0
252823,1786553445215.795099,0,0,0,1,0,0,1,0
252824,1786553445216.831888,0,0,0,1,0,0,1,0
252825,1786553445217.822272,0,0,0,1,0,0,1,0
252826,1786553445218.856362,0,0,0,1,0,0,1,0
252827,1786553445219.852848,0,0,0,1,0,0,1,0
252828,1786553445220.845435,0,0,0,1,0,0,1,0
252829,1786553445221.849320,0,0,0,1,0,0,1,0
252830,1786553445222.859907,0,0,0,1,0,0,1,0
252831,1786553445223.867794,0,0,0,1,0,0,1,0
252832,1786553445224.884881,0,0,0,1,0,0,1,0
252833,1786553445225.885566,0,0,0,1,0,0,1,0
252834,1786553445226.888754,0,0,0,1,0,0,1,0
252835,1786553445227.901642,0,0,0,1,0,0,1,0
252836,1786553445228.919431,0,0,0,1,0,0,1,0
252837,1786553445229.941719,0,0,0,1,0,0,1,0
252838,1786553445230.933705,0,0,0,1,0,0,1,0
252839,1786553445231.957894,0,0,0,1,0,0,1,0
252840,1786553445232.960881,0,0,0,1,0,0,1,0
252841,1786553445233.966568,0,0,0,1,0,0,1,0
252842,1786553445234.981955,0,0,0,1,0,0,1,0
252843,1786553445235.979341,0,0,0,1,0,0,1,0
252844,1786553445236.984328,0,0,0,1,0,0,1,0
252845,1786553445237.998718,0,0,0,1,0,0,1,0
252846,1786553445239.009105,0,0,0,1,0,0,1,0
252847,1786553445240.019793,0,0,0,1,0,0,1,0
252848,1786553445241.030882,0,0,0,1,0,0,1,0
252849,1786553445242.040368,0,0,0,1,0,0,1,0
252850,1786553445243.049756,0,0,0,1,0,0,1,0
252851,1786553445244.068643,0,0,0,1,0,0,1,0
252852,1786553445245.075831,0,0,0,1,0,0,1,0
252853,1786553445246.085719,0,0,0,1,0,0,1,0
252854,1786553445247.091806,0,0,0,1,0,0,1,0
252855,1786553445248.101993,0,0,0,1,0,0,1,0
252856,1786553445249.128083,0,0,0,1,0,0,1,0
252857,1786553445250.128370,0,0,0,1,0,0,1,0
252858,1786553445251.134057,0,0,0,1,0,0,1,0
252859,1786553445252.144044,0,0,0,1,0,0,1,0
252860,1786553445253.150531,0,0,0,1,0,0,1,0
252861,1786553445254.164719,0,0,0,1,0,0,1,0
252862,1786553445255.170905,0,0,0,1,0,0,1,0
252863,1786553445256.183293,0,0,0,1,0,0,1,0
252864,1786553445257.188981,0,0,0,1,0,0,1,0
252865,1786553445258.198769,0,0,0,1,0,0,1,0
252866,1786553445259.206456,0,0,0,1,0,0,1,0
252867,1786553445260.447265,0,0,0,1,0,0,1,0
252868,1786553445261.413948,0,0,0,1,0,0,1,0
252869,1786553445262.412834,0,0,0,1,0,0,1,0
252870,1786553445263.417821,0,0,0,1,0,0,1,0
252871,1786553445264.440211,0,0,0,1,0,0,1,0
252872,1786553445265.438198,0,0,0,1,0,0,1,0
252873,1786553445266.445586,0,0,0,1,0,0,1,0
252874,1786553445267.464473,0,0,0,1,0,0,1,0
252875,1786553445268.459461,0,0,0,1,0,0,1,0
252876,1786553445269.460748,0,0,0,1,0,0,1,0
252877,1786553445270.468437,0,0,0,1,0,0,1,0
252878,1786553445271.472624,0,0,0,1,0,0,1,0
252879,1786553445272.483813,0,0,0,1,0,0,1,0
252880,1786553445273.487300,0,0,0,1,0,0,1,0
252881,1786553445274.496690,0,0,0,1,0,0,1,0
252882,1786553445275.524878,0,0,0,1,0,0,1,0
252883,1786553445276.522365,0,0,0,1,0,0,1,0
252884,1786553445277.524650,0,0,0,1,0,0,1,0
252885,1786553445278.530738,0,0,0,1,0,0,1,0
252886,1786553445279.537425,0,0,0,1,0,0,1,0
252887,1786553445280.544714,0,0,0,1,0,0,1,0
252888,1786553445281.612807,0,0,0,1,0,0,1,0
252889,1786553445282.619694,0,0,0,1,0,0,1,0
252890,1786553445283.623679,0,0,0,1,0,0,1,0
252891,1786553445284.638967,0,0,0,1,0,0,1,0
252892,1786553445285.672157,0,0,0,1,0,0,1,0
252893,1786553445286.669744,0,0,0,1,0,0,1,0
252894,1786553445287.687432,0,0,0,1,0,0,1,0
252895,1786553445288.696619,0,0,0,1,0,0,1,0
252896,1786553445289.721610,0,0,0,1,0,0,1,0
252897,1786553445291.036225,0,0,0,1,0,0,1,0
252898,1786553445292.095221,0,0,0,1,0,0,1,0
252899,1786553445293.101908,0,0,0,1,0,0,1,0
252900,1786553445294.240407,0,0,0,1,0,0,1,0
252901,1786553445295.256396,0,0,0,1,0,0,1,0
252902,1786553445296.288986,0,0,0,1,0,0,1,0
252903,1786553445297.289972,0,0,0,1,0,0,1,0
252904,1786553445298.313062,0,0,0,1,0,0,1,0
252905,1786553445299.320250,0,0,0,1,0,0,1,0
252906,1786553445300.357041,0,0,0,1,0,0,1,0
252907,1786553445301.380531,0,0,0,1,0,0,1,0
252908,1786553445302.356216,0,0,0,1,0,0,1,0
252909,1786553445303.358704,0,0,0,1,0,0,1,0
252910,1786553445304.371092,0,0,0,1,0,0,1,0
252911,1786553445305.455888,0,0,0,1,0,0,1,0
252912,1786553445306.412970,0,0,0,1,0,0,1,0
252913,1786553445307.407256,0,0,0,1,0,0,1,0
252914,1786553445308.419643,0,0,0,1,0,0,1,0
252915,1786553445309.426030,0,0,0,1,0,0,1,0
252916,1786553445310.432217,0,0,0,1,0,0,1,0
252917,1786553445311.441107,0,0,0,1,0,0,1,0
252918,1786553445312.470196,0,0,0,1,0,0,1,0
252919,1786553445313.466982,0,0,0,1,0,0,1,0
252920,1786553445314.464669,0,0,0,1,0,0,1,0
252921,1786553445315.470757,0,0,0,1,0,0,1,0
252922,1786553445316.475844,0,0,0,1,0,0,1,0
252923,1786553445317.483530,0,0,0,1,0,0,1,0
252924,1786553445318.490719,0,0,0,1,0,0,1,0
252925,1786553445319.496806,0,0,0,1,0,0,1,0
252926,1786553445320.521495,0,0,0,1,0,0,1,0
252927,1786553445321.511681,0,0,0,1,0,0,1,0
252928,1786553445322.519169,0,0,0,1,0,0,1,0
252929,1786553445323.521655,0,0,0,1,0,0,1,0
252930,1786553445324.527344,0,0,0,1,0,0,1,0
252931,1786553445325.538530,0,0,0,1,0,0,1,0
252932,1786553445326.541617,0,0,0,1,0,0,1,0
252933,1786553445327.552106,0,0,0,1,0,0,1,0
252934,1786553445328.561094,0,0,0,1,0,0,1,0
252935,1786553445329.582181,0,0,0,1,0,0,1,0
252936,1786553445330.578967,0,0,0,1,0,0,1,0
252937,1786553445331.604556,0,0,0,1,0,0,1,0
252938,1786553445332.607741,0,0,0,1,0,0,1,0
252939,1786553445333.615529,0,0,0,1,0,0,1,0
252940,1786553445334.618617,0,0,0,1,0,0,1,0
252941,1786553445335.643705,0,0,0,1,0,0,1,0
252942,1786553445336.641193,0,0,0,1,0,0,1,0
252943,1786553445337.655581,0,0,0,1,0,0,1,0
252944,1786553445338.656868,0,0,0,1,0,0,1,0
252945,1786553445339.669855,0,0,0,1,0,0,1,0
252946,1786553445340.677842,0,0,0,1,0,0,1,0
252947,1786553445341.682529,0,0,0,1,0,0,1,0
252948,1786553445342.699818,0,0,0,1,0,0,1,0
252949,1786553445343.704104,0,0,0,1,0,0,1,0
252950,1786553445344.709691,0,0,0,1,0,0,1,0
252951,1786553445345.731179,0,0,0,1,0,0,1,0
252952,1786553445346.731865,0,0,0,1,0,0,1,0
252953,1786553445347.737052,0,0,0,1,0,0,1,0
252954,1786553445348.745641,0,0,0,1,0,0,1,0
252955,1786553445349.753627,0,0,0,1,0,0,1,0
252956,1786553445350.796418,0,0,0,1,0,0,1,0
252957,1786553445351.872709,0,0,0,1,0,0,1,0
252958,1786553445352.795088,0,0,0,1,0,0,1,0
252959,1786553445353.793475,0,0,0,1,0,0,1,0
252960,1786553445354.822864,0,0,0,1,0,0,1,0
252961,1786553445355.827551,0,0,0,1,0,0,1,0
252962,1786553445356.828738,0,0,0,1,0,0,1,0
252963,1786553445357.835826,0,0,0,1,0,0,1,0
252964,1786553445358.842515,0,0,0,1,0,0,1,0
252965,1786553445359.851304,0,0,0,1,0,0,1,0
252966,1786553445360.885093,0,0,0,1,0,0,1,0
252967,1786553445361.873280,0,0,0,1,0,0,1,0
252968,1786553445362.880567,0,0,0,1,0,0,1,0
252969,1786553445363.909458,0,0,0,1,0,0,1,0
252970,1786553445364.933147,0,0,0,1,0,0,1,0
252971,1786553445365.926234,0,0,0,1,0,0,1,0
252972,1786553445366.925922,0,0,0,1,0,0,1,0
252973,1786553445367.932909,0,0,0,1,0,0,1,0
252974,1786553445368.944697,0,0,0,1,0,0,1,0
252975,1786553445369.948085,0,0,0,1,0,0,1,0
252976,1786553445370.954773,0,0,0,1,0,0,1,0
252977,1786553445371.965660,0,0,0,1,0,0,1,0
252978,1786553445372.971346,0,0,0,1,0,0,1,0
252979,1786553445373.979433,0,0,0,1,0,0,1,0
252980,1786553445374.986820,0,0,0,1,0,0,1,0
252981,1786553445375.994206,0,0,0,1,0,0,1,0
252982,1786553445377.015594,0,0,0,1,0,0,1,0
252983,1786553445378.018981,0,0,0,1,0,0,1,0
252984,1786553445379.023768,0,0,0,1,0,0,1,0
252985,1786553445380.031555,0,0,0,1,0,0,1,0
252986,1786553445381.318265,0,0,0,1,0,0,1,0
252987,1786553445382.309051,0,0,0,1,0,0,1,0
252988,1786553445383.326638,0,0,0,1,0,0,1,0
252989,1786553445384.324726,0,0,0,1,0,0,1,0
252990,1786553445385.329514,0,0,0,1,0,0,1,0
252991,1786553445386.336303,0,0,0,1,0,0,1,0
252992,1786553445387.345292,0,0,0,1,0,0,1,0
252993,1786553445388.351081,0,0,0,1,0,0,1,0
252994,1786553445389.362469,0,0,0,1,0,0,1,0
252995,1786553445390.367456,0,0,0,1,0,0,1,0
252996,1786553445391.378145,0,0,0,1,0,0,1,0
252997,1786553445392.383132,0,0,0,1,0,0,1,0
252998,1786553445393.408622,0,0,0,1,0,0,1,0
252999,1786553445394.413010,0,0,0,1,0,0,1,0
253000,1786553445395.450101,0,0,0,1,0,0,1,0
253001,1786553445396.450786,0,0,0,1,0,0,1,0
253002,1786553445397.450374,0,0,0,1,0,0,1,0
253003,1786553445398.454061,0,0,0,1,0,0,1,0
253004,1786553445399.467548,0,0,0,1,0,0,1,0
253005,1786553445400.476936,0,0,0,1,0,0,1,0
253006,1786553445401.485924,0,0,0,1,0,0,1,0
253007,1786553445402.493112,0,0,0,1,0,0,1,0
253008,1786553445403.502499,0,0,0,1,0,0,1,0
253009,1786553445404.510386,0,0,0,1,0,0,1,0
253010,1786553445405.520474,0,0,0,1,0,0,1,0
253011,1786553445406.528661,0,0,0,1,0,0,1,0
253012,1786553445407.537450,0,0,0,1,0,0,1,0
253013,1786553445408.553038,0,0,0,1,0,0,1,0
253014,1786553445409.559926,0,0,0,1,0,0,1,0
253015,1786553445410.632418,0,0,0,1,0,0,1,0
253016,1786553445411.713410,0,0,0,1,0,0,1,0
253017,1786553445412.607888,0,0,0,1,0,0,1,0
253018,1786553445413.611976,0,0,0,1,0,0,1,0
253019,1786553445414.624264,0,0,0,1,0,0,1,0
253020,1786553445415.626950,0,0,0,1,0,0,1,0
253021,1786553445416.651039,0,0,0,1,0,0,1,0
253022,1786553445417.648326,0,0,0,1,0,0,1,0
253023,1786553445418.653314,0,0,0,1,0,0,1,0
253024,1786553445419.659101,0,0,0,1,0,0,1,0
253025,1786553445420.668890,0,0,0,1,0,0,1,0
253026,1786553445421.673278,0,0,0,1,0,0,1,0
253027,1786553445422.679266,0,0,0,1,0,0,1,0
253028,1786553445423.683152,0,0,0,1,0,0,1,0
253029,1786553445424.689538,0,0,0,1,0,0,1,0
253030,1786553445425.698626,0,0,0,1,0,0,1,0
253031,1786553445426.734316,0,0,0,1,0,0,1,0
253032,1786553445427.726803,0,0,0,1,0,0,1,0
253033,1786553445428.728990,0,0,0,1,0,0,1,0
253034,1786553445429.741077,0,0,0,1,0,0,1,0
253035,1786553445430.745165,0,0,0,1,0,0,1,0
253036,1786553445431.752751,0,0,0,1,0,0,1,0
253037,1786553445432.760039,0,0,0,1,0,0,1,0
253038,1786553445433.771226,0,0,0,1,0,0,1,0
253039,1786553445434.789814,0,0,0,1,0,0,1,0
253040,1786553445435.788200,0,0,0,1,0,0,1,0
253041,1786553445436.795587,0,0,0,1,0,0,1,0
253042,1786553445437.803474,0,0,0,1,0,0,1,0
253043,1786553445438.822163,0,0,0,1,0,0,1,0
253044,1786553445439.827550,0,0,0,1,0,0,1,0
253045,1786553445440.836038,0,0,0,1,0,0,1,0
253046,1786553445442.001240,0,0,0,1,0,0,1,0
253047,1786553445442.993727,0,0,0,1,0,0,1,0
253048,1786553445443.996813,0,0,0,1,0,0,1,0
253049,1786553445445.008700,0,0,0,1,0,0,1,0
253050,1786553445446.012987,0,0,0,1,0,0,1,0
253051,1786553445447.020274,0,0,0,1,0,0,1,0
253052,1786553445448.027562,0,0,0,1,0,0,1,0
253053,1786553445449.036348,0,0,0,1,0,0,1,0
253054,1786553445450.051336,0,0,0,1,0,0,1,0
253055,1786553445451.054421,0,0,0,1,0,0,1,0
253056,1786553445452.062008,0,0,0,1,0,0,1,0
253057,1786553445453.068495,0,0,0,1,0,0,1,0
253058,1786553445454.077382,0,0,0,1,0,0,1,0
253059,1786553445455.084972,0,0,0,1,0,0,1,0
253060,1786553445456.098659,0,0,0,1,0,0,1,0
253061,1786553445457.102847,0,0,0,1,0,0,1,0
253062,1786553445458.120336,0,0,0,1,0,0,1,0
253063,1786553445459.122825,0,0,0,1,0,0,1,0
253064,1786553445460.129112,0,0,0,1,0,0,1,0
253065,1786553445461.136600,0,0,0,1,0,0,1,0
253066,1786553445462.146588,0,0,0,1,0,0,1,0
253067,1786553445463.154476,0,0,0,1,0,0,1,0
253068,1786553445464.164463,0,0,0,1,0,0,1,0
253069,1786553445465.173049,0,0,0,1,0,0,1,0
253070,1786553445466.193238,0,0,0,1,0,0,1,0
253071,1786553445467.189125,0,0,0,1,0,0,1,0
253072,1786553445468.196811,0,0,0,1,0,0,1,0
253073,1786553445469.205298,0,0,0,1,0,0,1,0
253074,1786553445470.214386,0,0,0,1,0,0,1,0
253075,1786553445471.599206,0,0,0,1,0,0,1,0
253076,1786553445472.240763,0,0,0,1,0,0,1,0
253077,1786553445473.249651,0,0,0,1,0,0,1,0
253078,1786553445474.254538,0,0,0,1,0,0,1,0
253079,1786553445475.319331,0,0,0,1,0,0,1,0
253080,1786553445476.322318,0,0,0,1,0,0,1,0
253081,1786553445477.295502,0,0,0,1,0,0,1,0
253082,1786553445478.301590,0,0,0,1,0,0,1,0
253083,1786553445479.309578,0,0,0,1,0,0,1,0
253084,1786553445480.318366,0,0,0,1,0,0,1,0
253085,1786553445481.327753,0,0,0,1,0,0,1,0
253086,1786553445482.337241,0,0,0,1,0,0,1,0
253087,1786553445483.347329,0,0,0,1,0,0,1,0
253088,1786553445484.358016,0,0,0,1,0,0,1,0
253089,1786553445485.366404,0,0,0,1,0,0,1,0
253090,1786553445486.415596,0,0,0,1,0,0,1,0
253091,1786553445487.390280,0,0,0,1,0,0,1,0
253092,1786553445488.396968,0,0,0,1,0,0,1,0
253093,1786553445489.404656,0,0,0,1,0,0,1,0
253094,1786553445490.435146,0,0,0,1,0,0,1,0
253095,1786553445491.442634,0,0,0,1,0,0,1,0
253096,1786553445492.455321,0,0,0,1,0,0,1,0
253097,1786553445493.453308,0,0,0,1,0,0,1,0
253098,1786553445494.461296,0,0,0,1,0,0,1,0
253099,1786553445495.472184,0,0,0,1,0,0,1,0
253100,1786553445496.476171,0,0,0,1,0,0,1,0
253101,1786553445497.487059,0,0,0,1,0,0,1,0
253102,1786553445498.493145,0,0,0,1,0,0,1,0
253103,1786553445499.504931,0,0,0,1,0,0,1,0
253104,1786553445500.511619,0,0,0,1,0,0,1,0
253105,1786553445501.529407,0,0,0,1,0,0,1,0
253106,1786553445502.579899,0,0,0,1,0,0,1,0
253107,1786553445503.573885,0,0,0,1,0,0,1,0
253108,1786553445504.578972,0,0,0,1,0,0,1,0
253109,1786553445505.579260,0,0,0,1,0,0,1,0
253110,1786553445506.585247,0,0,0,1,0,0,1,0
253111,1786553445507.600335,0,0,0,1,0,0,1,0
253112,1786553445508.599622,0,0,0,1,0,0,1,0
253113,1786553445509.604109,0,0,0,1,0,0,1,0
253114,1786553445510.608695,0,0,0,1,0,0,1,0
253115,1786553445511.614381,0,0,0,1,0,0,1,0
253116,1786553445512.622869,0,0,0,1,0,0,1,0
253117,1786553445513.632057,0,0,0,1,0,0,1,0
253118,1786553445514.638544,0,0,0,1,0,0,1,0
253119,1786553445515.647532,0,0,0,1,0,0,1,0
253120,1786553445516.655019,0,0,0,1,0,0,1,0
253121,1786553445517.683008,0,0,0,1,0,0,1,0
253122,1786553445518.722099,0,0,0,1,0,0,1,0
253123,1786553445519.729387,0,0,0,1,0,0,1,0
253124,1786553445520.738776,0,0,0,1,0,0,1,0
253125,1786553445521.709060,0,0,0,1,0,0,1,0
253126,1786553445522.717148,0,0,0,1,0,0,1,0
253127,1786553445523.741337,0,0,0,1,0,0,1,0
253128,1786553445524.748626,0,0,0,1,0,0,1,0
253129,1786553445525.795016,0,0,0,1,0,0,1,0
253130,1786553445526.801205,0,0,0,1,0,0,1,0
253131,1786553445527.793691,0,0,0,1,0,0,1,0
253132,1786553445528.795478,0,0,0,1,0,0,1,0
253133,1786553445529.803965,0,0,0,1,0,0,1,0
253134,1786553445530.827254,0,0,0,1,0,0,1,0
253135,1786553445531.830341,0,0,0,1,0,0,1,0
253136,1786553445532.858832,0,0,0,1,0,0,1,0
253137,1786553445533.857417,0,0,0,1,0,0,1,0
253138,1786553445534.870805,0,0,0,1,0,0,1,0
253139,1786553445535.865992,0,0,0,1,0,0,1,0
253140,1786553445536.873580,0,0,0,1,0,0,1,0
253141,1786553445537.881168,0,0,0,1,0,0,1,0
253142,1786553445538.888354,0,0,0,1,0,0,1,0
253143,1786553445539.895342,0,0,0,1,0,0,1,0
253144,1786553445540.902929,0,0,0,1,0,0,1,0
253145,1786553445541.910618,0,0,0,1,0,0,1,0
253146,1786553445542.917005,0,0,0,1,0,0,1,0
253147,1786553445543.922792,0,0,0,1,0,0,1,0
253148,1786553445544.938780,0,0,0,1,0,0,1,0
253149,1786553445545.946369,0,0,0,1,0,0,1,0
253150,1786553445546.956957,0,0,0,1,0,0,1,0
253151,1786553445548.012049,0,0,0,1,0,0,1,0
253152,1786553445548.986432,0,0,0,1,0,0,1,0
253153,1786553445549.991721,0,0,0,1,0,0,1,0
253154,1786553445551.000207,0,0,0,1,0,0,1,0
253155,1786553445552.009496,0,0,0,1,0,0,1,0
253156,1786553445553.019283,0,0,0,1,0,0,1,0
253157,1786553445554.028672,0,0,0,1,0,0,1,0
253158,1786553445555.037860,0,0,0,1,0,0,1,0
253159,1786553445556.047648,0,0,0,1,0,0,1,0
253160,1786553445557.069136,0,0,0,1,0,0,1,0
253161,1786553445558.068521,0,0,0,1,0,0,1,0
253162,1786553445559.075610,0,0,0,1,0,0,1,0
253163,1786553445560.081598,0,0,0,1,0,0,1,0
253164,1786553445561.090685,0,0,0,1,0,0,1,0
253165,1786553445562.096772,0,0,0,1,0,0,1,0
253166,1786553445563.104561,0,0,0,1,0,0,1,0
253167,1786553445564.561387,0,0,0,1,0,0,1,0
253168,1786553445565.209845,0,0,0,1,0,0,1,0
253169,1786553445566.222432,0,0,0,1,0,0,1,0
253170,1786553445567.220119,0,0,0,1,0,0,1,0
253171,1786553445568.232007,0,0,0,1,0,0,1,0
253172,1786553445569.237995,0,0,0,1,0,0,1,0
253173,1786553445570.250782,0,0,0,1,0,0,1,0
253174,1786553445571.265069,0,0,0,1,0,0,1,0
253175,1786553445572.278256,0,0,0,1,0,0,1,0
253176,1786553445573.282942,0,0,0,1,0,0,1,0
253177,1786553445574.292429,0,0,0,1,0,0,1,0
253178,1786553445575.307719,0,0,0,1,0,0,1,0
253179,1786553445576.315306,0,0,0,1,0,0,1,0
253180,1786553445577.351496,0,0,0,1,0,0,1,0
253181,1786553445578.338081,0,0,0,1,0,0,1,0
253182,1786553445579.345867,0,0,0,1,0,0,1,0
253183,1786553445580.354155,0,0,0,1,0,0,1,0
253184,1786553445581.362242,0,0,0,1,0,0,1,0
253185,1786553445582.371230,0,0,0,1,0,0,1,0
253186,1786553445583.381018,0,0,0,1,0,0,1,0
253187,1786553445584.389506,0,0,0,1,0,0,1,0
253188,1786553445585.397494,0,0,0,1,0,0,1,0
253189,1786553445586.443185,0,0,0,1,0,0,1,0
253190,1786553445587.420470,0,0,0,1,0,0,1,0
253191,1786553445588.427258,0,0,0,1,0,0,1,0
253192,1786553445589.434345,0,0,0,1,0,0,1,0
253193,1786553445590.465235,0,0,0,1,0,0,1,0
253194,1786553445591.454421,0,0,0,1,0,0,1,0
253195,1786553445592.465008,0,0,0,1,0,0,1,0
253196,1786553445593.637611,0,0,0,1,0,0,1,0
253197,1786553445594.513487,0,0,0,1,0,0,1,0
253198,1786553445595.508275,0,0,0,1,0,0,1,0
253199,1786553445596.515162,0,0,0,1,0,0,1,0
253200,1786553445597.521848,0,0,0,1,0,0,1,0
253201,1786553445598.529635,0,0,0,1,0,0,1,0
253202,1786553445599.543322,0,0,0,1,0,0,1,0
253203,1786553445600.549610,0,0,0,1,0,0,1,0
253204,1786553445601.562198,0,0,0,1,0,0,1,0
253205,1786553445602.570286,0,0,0,1,0,0,1,0
253206,1786553445603.579973,0,0,0,1,0,0,1,0
253207,1786553445604.610264,0,0,0,1,0,0,1,0
253208,1786553445605.609051,0,0,0,1,0,0,1,0
253209,1786553445606.611037,0,0,0,1,0,0,1,0
253210,1786553445607.617825,0,0,0,1,0,0,1,0
253211,1786553445608.646414,0,0,0,1,0,0,1,0
253212,1786553445609.658601,0,0,0,1,0,0,1,0
253213,1786553445610.651588,0,0,0,1,0,0,1,0
253214,1786553445611.659975,0,0,0,1,0,0,1,0
253215,1786553445612.666862,0,0,0,1,0,0,1,0
253216,1786553445613.675248,0,0,0,1,0,0,1,0
253217,1786553445614.682937,0,0,0,1,0,0,1,0
253218,1786553445615.692425,0,0,0,1,0,0,1,0
253219,1786553445616.705713,0,0,0,1,0,0,1,0
253220,1786553445617.709500,0,0,0,1,0,0,1,0
253221,1786553445618.717088,0,0,0,1,0,0,1,0
253222,1786553445619.726776,0,0,0,1,0,0,1,0
253223,1786553445620.755165,0,0,0,1,0,0,1,0
253224,1786553445621.784154,0,0,0,1,0,0,1,0
253225,1786553445622.771039,0,0,0,1,0,0,1,0
253226,1786553445623.774625,0,0,0,1,0,0,1,0
253227,1786553445624.802313,0,0,0,1,0,0,1,0
253228,1786553445625.796600,0,0,0,1,0,0,1,0
253229,1786553445626.800886,0,0,0,1,0,0,1,0
253230,1786553445627.829578,0,0,0,1,0,0,1,0
253231,1786553445628.834866,0,0,0,1,0,0,1,0
253232,1786553445629.843954,0,0,0,1,0,0,1,0
253233,1786553445630.852142,0,0,0,1,0,0,1,0
253234,1786553445631.860529,0,0,0,1,0,0,1,0
253235,1786553445632.869216,0,0,0,1,0,0,1,0
253236,1786553445633.878104,0,0,0,1,0,0,1,0
253237,1786553445634.899494,0,0,0,1,0,0,1,0
253238,1786553445635.897181,0,0,0,1,0,0,1,0
253239,1786553445636.905867,0,0,0,1,0,0,1,0
253240,1786553445637.956858,0,0,0,1,0,0,1,0
253241,1786553445638.926642,0,0,0,1,0,0,1,0
253242,1786553445640.487476,0,0,0,1,0,0,1,0
253243,1786553445641.062028,0,0,0,1,0,0,1,0
253244,1786553445642.050215,0,0,0,1,0,0,1,0
253245,1786553445643.065903,0,0,0,1,0,0,1,0
253246,1786553445644.027888,0,0,0,1,0,0,1,0
253247,1786553445645.039277,0,0,0,1,0,0,1,0
253248,1786553445646.042163,0,0,0,1,0,0,1,0
253249,1786553445647.049050,0,0,0,1,0,0,1,0
253250,1786553445648.067938,0,0,0,1,0,0,1,0
253251,1786553445649.073925,0,0,0,1,0,0,1,0
253252,1786553445650.082512,0,0,0,1,0,0,1,0
253253,1786553445651.092000,0,0,0,1,0,0,1,0
253254,1786553445652.103487,0,0,0,1,0,0,1,0
253255,1786553445653.118475,0,0,0,1,0,0,1,0
253256,1786553445654.153563,0,0,0,1,0,0,1,0
253257,1786553445655.152950,0,0,0,1,0,0,1,0
253258,1786553445656.150037,0,0,0,1,0,0,1,0
253259,1786553445657.158524,0,0,0,1,0,0,1,0
253260,1786553445658.165013,0,0,0,1,0,0,1,0
253261,1786553445659.174798,0,0,0,1,0,0,1,0
253262,1786553445660.185886,0,0,0,1,0,0,1,0
253263,1786553445661.193874,0,0,0,1,0,0,1,0
253264,1786553445662.203462,0,0,0,1,0,0,1,0
253265,1786553445663.215050,0,0,0,1,0,0,1,0
253266,1786553445664.221637,0,0,0,1,0,0,1,0
253267,1786553445665.231223,0,0,0,1,0,0,1,0
253268,1786553445666.240010,0,0,0,1,0,0,1,0
253269,1786553445667.249098,0,0,0,1,0,0,1,0
253270,1786553445668.258785,0,0,0,1,0,0,1,0
253271,1786553445669.272873,0,0,0,1,0,0,1,0
253272,1786553445670.318764,0,0,0,1,0,0,1,0
253273,1786553445671.295948,0,0,0,1,0,0,1,0
253274,1786553445672.304837,0,0,0,1,0,0,1,0
253275,1786553445673.331627,0,0,0,1,0,0,1,0
253276,1786553445674.306411,0,0,0,1,0,0,1,0
253277,1786553445675.314099,0,0,0,1,0,0,1,0
253278,1786553445676.320487,0,0,0,1,0,0,1,0
253279,1786553445677.324775,0,0,0,1,0,0,1,0
253280,1786553445678.336063,0,0,0,1,0,0,1,0
253281,1786553445679.342351,0,0,0,1,0,0,1,0
253282,1786553445680.351839,0,0,0,1,0,0,1,0
253283,1786553445681.357825,0,0,0,1,0,0,1,0
253284,1786553445682.367912,0,0,0,1,0,0,1,0
253285,1786553445683.453203,0,0,0,1,0,0,1,0
253286,1786553445684.438090,0,0,0,1,0,0,1,0
253287,1786553445685.426875,0,0,0,1,0,0,1,0
253288,1786553445686.453965,0,0,0,1,0,0,1,0
253289,1786553445687.425648,0,0,0,1,0,0,1,0
253290,1786553445688.439034,0,0,0,1,0,0,1,0
253291,1786553445689.448322,0,0,0,1,0,0,1,0
253292,1786553445690.472410,0,0,0,1,0,0,1,0
253293,1786553445691.463796,0,0,0,1,0,0,1,0
253294,1786553445692.471081,0,0,0,1,0,0,1,0
253295,1786553445693.479167,0,0,0,1,0,0,1,0
253296,1786553445694.489856,0,0,0,1,0,0,1,0
253297,1786553445695.495243,0,0,0,1,0,0,1,0
253298,1786553445696.511433,0,0,0,1,0,0,1,0
253299,1786553445697.517021,0,0,0,1,0,0,1,0
253300,1786553445698.544210,0,0,0,1,0,0,1,0
253301,1786553445699.573100,0,0,0,1,0,0,1,0
253302,1786553445700.564085,0,0,0,1,0,0,1,0
253303,1786553445701.566971,0,0,0,1,0,0,1,0
253304,1786553445702.574959,0,0,0,1,0,0,1,0
253305,1786553445703.581347,0,0,0,1,0,0,1,0
253306,1786553445704.592936,0,0,0,1,0,0,1,0
253307,1786553445705.599924,0,0,0,1,0,0,1,0
253308,1786553445706.605711,0,0,0,1,0,0,1,0
253309,1786553445707.615000,0,0,0,1,0,0,1,0
253310,1786553445708.621289,0,0,0,1,0,0,1,0
253311,1786553445709.630479,0,0,0,1,0,0,1,0
253312,1786553445710.638367,0,0,0,1,0,0,1,0
253313,1786553445711.646455,0,0,0,1,0,0,1,0
253314,1786553445712.708245,0,0,0,1,0,0,1,0
253315,1786553445713.679130,0,0,0,1,0,0,1,0
253316,1786553445714.683817,0,0,0,1,0,0,1,0
253317,1786553445715.697806,0,0,0,1,0,0,1,0
253318,1786553445716.738298,0,0,0,1,0,0,1,0
253319,1786553445717.721983,0,0,0,1,0,0,1,0
253320,1786553445718.721369,0,0,0,1,0,0,1,0
253321,1786553445719.730056,0,0,0,1,0,0,1,0
253322,1786553445720.736843,0,0,0,1,0,0,1,0
253323,1786553445721.744833,0,0,0,1,0,0,1,0
253324,1786553445722.753820,0,0,0,1,0,0,1,0
253325,1786553445723.761406,0,0,0,1,0,0,1,0
253326,1786553445724.781593,0,0,0,1,0,0,1,0
253327,1786553445725.778679,0,0,0,1,0,0,1,0
253328,1786553445726.792166,0,0,0,1,0,0,1,0
253329,1786553445727.798252,0,0,0,1,0,0,1,0
253330,1786553445728.804238,0,0,0,1,0,0,1,0
253331,1786553445729.821926,0,0,0,1,0,0,1,0
253332,1786553445730.828414,0,0,0,1,0,0,1,0
253333,1786553445731.843402,0,0,0,1,0,0,1,0
253334,1786553445732.844789,0,0,0,1,0,0,1,0
253335,1786553445733.854877,0,0,0,1,0,0,1,0
253336,1786553445734.870665,0,0,0,1,0,0,1,0
253337,1786553445735.867953,0,0,0,1,0,0,1,0
253338,1786553445736.876638,0,0,0,1,0,0,1,0
253339,1786553445737.884825,0,0,0,1,0,0,1,0
253340,1786553445738.895313,0,0,0,1,0,0,1,0
253341,1786553445739.901201,0,0,0,1,0,0,1,0
253342,1786553445740.910489,0,0,0,1,0,0,1,0
253343,1786553445741.924677,0,0,0,1,0,0,1,0
253344,1786553445743.111181,0,0,0,1,0,0,1,0
253345,1786553445743.970656,0,0,0,1,0,0,1,0
253346,1786553445744.969842,0,0,0,1,0,0,1,0
253347,1786553445745.969830,0,0,0,1,0,0,1,0
253348,1786553445746.995519,0,0,0,1,0,0,1,0
253349,1786553445747.993207,0,0,0,1,0,0,1,0
253350,1786553445749.020099,0,0,0,1,0,0,1,0
253351,1786553445750.013786,0,0,0,1,0,0,1,0
253352,1786553445751.018172,0,0,0,1,0,0,1,0
253353,1786553445752.025359,0,0,0,1,0,0,1,0
253354,1786553445753.032846,0,0,0,1,0,0,1,0
253355,1786553445754.041435,0,0,0,1,0,0,1,0
253356,1786553445755.049924,0,0,0,1,0,0,1,0
253357,1786553445756.055611,0,0,0,1,0,0,1,0
253358,1786553445757.075699,0,0,0,1,0,0,1,0
253359,1786553445758.074187,0,0,0,1,0,0,1,0
253360,1786553445759.081375,0,0,0,1,0,0,1,0
253361,1786553445760.090563,0,0,0,1,0,0,1,0
253362,1786553445761.101951,0,0,0,1,0,0,1,0
253363,1786553445762.114338,0,0,0,1,0,0,1,0
253364,1786553445763.121326,0,0,0,1,0,0,1,0
253365,1786553445764.153715,0,0,0,1,0,0,1,0
253366,1786553445765.146701,0,0,0,1,0,0,1,0
253367,1786553445766.152690,0,0,0,1,0,0,1,0
253368,1786553445767.162578,0,0,0,1,0,0,1,0
253369,1786553445768.171666,0,0,0,1,0,0,1,0
253370,1786553445769.180754,0,0,0,1,0,0,1,0
253371,1786553445770.190241,0,0,0,1,0,0,1,0
253372,1786553445771.200830,0,0,0,1,0,0,1,0
253373,1786553445772.209918,0,0,0,1,0,0,1,0
253374,1786553445773.225205,0,0,0,1,0,0,1,0
253375,1786553445774.230692,0,0,0,1,0,0,1,0
253376,1786553445775.240780,0,0,0,1,0,0,1,0
253377,1786553445776.250966,0,0,0,1,0,0,1,0
253378,1786553445777.256754,0,0,0,1,0,0,1,0
253379,1786553445778.269041,0,0,0,1,0,0,1,0
253380,1786553445779.276729,0,0,0,1,0,0,1,0
253381,1786553445780.362524,0,0,0,1,0,0,1,0
253382,1786553445781.306407,0,0,0,1,0,0,1,0
253383,1786553445782.331996,0,0,0,1,0,0,1,0
253384,1786553445783.324582,0,0,0,1,0,0,1,0
253385,1786553445784.354673,0,0,0,1,0,0,1,0
253386,1786553445785.355459,0,0,0,1,0,0,1,0
253387,1786553445786.354246,0,0,0,1,0,0,1,0
253388,1786553445787.362234,0,0,0,1,0,0,1,0
253389,1786553445788.369622,0,0,0,1,0,0,1,0
253390,1786553445789.615531,0,0,0,1,0,0,1,0
253391,1786553445790.484405,0,0,0,1,0,0,1,0
253392,1786553445791.481492,0,0,0,1,0,0,1,0
253393,1786553445792.478879,0,0,0,1,0,0,1,0
253394,1786553445793.483566,0,0,0,1,0,0,1,0
253395,1786553445794.492852,0,0,0,1,0,0,1,0
253396,1786553445795.497940,0,0,0,1,0,0,1,0
253397,1786553445796.512128,0,0,0,1,0,0,1,0
253398,1786553445797.511615,0,0,0,1,0,0,1,0
253399,1786553445798.520103,0,0,0,1,0,0,1,0
253400,1786553445799.547992,0,0,0,1,0,0,1,0
253401,1786553445800.559079,0,0,0,1,0,0,1,0
253402,1786553445801.558366,0,0,0,1,0,0,1,0
253403,1786553445802.563452,0,0,0,1,0,0,1,0
253404,1786553445803.589641,0,0,0,1,0,0,1,0
253405,1786553445804.586827,0,0,0,1,0,0,1,0
253406,1786553445805.589614,0,0,0,1,0,0,1,0
253407,1786553445806.597099,0,0,0,1,0,0,1,0
253408,1786553445807.603189,0,0,0,1,0,0,1,0
253409,1786553445808.610476,0,0,0,1,0,0,1,0
253410,1786553445809.619662,0,0,0,1,0,0,1,0
253411,1786553445810.629251,0,0,0,1,0,0,1,0
253412,1786553445811.639136,0,0,0,1,0,0,1,0
253413,1786553445812.693328,0,0,0,1,0,0,1,0
253414,1786553445813.685914,0,0,0,1,0,0,1,0
253415,1786553445814.680401,0,0,0,1,0,0,1,0
253416,1786553445815.687989,0,0,0,1,0,0,1,0
253417,1786553445816.695976,0,0,0,1,0,0,1,0
253418,1786553445817.704761,0,0,0,1,0,0,1,0
253419,1786553445818.712149,0,0,0,1,0,0,1,0
253420,1786553445819.733038,0,0,0,1,0,0,1,0
253421,1786553445820.734826,0,0,0,1,0,0,1,0
253422,1786553445821.742812,0,0,0,1,0,0,1,0
253423,1786553445822.750999,0,0,0,1,0,0,1,0
253424,1786553445823.761086,0,0,0,1,0,0,1,0
253425,1786553445824.787276,0,0,0,1,0,0,1,0
253426,1786553445825.780862,0,0,0,1,0,0,1,0
253427,1786553445826.787750,0,0,0,1,0,0,1,0
253428,1786553445827.792739,0,0,0,1,0,0,1,0
253429,1786553445828.799727,0,0,0,1,0,0,1,0
253430,1786553445829.822717,0,0,0,1,0,0,1,0
253431,1786553445830.826906,0,0,0,1,0,0,1,0
253432,1786553445831.828493,0,0,0,1,0,0,1,0
253433,1786553445832.837781,0,0,0,1,0,0,1,0
253434,1786553445833.842668,0,0,0,1,0,0,1,0
253435,1786553445835.113077,0,0,0,1,0,0,1,0
253436,1786553445835.936749,0,0,0,1,0,0,1,0
253437,1786553445836.915135,0,0,0,1,0,0,1,0
253438,1786553445837.908721,0,0,0,1,0,0,1,0
253439,1786553445838.913809,0,0,0,1,0,0,1,0
253440,1786553445839.927198,0,0,0,1,0,0,1,0
253441,1786553445840.935385,0,0,0,1,0,0,1,0
253442,1786553445841.942973,0,0,0,1,0,0,1,0
253443,1786553445842.951258,0,0,0,1,0,0,1,0
253444,1786553445843.957346,0,0,0,1,0,0,1,0
253445,1786553445844.967933,0,0,0,1,0,0,1,0
253446,1786553445845.983822,0,0,0,1,0,0,1,0
253447,1786553445846.987508,0,0,0,1,0,0,1,0
253448,1786553445847.992295,0,0,0,1,0,0,1,0
253449,1786553445849.000183,0,0,0,1,0,0,1,0
253450,1786553445850.020971,0,0,0,1,0,0,1,0
253451,1786553445851.039460,0,0,0,1,0,0,1,0
253452,1786553445852.031845,0,0,0,1,0,0,1,0
253453,1786553445853.034031,0,0,0,1,0,0,1,0
253454,1786553445854.041519,0,0,0,1,0,0,1,0
253455,1786553445855.050806,0,0,0,1,0,0,1,0
253456,1786553445856.058792,0,0,0,1,0,0,1,0
253457,1786553445857.068080,0,0,0,1,0,0,1,0
253458,1786553445858.074868,0,0,0,1,0,0,1,0
253459,1786553445859.084155,0,0,0,1,0,0,1,0
253460,1786553445860.092042,0,0,0,1,0,0,1,0
253461,1786553445861.097928,0,0,0,1,0,0,1,0
253462,1786553445862.111315,0,0,0,1,0,0,1,0
253463,1786553445863.117003,0,0,0,1,0,0,1,0
253464,1786553445864.138293,0,0,0,1,0,0,1,0
253465,1786553445865.143180,0,0,0,1,0,0,1,0
253466,1786553445866.521298,0,0,0,1,0,0,1,0
253467,1786553445867.368472,0,0,0,1,0,0,1,0
253468,1786553445868.364558,0,0,0,1,0,0,1,0
253469,1786553445869.361446,0,0,0,1,0,0,1,0
253470,1786553445870.368634,0,0,0,1,0,0,1,0
253471,1786553445871.415624,0,0,0,1,0,0,1,0
253472,1786553445872.427713,0,0,0,1,0,0,1,0
253473,1786553445873.439202,0,0,0,1,0,0,1,0
253474,1786553445874.419187,0,0,0,1,0,0,1,0
253475,1786553445875.425076,0,0,0,1,0,0,1,0
253476,1786553445876.434564,0,0,0,1,0,0,1,0
253477,1786553445877.441051,0,0,0,1,0,0,1,0
253478,1786553445878.458039,0,0,0,1,0,0,1,0
253479,1786553445879.459226,0,0,0,1,0,0,1,0
253480,1786553445880.476615,0,0,0,1,0,0,1,0
253481,1786553445881.485703,0,0,0,1,0,0,1,0
253482,1786553445882.484788,0,0,0,1,0,0,1,0
253483,1786553445883.490675,0,0,0,1,0,0,1,0
253484,1786553445884.499664,0,0,0,1,0,0,1,0
253485,1786553445885.508052,0,0,0,1,0,0,1,0
253486,1786553445886.550143,0,0,0,1,0,0,1,0
253487,1786553445887.525628,0,0,0,1,0,0,1,0
253488,1786553445888.534616,0,0,0,1,0,0,1,0
253489,1786553445889.541903,0,0,0,1,0,0,1,0
253490,1786553445890.571793,0,0,0,1,0,0,1,0
253491,1786553445891.579980,0,0,0,1,0,0,1,0
253492,1786553445892.589266,0,0,0,1,0,0,1,0
253493,1786553445893.598254,0,0,0,1,0,0,1,0
253494,1786553445894.621640,0,0,0,1,0,0,1,0
253495,1786553445895.629127,0,0,0,1,0,0,1,0
253496,1786553445896.633412,0,0,0,1,0,0,1,0
253497,1786553445897.641201,0,0,0,1,0,0,1,0
253498,1786553445898.643688,0,0,0,1,0,0,1,0
253499,1786553445899.650575,0,0,0,1,0,0,1,0
253500,1786553445900.658264,0,0,0,1,0,0,1,0
253501,1786553445901.667451,0,0,0,1,0,0,1,0
253502,1786553445902.674838,0,0,0,1,0,0,1,0
253503,1786553445903.681725,0,0,0,1,0,0,1,0
253504,1786553445904.687013,0,0,0,1,0,0,1,0
253505,1786553445905.694001,0,0,0,1,0,0,1,0
253506,1786553445906.710490,0,0,0,1,0,0,1,0
253507,1786553445907.708977,0,0,0,1,0,0,1,0
253508,1786553445908.714164,0,0,0,1,0,0,1,0
253509,1786553445909.731653,0,0,0,1,0,0,1,0
253510,1786553445910.756844,0,0,0,1,0,0,1,0
253511,1786553445911.749030,0,0,0,1,0,0,1,0
253512,1786553445912.751418,0,0,0,1,0,0,1,0
253513,1786553445913.769607,0,0,0,1,0,0,1,0
253514,1786553445914.780095,0,0,0,1,0,0,1,0
253515,1786553445915.776281,0,0,0,1,0,0,1,0
253516,1786553445916.782469,0,0,0,1,0,0,1,0
253517,1786553445917.789658,0,0,0,1,0,0,1,0
253518,1786553445918.797744,0,0,0,1,0,0,1,0
253519,1786553445919.804733,0,0,0,1,0,0,1,0
253520,1786553445920.823723,0,0,0,1,0,0,1,0
253521,1786553445921.831011,0,0,0,1,0,0,1,0
253522,1786553445922.843500,0,0,0,1,0,0,1,0
253523,1786553445923.851389,0,0,0,1,0,0,1,0
253524,1786553445924.872277,0,0,0,1,0,0,1,0
253525,1786553445926.522820,0,0,0,1,0,0,1,0
253526,1786553445927.071770,0,0,0,1,0,0,1,0
253527,1786553445927.946545,0,0,0,1,0,0,1,0
253528,1786553445928.913430,0,0,0,1,0,0,1,0
253529,1786553445929.916618,0,0,0,1,0,0,1,0
253530,1786553445930.928505,0,0,0,1,0,0,1,0
253531,1786553445931.941392,0,0,0,1,0,0,1,0
253532,1786553445932.945678,0,0,0,1,0,0,1,0
253533,1786553445933.955566,0,0,0,1,0,0,1,0
253534,1786553445934.963954,0,0,0,1,0,0,1,0
253535,1786553445935.971640,0,0,0,1,0,0,1,0
253536,1786553445936.981928,0,0,0,1,0,0,1,0
253537,1786553445937.988715,0,0,0,1,0,0,1,0
253538,1786553445939.002704,0,0,0,1,0,0,1,0
253539,1786553445940.017593,0,0,0,1,0,0,1,0
253540,1786553445941.022279,0,0,0,1,0,0,1,0
253541,1786553445942.027166,0,0,0,1,0,0,1,0
253542,1786553445943.045454,0,0,0,1,0,0,1,0
253543,1786553445944.047942,0,0,0,1,0,0,1,0
253544,1786553445945.055830,0,0,0,1,0,0,1,0
253545,1786553445946.064317,0,0,0,1,0,0,1,0
253546,1786553445947.149010,0,0,0,1,0,0,1,0
253547,1786553445948.092792,0,0,0,1,0,0,1,0
253548,1786553445949.099180,0,0,0,1,0,0,1,0
253549,1786553445950.111467,0,0,0,1,0,0,1,0
253550,1786553445951.116056,0,0,0,1,0,0,1,0
253551,1786553445952.120844,0,0,0,1,0,0,1,0
253552,1786553445953.129531,0,0,0,1,0,0,1,0
253553,1786553445954.135218,0,0,0,1,0,0,1,0
253554,1786553445955.239516,0,0,0,1,0,0,1,0
253555,1786553445956.235103,0,0,0,1,0,0,1,0
253556,1786553445957.237091,0,0,0,1,0,0,1,0
253557,1786553445958.245978,0,0,0,1,0,0,1,0
253558,1786553445959.257867,0,0,0,1,0,0,1,0
253559,1786553445960.267255,0,0,0,1,0,0,1,0
253560,1786553445961.274842,0,0,0,1,0,0,1,0
253561,1786553445962.285229,0,0,0,1,0,0,1,0
253562,1786553445963.292817,0,0,0,1,0,0,1,0
253563,1786553445964.302005,0,0,0,1,0,0,1,0
253564,1786553445965.312293,0,0,0,1,0,0,1,0
253565,1786553445966.326780,0,0,0,1,0,0,1,0
253566,1786553445967.329867,0,0,0,1,0,0,1,0
253567,1786553445968.339054,0,0,0,1,0,0,1,0
253568,1786553445969.346542,0,0,0,1,0,0,1,0
253569,1786553445970.359230,0,0,0,1,0,0,1,0
253570,1786553445971.364717,0,0,0,1,0,0,1,0
253571,1786553445972.373804,0,0,0,1,0,0,1,0
253572,1786553445973.381594,0,0,0,1,0,0,1,0
253573,1786553445974.390381,0,0,0,1,0,0,1,0
253574,1786553445975.408170,0,0,0,1,0,0,1,0
253575,1786553445976.410056,0,0,0,1,0,0,1,0
253576,1786553445977.419445,0,0,0,1,0,0,1,0
253577,1786553445978.424733,0,0,0,1,0,0,1,0
253578,1786553445979.435921,0,0,0,1,0,0,1,0
253579,1786553445980.443809,0,0,0,1,0,0,1,0
253580,1786553445981.452196,0,0,0,1,0,0,1,0
253581,1786553445982.464184,0,0,0,1,0,0,1,0
253582,1786553445983.472872,0,0,0,1,0,0,1,0
253583,1786553445984.642371,0,0,0,1,0,0,1,0
253584,1786553445985.535247,0,0,0,1,0,0,1,0
253585,1786553445986.533735,0,0,0,1,0,0,1,0
253586,1786553445987.515221,0,0,0,1,0,0,1,0
253587,1786553445988.518408,0,0,0,1,0,0,1,0
253588,1786553445989.527796,0,0,0,1,0,0,1,0
253589,1786553445990.547383,0,0,0,1,0,0,1,0
253590,1786553445991.551570,0,0,0,1,0,0,1,0
253591,1786553445992.549456,0,0,0,1,0,0,1,0
253592,1786553445993.565846,0,0,0,1,0,0,1,0
253593,1786553445994.566233,0,0,0,1,0,0,1,0
253594,1786553445995.573921,0,0,0,1,0,0,1,0
253595,1786553445996.579410,0,0,0,1,0,0,1,0
253596,1786553445997.585497,0,0,0,1,0,0,1,0
253597,1786553445998.593987,0,0,0,1,0,0,1,0
253598,1786553445999.928803,0,0,0,1,0,0,1,0
253599,1786553446000.689568,0,0,0,1,0,0,1,0
253600,1786553446001.689755,0,0,0,1,0,0,1,0
253601,1786553446002.694643,0,0,0,1,0,0,1,0
253602,1786553446003.701930,0,0,0,1,0,0,1,0
253603,1786553446004.706617,0,0,0,1,0,0,1,0
253604,1786553446005.714806,0,0,0,1,0,0,1,0
253605,1786553446006.723094,0,0,0,1,0,0,1,0
253606,1786553446007.731982,0,0,0,1,0,0,1,0
253607,1786553446008.739070,0,0,0,1,0,0,1,0
253608,1786553446009.745955,0,0,0,1,0,0,1,0
253609,1786553446010.755642,0,0,0,1,0,0,1,0
253610,1786553446011.762631,0,0,0,1,0,0,1,0
253611,1786553446012.774117,0,0,0,1,0,0,1,0
253612,1786553446013.836410,0,0,0,1,0,0,1,0
253613,1786553446014.806096,0,0,0,1,0,0,1,0
253614,1786553446015.804683,0,0,0,1,0,0,1,0
253615,1786553446016.820071,0,0,0,1,0,0,1,0
253616,1786553446017.827960,0,0,0,1,0,0,1,0
253617,1786553446018.834049,0,0,0,1,0,0,1,0
253618,1786553446019.840836,0,0,0,1,0,0,1,0
253619,1786553446020.849122,0,0,0,1,0,0,1,0
253620,1786553446021.857010,0,0,0,1,0,0,1,0
253621,1786553446022.875799,0,0,0,1,0,0,1,0
253622,1786553446023.889487,0,0,0,1,0,0,1,0
253623,1786553446024.899675,0,0,0,1,0,0,1,0
253624,1786553446025.897161,0,0,0,1,0,0,1,0
253625,1786553446026.905249,0,0,0,1,0,0,1,0
253626,1786553446027.909735,0,0,0,1,0,0,1,0
253627,1786553446028.920523,0,0,0,1,0,0,1,0
253628,1786553446029.950712,0,0,0,1,0,0,1,0
253629,1786553446030.955001,0,0,0,1,0,0,1,0
253630,1786553446031.953987,0,0,0,1,0,0,1,0
253631,1786553446033.025780,0,0,0,1,0,0,1,0
253632,1786553446033.967162,0,0,0,1,0,0,1,0
253633,1786553446034.974148,0,0,0,1,0,0,1,0
253634,1786553446035.981035,0,0,0,1,0,0,1,0
253635,1786553446036.988924,0,0,0,1,0,0,1,0
253636,1786553446037.997410,0,0,0,1,0,0,1,0
253637,1786553446039.005796,0,0,0,1,0,0,1,0
253638,1786553446040.022786,0,0,0,1,0,0,1,0
253639,1786553446041.026974,0,0,0,1,0,0,1,0
253640,1786553446042.035461,0,0,0,1,0,0,1,0
253641,1786553446043.043449,0,0,0,1,0,0,1,0
253642,1786553446044.066339,0,0,0,1,0,0,1,0
253643,1786553446045.075125,0,0,0,1,0,0,1,0
253644,1786553446046.069912,0,0,0,1,0,0,1,0
253645,1786553446047.075698,0,0,0,1,0,0,1,0
253646,1786553446048.083886,0,0,0,1,0,0,1,0
253647,1786553446049.091075,0,0,0,1,0,0,1,0
253648,1786553446050.099763,0,0,0,1,0,0,1,0
253649,1786553446051.107150,0,0,0,1,0,0,1,0
253650,1786553446052.115637,0,0,0,1,0,0,1,0
253651,1786553446053.124125,0,0,0,1,0,0,1,0
253652,1786553446054.131211,0,0,0,1,0,0,1,0
253653,1786553446055.139900,0,0,0,1,0,0,1,0
253654,1786553446056.156589,0,0,0,1,0,0,1,0
253655,1786553446057.162679,0,0,0,1,0,0,1,0
253656,1786553446058.167866,0,0,0,1,0,0,1,0
253657,1786553446059.174954,0,0,0,1,0,0,1,0
253658,1786553446060.213643,0,0,0,1,0,0,1,0
253659,1786553446061.201430,0,0,0,1,0,0,1,0
253660,1786553446062.205517,0,0,0,1,0,0,1,0
253661,1786553446063.213004,0,0,0,1,0,0,1,0
253662,1786553446064.220991,0,0,0,1,0,0,1,0
253663,1786553446065.228978,0,0,0,1,0,0,1,0
253664,1786553446066.237066,0,0,0,1,0,0,1,0
253665,1786553446067.244754,0,0,0,1,0,0,1,0
253666,1786553446068.252543,0,0,0,1,0,0,1,0
253667,1786553446069.263430,0,0,0,1,0,0,1,0
253668,1786553446070.269918,0,0,0,1,0,0,1,0
253669,1786553446071.278107,0,0,0,1,0,0,1,0
253670,1786553446072.295196,0,0,0,1,0,0,1,0
253671,1786553446073.308284,0,0,0,1,0,0,1,0
253672,1786553446074.304871,0,0,0,1,0,0,1,0
253673,1786553446075.312758,0,0,0,1,0,0,1,0
253674,1786553446076.546467,0,0,0,1,0,0,1,0
253675,1786553446077.347839,0,0,0,1,0,0,1,0
253676,1786553446078.345626,0,0,0,1,0,0,1,0
253677,1786553446079.357214,0,0,0,1,0,0,1,0
253678,1786553446080.361401,0,0,0,1,0,0,1,0
253679,1786553446081.442996,0,0,0,1,0,0,1,0
253680,1786553446082.383277,0,0,0,1,0,0,1,0
253681,1786553446083.393663,0,0,0,1,0,0,1,0
253682,1786553446084.397851,0,0,0,1,0,0,1,0
253683,1786553446085.406636,0,0,0,1,0,0,1,0
253684,1786553446086.448125,0,0,0,1,0,0,1,0
253685,1786553446087.423308,0,0,0,1,0,0,1,0
253686,1786553446088.449298,0,0,0,1,0,0,1,0
253687,1786553446089.451983,0,0,0,1,0,0,1,0
253688,1786553446090.473872,0,0,0,1,0,0,1,0
253689,1786553446091.471459,0,0,0,1,0,0,1,0
253690,1786553446092.482546,0,0,0,1,0,0,1,0
253691,1786553446093.486534,0,0,0,1,0,0,1,0
253692,1786553446094.495923,0,0,0,1,0,0,1,0
253693,1786553446095.502411,0,0,0,1,0,0,1,0
253694,1786553446096.511199,0,0,0,1,0,0,1,0
253695,1786553446097.518187,0,0,0,1,0,0,1,0
253696,1786553446098.527175,0,0,0,1,0,0,1,0
253697,1786553446099.535463,0,0,0,1,0,0,1,0
253698,1786553446100.543251,0,0,0,1,0,0,1,0
253699,1786553446101.551339,0,0,0,1,0,0,1,0
253700,1786553446102.563227,0,0,0,1,0,0,1,0
253701,1786553446103.572813,0,0,0,1,0,0,1,0
253702,1786553446104.579701,0,0,0,1,0,0,1,0
253703,1786553446105.601891,0,0,0,1,0,0,1,0
253704,1786553446106.602679,0,0,0,1,0,0,1,0
253705,1786553446107.622768,0,0,0,1,0,0,1,0
253706,1786553446108.627355,0,0,0,1,0,0,1,0
253707,1786553446109.629241,0,0,0,1,0,0,1,0
253708,1786553446110.638629,0,0,0,1,0,0,1,0
253709,1786553446111.646315,0,0,0,1,0,0,1,0
253710,1786553446112.655003,0,0,0,1,0,0,1,0
253711,1786553446113.664292,0,0,0,1,0,0,1,0
253712,1786553446114.674880,0,0,0,1,0,0,1,0
253713,1786553446115.680767,0,0,0,1,0,0,1,0
253714,1786553446116.687655,0,0,0,1,0,0,1,0
253715,1786553446117.694942,0,0,0,1,0,0,1,0
253716,1786553446118.702729,0,0,0,1,0,0,1,0
253717,1786553446119.712317,0,0,0,1,0,0,1,0
253718,1786553446120.721705,0,0,0,1,0,0,1,0
253719,1786553446121.742595,0,0,0,1,0,0,1,0
253720,1786553446122.837988,0,0,0,1,0,0,1,0
253721,1786553446123.780468,0,0,0,1,0,0,1,0
253722,1786553446124.792255,0,0,0,1,0,0,1,0
253723,1786553446125.781442,0,0,0,1,0,0,1,0
253724,1786553446126.786929,0,0,0,1,0,0,1,0
253725,1786553446127.796817,0,0,0,1,0,0,1,0
253726,1786553446128.803206,0,0,0,1,0,0,1,0
253727,1786553446129.823095,0,0,0,1,0,0,1,0
253728,1786553446130.830384,0,0,0,1,0,0,1,0
253729,1786553446131.835470,0,0,0,1,0,0,1,0
253730,1786553446132.843056,0,0,0,1,0,0,1,0
253731,1786553446133.853444,0,0,0,1,0,0,1,0
253732,1786553446134.869632,0,0,0,1,0,0,1,0
253733,1786553446135.866318,0,0,0,1,0,0,1,0
253734,1786553446136.945712,0,0,0,1,0,0,1,0
253735,1786553446137.921098,0,0,0,1,0,0,1,0
253736,1786553446138.907784,0,0,0,1,0,0,1,0
253737,1786553446139.917572,0,0,0,1,0,0,1,0
253738,1786553446140.930060,0,0,0,1,0,0,1,0
253739,1786553446141.937047,0,0,0,1,0,0,1,0
253740,1786553446142.945135,0,0,0,1,0,0,1,0
253741,1786553446143.950922,0,0,0,1,0,0,1,0
253742,1786553446144.956509,0,0,0,1,0,0,1,0
253743,1786553446145.965896,0,0,0,1,0,0,1,0
253744,1786553446146.973084,0,0,0,1,0,0,1,0
253745,1786553446147.980972,0,0,0,1,0,0,1,0
253746,1786553446148.988660,0,0,0,1,0,0,1,0
253747,1786553446149.997449,0,0,0,1,0,0,1,0
253748,1786553446151.005736,0,0,0,1,0,0,1,0
253749,1786553446152.014325,0,0,0,1,0,0,1,0
253750,1786553446153.075216,0,0,0,1,0,0,1,0
253751,1786553446154.070703,0,0,0,1,0,0,1,0
253752,1786553446155.067090,0,0,0,1,0,0,1,0
253753,1786553446156.057477,0,0,0,1,0,0,1,0
253754,1786553446157.062766,0,0,0,1,0,0,1,0
253755,1786553446158.080055,0,0,0,1,0,0,1,0
253756,1786553446159.082041,0,0,0,1,0,0,1,0
253757,1786553446160.088830,0,0,0,1,0,0,1,0
253758,1786553446161.096916,0,0,0,1,0,0,1,0
253759,1786553446162.106903,0,0,0,1,0,0,1,0
253760,1786553446163.112690,0,0,0,1,0,0,1,0
253761,1786553446164.122878,0,0,0,1,0,0,1,0
253762,1786553446165.128866,0,0,0,1,0,0,1,0
253763,1786553446166.139655,0,0,0,1,0,0,1,0
253764,1786553446167.145243,0,0,0,1,0,0,1,0
253765,1786553446168.171833,0,0,0,1,0,0,1,0
253766,1786553446169.165818,0,0,0,1,0,0,1,0
253767,1786553446170.199807,0,0,0,1,0,0,1,0
253768,1786553446171.193295,0,0,0,1,0,0,1,0
253769,1786553446172.201184,0,0,0,1,0,0,1,0
253770,1786553446173.203271,0,0,0,1,0,0,1,0
253771,1786553446174.214158,0,0,0,1,0,0,1,0
253772,1786553446175.222446,0,0,0,1,0,0,1,0
253773,1786553446176.230533,0,0,0,1,0,0,1,0
253774,1786553446177.237621,0,0,0,1,0,0,1,0
253775,1786553446178.244907,0,0,0,1,0,0,1,0
253776,1786553446179.254195,0,0,0,1,0,0,1,0
253777,1786553446180.263483,0,0,0,1,0,0,1,0
253778,1786553446181.269672,0,0,0,1,0,0,1,0
253779,1786553446182.278660,0,0,0,1,0,0,1,0
253780,1786553446183.288447,0,0,0,1,0,0,1,0
253781,1786553446184.361539,0,0,0,1,0,0,1,0
253782,1786553446185.321220,0,0,0,1,0,0,1,0
253783,1786553446186.329207,0,0,0,1,0,0,1,0
253784,1786553446187.331992,0,0,0,1,0,0,1,0
253785,1786553446188.336781,0,0,0,1,0,0,1,0
253786,1786553446189.352669,0,0,0,1,0,0,1,0
253787,1786553446190.374856,0,0,0,1,0,0,1,0
253788,1786553446191.373141,0,0,0,1,0,0,1,0
253789,1786553446192.381829,0,0,0,1,0,0,1,0
253790,1786553446193.389116,0,0,0,1,0,0,1,0
253791,1786553446194.399003,0,0,0,1,0,0,1,0
253792,1786553446195.405489,0,0,0,1,0,0,1,0
253793,1786553446196.413677,0,0,0,1,0,0,1,0
253794,1786553446197.427665,0,0,0,1,0,0,1,0
253795,1786553446198.429054,0,0,0,1,0,0,1,0
253796,1786553446199.621557,0,0,0,1,0,0,1,0
253797,1786553446200.493132,0,0,0,1,0,0,1,0
253798,1786553446201.485719,0,0,0,1,0,0,1,0
253799,1786553446202.491806,0,0,0,1,0,0,1,0
253800,1786553446203.490993,0,0,0,1,0,0,1,0
253801,1786553446204.495581,0,0,0,1,0,0,1,0
253802,1786553446205.512668,0,0,0,1,0,0,1,0
253803,1786553446206.509354,0,0,0,1,0,0,1,0
253804,1786553446207.516342,0,0,0,1,0,0,1,0
253805,1786553446208.522830,0,0,0,1,0,0,1,0
253806,1786553446209.529917,0,0,0,1,0,0,1,0
253807,1786553446210.539105,0,0,0,1,0,0,1,0
253808,1786553446211.547493,0,0,0,1,0,0,1,0
253809,1786553446212.562180,0,0,0,1,0,0,1,0
253810,1786553446213.568968,0,0,0,1,0,0,1,0
253811,1786553446214.617059,0,0,0,1,0,0,1,0
253812,1786553446215.610146,0,0,0,1,0,0,1,0
253813,1786553446216.615235,0,0,0,1,0,0,1,0
253814,1786553446217.618421,0,0,0,1,0,0,1,0
253815,1786553446218.620609,0,0,0,1,0,0,1,0
253816,1786553446219.643496,0,0,0,1,0,0,1,0
253817,1786553446220.638583,0,0,0,1,0,0,1,0
253818,1786553446221.643969,0,0,0,1,0,0,1,0
253819,1786553446222.662357,0,0,0,1,0,0,1,0
253820,1786553446223.668546,0,0,0,1,0,0,1,0
253821,1786553446224.672934,0,0,0,1,0,0,1,0
253822,1786553446225.679221,0,0,0,1,0,0,1,0
253823,1786553446226.685810,0,0,0,1,0,0,1,0
253824,1786553446227.693599,0,0,0,1,0,0,1,0
253825,1786553446228.702988,0,0,0,1,0,0,1,0
253826,1786553446229.709276,0,0,0,1,0,0,1,0
253827,1786553446231.167903,0,0,0,1,0,0,1,0
253828,1786553446232.135987,0,0,0,1,0,0,1,0
253829,1786553446233.436499,0,0,0,1,0,0,1,0
253830,1786553446234.434687,0,0,0,1,0,0,1,0
253831,1786553446235.446676,0,0,0,1,0,0,1,0
253832,1786553446236.450464,0,0,0,1,0,0,1,0
253833,1786553446237.457851,0,0,0,1,0,0,1,0
253834,1786553446238.465239,0,0,0,1,0,0,1,0
253835,1786553446239.474026,0,0,0,1,0,0,1,0
253836,1786553446240.481913,0,0,0,1,0,0,1,0
253837,1786553446241.498501,0,0,0,1,0,0,1,0
253838,1786553446242.502587,0,0,0,1,0,0,1,0
253839,1786553446243.512675,0,0,0,1,0,0,1,0
253840,1786553446244.520362,0,0,0,1,0,0,1,0
253841,1786553446245.540850,0,0,0,1,0,0,1,0
253842,1786553446246.546738,0,0,0,1,0,0,1,0
253843,1786553446247.563327,0,0,0,1,0,0,1,0
253844,1786553446248.570513,0,0,0,1,0,0,1,0
253845,1786553446249.580601,0,0,0,1,0,0,1,0
253846,1786553446250.588889,0,0,0,1,0,0,1,0
253847,1786553446251.603578,0,0,0,1,0,0,1,0
253848,1786553446252.610466,0,0,0,1,0,0,1,0
253849,1786553446253.629354,0,0,0,1,0,0,1,0
253850,1786553446254.631842,0,0,0,1,0,0,1,0
253851,1786553446255.638230,0,0,0,1,0,0,1,0
253852,1786553446256.646618,0,0,0,1,0,0,1,0
253853,1786553446257.657005,0,0,0,1,0,0,1,0
253854,1786553446258.668492,0,0,0,1,0,0,1,0
253855,1786553446259.676179,0,0,0,1,0,0,1,0
253856,1786553446261.400830,0,0,0,1,0,0,1,0
253857,1786553446262.240202,0,0,0,1,0,0,1,0
253858,1786553446263.236989,0,0,0,1,0,0,1,0
253859,1786553446264.241176,0,0,0,1,0,0,1,0
253860,1786553446265.250963,0,0,0,1,0,0,1,0
253861,1786553446266.308654,0,0,0,1,0,0,1,0
253862,1786553446267.330143,0,0,0,1,0,0,1,0
253863,1786553446268.336531,0,0,0,1,0,0,1,0
253864,1786553446269.350319,0,0,0,1,0,0,1,0
253865,1786553446270.373708,0,0,0,1,0,0,1,0
253866,1786553446271.383396,0,0,0,1,0,0,1,0
253867,1786553446272.408584,0,0,0,1,0,0,1,0
253868,1786553446273.393571,0,0,0,1,0,0,1,0
253869,1786553446274.394458,0,0,0,1,0,0,1,0
253870,1786553446275.392745,0,0,0,1,0,0,1,0
253871,1786553446276.398432,0,0,0,1,0,0,1,0
253872,1786553446277.405919,0,0,0,1,0,0,1,0
253873,1786553446278.413505,0,0,0,1,0,0,1,0
253874,1786553446279.423094,0,0,0,1,0,0,1,0
253875,1786553446280.430182,0,0,0,1,0,0,1,0
253876,1786553446281.438269,0,0,0,1,0,0,1,0
253877,1786553446282.464458,0,0,0,1,0,0,1,0
253878,1786553446283.459245,0,0,0,1,0,0,1,0
253879,1786553446284.465732,0,0,0,1,0,0,1,0
253880,1786553446285.474619,0,0,0,1,0,0,1,0
253881,1786553446286.516208,0,0,0,1,0,0,1,0
253882,1786553446287.492192,0,0,0,1,0,0,1,0
253883,1786553446288.500779,0,0,0,1,0,0,1,0
253884,1786553446289.518368,0,0,0,1,0,0,1,0
253885,1786553446290.545359,0,0,0,1,0,0,1,0
253886,1786553446291.530745,0,0,0,1,0,0,1,0
253887,1786553446292.539331,0,0,0,1,0,0,1,0
253888,1786553446293.547518,0,0,0,1,0,0,1,0
253889,1786553446294.562706,0,0,0,1,0,0,1,0
253890,1786553446295.567893,0,0,0,1,0,0,1,0
253891,1786553446296.578080,0,0,0,1,0,0,1,0
253892,1786553446297.582468,0,0,0,1,0,0,1,0
253893,1786553446298.593255,0,0,0,1,0,0,1,0
253894,1786553446299.608242,0,0,0,1,0,0,1,0
253895,1786553446300.617129,0,0,0,1,0,0,1,0
253896,1786553446301.618216,0,0,0,1,0,0,1,0
253897,1786553446302.628604,0,0,0,1,0,0,1,0
253898,1786553446303.634291,0,0,0,1,0,0,1,0
253899,1786553446304.645078,0,0,0,1,0,0,1,0
253900,1786553446305.658166,0,0,0,1,0,0,1,0
253901,1786553446306.664254,0,0,0,1,0,0,1,0
253902,1786553446307.668941,0,0,0,1,0,0,1,0
253903,1786553446308.678128,0,0,0,1,0,0,1,0
253904,1786553446309.687217,0,0,0,1,0,0,1,0
253905,1786553446310.694704,0,0,0,1,0,0,1,0
253906,1786553446311.710393,0,0,0,1,0,0,1,0
253907,1786553446312.712278,0,0,0,1,0,0,1,0
253908,1786553446313.718866,0,0,0,1,0,0,1,0
253909,1786553446314.728355,0,0,0,1,0,0,1,0
253910,1786553446315.744443,0,0,0,1,0,0,1,0
253911,1786553446316.750531,0,0,0,1,0,0,1,0
253912,1786553446317.755919,0,0,0,1,0,0,1,0
253913,1786553446318.769005,0,0,0,1,0,0,1,0
253914,1786553446319.776892,0,0,0,1,0,0,1,0
253915,1786553446320.789081,0,0,0,1,0,0,1,0
253916,1786553446321.838070,0,0,0,1,0,0,1,0
253917,1786553446322.841057,0,0,0,1,0,0,1,0
253918,1786553446323.835042,0,0,0,1,0,0,1,0
253919,1786553446324.849129,0,0,0,1,0,0,1,0
253920,1786553446325.843116,0,0,0,1,0,0,1,0
253921,1786553446326.853905,0,0,0,1,0,0,1,0
253922,1786553446327.858692,0,0,0,1,0,0,1,0
253923,1786553446328.869079,0,0,0,1,0,0,1,0
253924,1786553446329.877465,0,0,0,1,0,0,1,0
253925,1786553446330.903954,0,0,0,1,0,0,1,0
253926,1786553446331.903842,0,0,0,1,0,0,1,0
253927,1786553446332.908628,0,0,0,1,0,0,1,0
253928,1786553446333.917617,0,0,0,1,0,0,1,0
253929,1786553446334.932106,0,0,0,1,0,0,1,0
253930,1786553446336.844770,0,0,0,1,0,0,1,0
253931,1786553446337.431823,0,0,0,1,0,0,1,0
253932,1786553446338.385505,0,0,0,1,0,0,1,0
253933,1786553446339.450698,0,0,0,1,0,0,1,0
253934,1786553446340.399380,0,0,0,1,0,0,1,0
253935,1786553446341.410967,0,0,0,1,0,0,1,0
253936,1786553446342.416454,0,0,0,1,0,0,1,0
253937,1786553446343.428441,0,0,0,1,0,0,1,0
253938,1786553446344.440828,0,0,0,1,0,0,1,0
253939,1786553446345.461416,0,0,0,1,0,0,1,0
253940,1786553446346.471304,0,0,0,1,0,0,1,0
253941,1786553446347.480291,0,0,0,1,0,0,1,0
253942,1786553446348.491678,0,0,0,1,0,0,1,0
253943,1786553446349.496665,0,0,0,1,0,0,1,0
253944,1786553446350.504554,0,0,0,1,0,0,1,0
253945,1786553446351.514942,0,0,0,1,0,0,1,0
253946,1786553446352.521428,0,0,0,1,0,0,1,0
253947,1786553446353.532816,0,0,0,1,0,0,1,0
253948,1786553446354.541002,0,0,0,1,0,0,1,0
253949,1786553446355.552191,0,0,0,1,0,0,1,0
253950,1786553446356.562378,0,0,0,1,0,0,1,0
253951,1786553446357.572265,0,0,0,1,0,0,1,0
253952,1786553446358.582853,0,0,0,1,0,0,1,0
253953,1786553446359.590140,0,0,0,1,0,0,1,0
253954,1786553446360.598728,0,0,0,1,0,0,1,0
253955,1786553446361.616916,0,0,0,1,0,0,1,0
253956,1786553446362.633304,0,0,0,1,0,0,1,0
253957,1786553446363.632792,0,0,0,1,0,0,1,0
253958,1786553446364.659080,0,0,0,1,0,0,1,0
253959,1786553446365.659568,0,0,0,1,0,0,1,0
253960,1786553446366.663655,0,0,0,1,0,0,1,0
253961,1786553446367.677243,0,0,0,1,0,0,1,0
253962,1786553446368.678630,0,0,0,1,0,0,1,0
253963,1786553446369.687016,0,0,0,1,0,0,1,0
253964,1786553446370.694404,0,0,0,1,0,0,1,0
253965,1786553446371.702191,0,0,0,1,0,0,1,0
253966,1786553446372.710780,0,0,0,1,0,0,1,0
253967,1786553446373.720668,0,0,0,1,0,0,1,0
253968,1786553446374.728154,0,0,0,1,0,0,1,0
253969,1786553446375.737542,0,0,0,1,0,0,1,0
253970,1786553446376.753730,0,0,0,1,0,0,1,0
253971,1786553446377.764117,0,0,0,1,0,0,1,0
253972,1786553446378.777506,0,0,0,1,0,0,1,0
253973,1786553446379.784094,0,0,0,1,0,0,1,0
253974,1786553446380.785081,0,0,0,1,0,0,1,0
253975,1786553446381.791669,0,0,0,1,0,0,1,0
253976,1786553446382.798057,0,0,0,1,0,0,1,0
253977,1786553446383.807244,0,0,0,1,0,0,1,0
253978,1786553446384.834733,0,0,0,1,0,0,1,0
253979,1786553446385.831720,0,0,0,1,0,0,1,0
253980,1786553446386.840708,0,0,0,1,0,0,1,0
253981,1786553446387.847398,0,0,0,1,0,0,1,0
253982,1786553446388.858385,0,0,0,1,0,0,1,0
253983,1786553446389.868273,0,0,0,1,0,0,1,0
253984,1786553446390.876260,0,0,0,1,0,0,1,0
253985,1786553446391.884448,0,0,0,1,0,0,1,0
253986,1786553446392.891235,0,0,0,1,0,0,1,0
253987,1786553446394.048235,0,0,0,1,0,0,1,0
253988,1786553446395.970903,0,0,0,1,0,0,1,0
253989,1786553446396.606258,0,0,0,1,0,0,1,0
253990,1786553446397.602544,0,0,0,1,0,0,1,0
253991,1786553446398.613933,0,0,0,1,0,0,1,0
253992,1786553446399.620321,0,0,0,1,0,0,1,0
253993,1786553446400.626309,0,0,0,1,0,0,1,0
253994,1786553446401.638496,0,0,0,1,0,0,1,0
253995,1786553446402.643684,0,0,0,1,0,0,1,0
253996,1786553446403.652372,0,0,0,1,0,0,1,0
253997,1786553446404.658960,0,0,0,1,0,0,1,0
253998,1786553446405.672248,0,0,0,1,0,0,1,0
253999,1786553446406.675935,0,0,0,1,0,0,1,0
254000,1786553446407.691324,0,0,0,1,0,0,1,0
254001,1786553446408.694710,0,0,0,1,0,0,1,0
254002,1786553446409.742102,0,0,0,1,0,0,1,0
254003,1786553446410.759291,0,0,0,1,0,0,1,0
254004,1786553446411.756477,0,0,0,1,0,0,1,0
254005,1786553446412.751062,0,0,0,1,0,0,1,0
254006,1786553446413.756449,0,0,0,1,0,0,1,0
254007,1786553446414.781039,0,0,0,1,0,0,1,0
254008,1786553446415.780225,0,0,0,1,0,0,1,0
254009,1786553446416.787611,0,0,0,1,0,0,1,0
254010,1786553446417.796199,0,0,0,1,0,0,1,0
254011,1786553446418.803287,0,0,0,1,0,0,1,0
254012,1786553446419.821475,0,0,0,1,0,0,1,0
254013,1786553446420.828963,0,0,0,1,0,0,1,0
254014,1786553446421.834951,0,0,0,1,0,0,1,0
254015,1786553446422.844639,0,0,0,1,0,0,1,0
254016,1786553446423.851427,0,0,0,1,0,0,1,0
254017,1786553446424.939123,0,0,0,1,0,0,1,0
254018,1786553446425.900607,0,0,0,1,0,0,1,0
254019,1786553446426.926696,0,0,0,1,0,0,1,0
254020,1786553446427.910081,0,0,0,1,0,0,1,0
254021,1786553446428.918668,0,0,0,1,0,0,1,0
254022,1786553446429.920956,0,0,0,1,0,0,1,0
254023,1786553446430.928544,0,0,0,1,0,0,1,0
254024,1786553446431.944230,0,0,0,1,0,0,1,0
254025,1786553446432.945716,0,0,0,1,0,0,1,0
254026,1786553446433.955404,0,0,0,1,0,0,1,0
254027,1786553446434.962891,0,0,0,1,0,0,1,0
254028,1786553446435.971778,0,0,0,1,0,0,1,0
254029,1786553446436.975966,0,0,0,1,0,0,1,0
254030,1786553446437.998655,0,0,0,1,0,0,1,0
254031,1786553446438.997842,0,0,0,1,0,0,1,0
254032,1786553446440.039433,0,0,0,1,0,0,1,0
254033,1786553446441.020319,0,0,0,1,0,0,1,0
254034,1786553446442.022706,0,0,0,1,0,0,1,0
254035,1786553446443.040495,0,0,0,1,0,0,1,0
254036,1786553446444.042180,0,0,0,1,0,0,1,0
254037,1786553446445.052766,0,0,0,1,0,0,1,0
254038,1786553446446.058554,0,0,0,1,0,0,1,0
254039,1786553446447.070141,0,0,0,1,0,0,1,0
254040,1786553446448.074929,0,0,0,1,0,0,1,0
254041,1786553446449.087518,0,0,0,1,0,0,1,0
254042,1786553446450.093705,0,0,0,1,0,0,1,0
254043,1786553446451.112194,0,0,0,1,0,0,1,0
254044,1786553446452.115983,0,0,0,1,0,0,1,0
254045,1786553446453.123570,0,0,0,1,0,0,1,0
254046,1786553446454.130458,0,0,0,1,0,0,1,0
254047,1786553446455.140945,0,0,0,1,0,0,1,0
254048,1786553446456.178434,0,0,0,1,0,0,1,0
254049,1786553446457.167720,0,0,0,1,0,0,1,0
254050,1786553446458.171407,0,0,0,1,0,0,1,0
254051,1786553446459.217598,0,0,0,1,0,0,1,0
254052,1786553446460.253789,0,0,0,1,0,0,1,0
254053,1786553446461.255475,0,0,0,1,0,0,1,0
254054,1786553446462.271962,0,0,0,1,0,0,1,0
254055,1786553446463.295349,0,0,0,1,0,0,1,0
254056,1786553446464.312937,0,0,0,1,0,0,1,0
254057,1786553446465.284320,0,0,0,1,0,0,1,0
254058,1786553446466.287206,0,0,0,1,0,0,1,0
254059,1786553446467.291393,0,0,0,1,0,0,1,0
254060,1786553446468.306480,0,0,0,1,0,0,1,0
254061,1786553446469.314267,0,0,0,1,0,0,1,0
254062,1786553446470.328456,0,0,0,1,0,0,1,0
254063,1786553446471.332344,0,0,0,1,0,0,1,0
254064,1786553446472.342332,0,0,0,1,0,0,1,0
254065,1786553446473.350720,0,0,0,1,0,0,1,0
254066,1786553446474.358407,0,0,0,1,0,0,1,0
254067,1786553446475.366496,0,0,0,1,0,0,1,0
254068,1786553446476.382982,0,0,0,1,0,0,1,0
254069,1786553446477.388568,0,0,0,1,0,0,1,0
254070,1786553446478.395756,0,0,0,1,0,0,1,0
254071,1786553446479.402844,0,0,0,1,0,0,1,0
254072,1786553446480.410531,0,0,0,1,0,0,1,0
254073,1786553446481.421417,0,0,0,1,0,0,1,0
254074,1786553446482.428504,0,0,0,1,0,0,1,0
254075,1786553446483.439792,0,0,0,1,0,0,1,0
254076,1786553446484.445180,0,0,0,1,0,0,1,0
254077,1786553446485.467568,0,0,0,1,0,0,1,0
254078,1786553446486.561463,0,0,0,1,0,0,1,0
254079,1786553446487.487443,0,0,0,1,0,0,1,0
254080,1786553446488.487931,0,0,0,1,0,0,1,0
254081,1786553446489.489019,0,0,0,1,0,0,1,0
254082,1786553446490.522008,0,0,0,1,0,0,1,0
254083,1786553446491.502593,0,0,0,1,0,0,1,0
254084,1786553446492.513882,0,0,0,1,0,0,1,0
254085,1786553446493.515569,0,0,0,1,0,0,1,0
254086,1786553446494.523555,0,0,0,1,0,0,1,0
254087,1786553446495.528444,0,0,0,1,0,0,1,0
254088,1786553446496.536734,0,0,0,1,0,0,1,0
254089,1786553446497.541721,0,0,0,1,0,0,1,0
254090,1786553446498.550208,0,0,0,1,0,0,1,0
254091,1786553446499.561196,0,0,0,1,0,0,1,0
254092,1786553446500.604088,0,0,0,1,0,0,1,0
254093,1786553446501.589973,0,0,0,1,0,0,1,0
254094,1786553446502.594661,0,0,0,1,0,0,1,0
254095,1786553446503.600849,0,0,0,1,0,0,1,0
254096,1786553446504.608237,0,0,0,1,0,0,1,0
254097,1786553446505.615224,0,0,0,1,0,0,1,0
254098,1786553446506.626711,0,0,0,1,0,0,1,0
254099,1786553446507.634197,0,0,0,1,0,0,1,0
254100,1786553446508.645085,0,0,0,1,0,0,1,0
254101,1786553446509.650372,0,0,0,1,0,0,1,0
254102,1786553446510.658560,0,0,0,1,0,0,1,0
254103,1786553446511.664648,0,0,0,1,0,0,1,0
254104,1786553446512.672335,0,0,0,1,0,0,1,0
254105,1786553446513.679724,0,0,0,1,0,0,1,0
254106,1786553446514.687611,0,0,0,1,0,0,1,0
254107,1786553446515.695000,0,0,0,1,0,0,1,0
254108,1786553446516.777393,0,0,0,1,0,0,1,0
254109,1786553446517.729275,0,0,0,1,0,0,1,0
254110,1786553446518.835871,0,0,0,1,0,0,1,0
254111,1786553446519.737950,0,0,0,1,0,0,1,0
254112,1786553446520.747139,0,0,0,1,0,0,1,0
254113,1786553446521.756924,0,0,0,1,0,0,1,0
254114,1786553446522.771214,0,0,0,1,0,0,1,0
254115,1786553446523.778602,0,0,0,1,0,0,1,0
254116,1786553446524.800390,0,0,0,1,0,0,1,0
254117,1786553446525.806478,0,0,0,1,0,0,1,0
254118,1786553446526.827266,0,0,0,1,0,0,1,0
254119,1786553446527.836053,0,0,0,1,0,0,1,0
254120,1786553446528.843242,0,0,0,1,0,0,1,0
254121,1786553446529.849629,0,0,0,1,0,0,1,0
254122,1786553446530.880919,0,0,0,1,0,0,1,0
254123,1786553446531.870406,0,0,0,1,0,0,1,0
254124,1786553446532.874093,0,0,0,1,0,0,1,0
254125,1786553446533.881081,0,0,0,1,0,0,1,0
254126,1786553446534.910872,0,0,0,1,0,0,1,0
254127,1786553446535.903059,0,0,0,1,0,0,1,0
254128,1786553446536.914945,0,0,0,1,0,0,1,0
254129,1786553446537.920233,0,0,0,1,0,0,1,0
254130,1786553446538.931221,0,0,0,1,0,0,1,0
254131,1786553446539.935508,0,0,0,1,0,0,1,0
254132,1786553446540.946798,0,0,0,1,0,0,1,0
254133,1786553446542.003789,0,0,0,1,0,0,1,0
254134,1786553446542.996574,0,0,0,1,0,0,1,0
254135,1786553446543.991561,0,0,0,1,0,0,1,0
254136,1786553446545.001449,0,0,0,1,0,0,1,0
254137,1786553446546.008037,0,0,0,1,0,0,1,0
254138,1786553446547.018725,0,0,0,1,0,0,1,0
254139,1786553446548.050815,0,0,0,1,0,0,1,0
254140,1786553446549.039900,0,0,0,1,0,0,1,0
254141,1786553446550.056388,0,0,0,1,0,0,1,0
254142,1786553446551.057275,0,0,0,1,0,0,1,0
254143,1786553446552.067264,0,0,0,1,0,0,1,0
254144,1786553446553.073752,0,0,0,1,0,0,1,0
254145,1786553446554.084340,0,0,0,1,0,0,1,0
254146,1786553446555.092127,0,0,0,1,0,0,1,0
254147,1786553446556.102915,0,0,0,1,0,0,1,0
254148,1786553446557.108403,0,0,0,1,0,0,1,0
254149,1786553446558.130391,0,0,0,1,0,0,1,0
254150,1786553446559.132078,0,0,0,1,0,0,1,0
254151,1786553446560.139966,0,0,0,1,0,0,1,0
254152,1786553446561.149355,0,0,0,1,0,0,1,0
254153,1786553446562.162942,0,0,0,1,0,0,1,0
254154,1786553446563.173431,0,0,0,1,0,0,1,0
254155,1786553446564.177619,0,0,0,1,0,0,1,0
254156,1786553446565.186707,0,0,0,1,0,0,1,0
254157,1786553446566.194194,0,0,0,1,0,0,1,0
254158,1786553446567.203482,0,0,0,1,0,0,1,0
254159,1786553446568.212772,0,0,0,1,0,0,1,0
254160,1786553446569.220859,0,0,0,1,0,0,1,0
254161,1786553446570.228747,0,0,0,1,0,0,1,0
254162,1786553446571.238434,0,0,0,1,0,0,1,0
254163,1786553446572.248222,0,0,0,1,0,0,1,0
254164,1786553446573.257410,0,0,0,1,0,0,1,0
254165,1786553446574.283299,0,0,0,1,0,0,1,0
254166,1786553446575.277386,0,0,0,1,0,0,1,0
254167,1786553446576.291374,0,0,0,1,0,0,1,0
254168,1786553446577.638890,0,0,0,1,0,0,1,0
254169,1786553446578.630676,0,0,0,1,0,0,1,0
254170,1786553446579.645764,0,0,0,1,0,0,1,0
254171,1786553446580.631449,0,0,0,1,0,0,1,0
254172,1786553446581.627534,0,0,0,1,0,0,1,0
254173,1786553446582.637620,0,0,0,1,0,0,1,0
254174,1786553446583.639907,0,0,0,1,0,0,1,0
254175,1786553446584.668996,0,0,0,1,0,0,1,0
254176,1786553446585.662384,0,0,0,1,0,0,1,0
254177,1786553446586.671972,0,0,0,1,0,0,1,0
254178,1786553446587.674361,0,0,0,1,0,0,1,0
254179,1786553446588.679748,0,0,0,1,0,0,1,0
254180,1786553446589.688237,0,0,0,1,0,0,1,0
254181,1786553446590.700225,0,0,0,1,0,0,1,0
254182,1786553446591.704111,0,0,0,1,0,0,1,0
254183,1786553446592.726001,0,0,0,1,0,0,1,0
254184,1786553446593.722487,0,0,0,1,0,0,1,0
254185,1786553446594.729673,0,0,0,1,0,0,1,0
254186,1786553446595.732360,0,0,0,1,0,0,1,0
254187,1786553446596.740348,0,0,0,1,0,0,1,0
254188,1786553446597.746535,0,0,0,1,0,0,1,0
254189,1786553446598.754822,0,0,0,1,0,0,1,0
254190,1786553446599.763211,0,0,0,1,0,0,1,0
254191,1786553446600.776199,0,0,0,1,0,0,1,0
254192,1786553446601.787987,0,0,0,1,0,0,1,0
254193,1786553446602.795075,0,0,0,1,0,0,1,0
254194,1786553446603.803362,0,0,0,1,0,0,1,0
254195,1786553446604.830452,0,0,0,1,0,0,1,0
254196,1786553446605.831539,0,0,0,1,0,0,1,0
254197,1786553446606.884633,0,0,0,1,0,0,1,0
254198,1786553446608.349261,0,0,0,1,0,0,1,0
254199,1786553446609.345047,0,0,0,1,0,0,1,0
254200,1786553446610.343934,0,0,0,1,0,0,1,0
254201,1786553446611.350121,0,0,0,1,0,0,1,0
254202,1786553446612.354807,0,0,0,1,0,0,1,0
254203,1786553446613.361894,0,0,0,1,0,0,1,0
254204,1786553446614.369881,0,0,0,1,0,0,1,0
254205,1786553446615.380270,0,0,0,1,0,0,1,0
254206,1786553446616.396657,0,0,0,1,0,0,1,0
254207,1786553446617.400744,0,0,0,1,0,0,1,0
254208,1786553446618.408830,0,0,0,1,0,0,1,0
254209,1786553446619.420520,0,0,0,1,0,0,1,0
254210,1786553446620.434308,0,0,0,1,0,0,1,0
254211,1786553446621.439295,0,0,0,1,0,0,1,0
254212,1786553446622.464185,0,0,0,1,0,0,1,0
254213,1786553446623.477572,0,0,0,1,0,0,1,0
254214,1786553446624.478659,0,0,0,1,0,0,1,0
254215,1786553446625.485447,0,0,0,1,0,0,1,0
254216,1786553446626.494235,0,0,0,1,0,0,1,0
254217,1786553446627.508923,0,0,0,1,0,0,1,0
254218,1786553446628.518112,0,0,0,1,0,0,1,0
254219,1786553446629.526500,0,0,0,1,0,0,1,0
254220,1786553446630.537188,0,0,0,1,0,0,1,0
254221,1786553446631.544074,0,0,0,1,0,0,1,0
254222,1786553446632.553862,0,0,0,1,0,0,1,0
254223,1786553446633.566549,0,0,0,1,0,0,1,0
254224,1786553446634.575937,0,0,0,1,0,0,1,0
254225,1786553446635.584825,0,0,0,1,0,0,1,0
254226,1786553446636.591711,0,0,0,1,0,0,1,0
254227,1786553446637.600599,0,0,0,1,0,0,1,0
254228,1786553446638.642491,0,0,0,1,0,0,1,0
254229,1786553446639.642579,0,0,0,1,0,0,1,0
254230,1786553446640.641065,0,0,0,1,0,0,1,0
254231,1786553446641.647651,0,0,0,1,0,0,1,0
254232,1786553446642.653539,0,0,0,1,0,0,1,0
254233,1786553446643.661828,0,0,0,1,0,0,1,0
254234,1786553446644.675916,0,0,0,1,0,0,1,0
254235,1786553446645.681003,0,0,0,1,0,0,1,0
254236,1786553446646.687490,0,0,0,1,0,0,1,0
254237,1786553446647.695878,0,0,0,1,0,0,1,0
254238,1786553446648.703864,0,0,0,1,0,0,1,0
254239,1786553446649.712153,0,0,0,1,0,0,1,0
254240,1786553446650.720339,0,0,0,1,0,0,1,0
254241,1786553446651.726126,0,0,0,1,0,0,1,0
254242,1786553446652.736313,0,0,0,1,0,0,1,0
254243,1786553446653.761503,0,0,0,1,0,0,1,0
254244,1786553446654.759989,0,0,0,1,0,0,1,0
254245,1786553446655.783977,0,0,0,1,0,0,1,0
254246,1786553446656.785063,0,0,0,1,0,0,1,0
254247,1786553446657.791551,0,0,0,1,0,0,1,0
254248,1786553446658.799439,0,0,0,1,0,0,1,0
254249,1786553446659.824928,0,0,0,1,0,0,1,0
254250,1786553446660.826314,0,0,0,1,0,0,1,0
254251,1786553446661.832602,0,0,0,1,0,0,1,0
254252,1786553446662.838390,0,0,0,1,0,0,1,0
254253,1786553446663.846077,0,0,0,1,0,0,1,0
254254,1786553446664.861466,0,0,0,1,0,0,1,0
254255,1786553446665.864153,0,0,0,1,0,0,1,0
254256,1786553446666.871240,0,0,0,1,0,0,1,0
254257,1786553446667.881327,0,0,0,1,0,0,1,0
254258,1786553446669.178341,0,0,0,1,0,0,1,0
254259,1786553446670.174929,0,0,0,1,0,0,1,0
254260,1786553446671.171716,0,0,0,1,0,0,1,0
254261,1786553446672.184503,0,0,0,1,0,0,1,0
254262,1786553446673.215391,0,0,0,1,0,0,1,0
254263,1786553446674.195876,0,0,0,1,0,0,1,0
254264,1786553446675.202163,0,0,0,1,0,0,1,0
254265,1786553446676.209351,0,0,0,1,0,0,1,0
254266,1786553446677.216638,0,0,0,1,0,0,1,0
254267,1786553446678.225225,0,0,0,1,0,0,1,0
254268,1786553446679.234913,0,0,0,1,0,0,1,0
254269,1786553446680.240599,0,0,0,1,0,0,1,0
254270,1786553446681.250086,0,0,0,1,0,0,1,0
254271,1786553446682.257673,0,0,0,1,0,0,1,0
254272,1786553446683.266261,0,0,0,1,0,0,1,0
254273,1786553446684.278550,0,0,0,1,0,0,1,0
254274,1786553446685.288238,0,0,0,1,0,0,1,0
254275,1786553446686.293426,0,0,0,1,0,0,1,0
254276,1786553446687.302613,0,0,0,1,0,0,1,0
254277,1786553446688.314400,0,0,0,1,0,0,1,0
254278,1786553446689.320188,0,0,0,1,0,0,1,0
254279,1786553446690.328076,0,0,0,1,0,0,1,0
254280,1786553446691.336864,0,0,0,1,0,0,1,0
254281,1786553446692.344252,0,0,0,1,0,0,1,0
254282,1786553446693.351940,0,0,0,1,0,0,1,0
254283,1786553446694.363227,0,0,0,1,0,0,1,0
254284,1786553446695.370715,0,0,0,1,0,0,1,0
254285,1786553446696.380504,0,0,0,1,0,0,1,0
254286,1786553446697.389192,0,0,0,1,0,0,1,0
254287,1786553446698.397778,0,0,0,1,0,0,1,0
254288,1786553446699.645588,0,0,0,1,0,0,1,0
254289,1786553446700.595770,0,0,0,1,0,0,1,0
254290,1786553446701.592356,0,0,0,1,0,0,1,0
254291,1786553446702.598843,0,0,0,1,0,0,1,0
254292,1786553446703.603930,0,0,0,1,0,0,1,0
254293,1786553446704.619018,0,0,0,1,0,0,1,0
254294,1786553446705.626906,0,0,0,1,0,0,1,0
254295,1786553446706.631993,0,0,0,1,0,0,1,0
254296,1786553446707.636979,0,0,0,1,0,0,1,0
254297,1786553446708.643969,0,0,0,1,0,0,1,0
254298,1786553446709.650757,0,0,0,1,0,0,1,0
254299,1786553446710.659045,0,0,0,1,0,0,1,0
254300,1786553446711.667032,0,0,0,1,0,0,1,0
254301,1786553446712.675419,0,0,0,1,0,0,1,0
254302,1786553446713.681306,0,0,0,1,0,0,1,0
254303,1786553446714.706496,0,0,0,1,0,0,1,0
254304,1786553446715.706882,0,0,0,1,0,0,1,0
254305,1786553446716.712471,0,0,0,1,0,0,1,0
254306,1786553446717.720459,0,0,0,1,0,0,1,0
254307,1786553446718.728749,0,0,0,1,0,0,1,0
254308,1786553446719.738536,0,0,0,1,0,0,1,0
254309,1786553446720.758823,0,0,0,1,0,0,1,0
254310,1786553446721.771911,0,0,0,1,0,0,1,0
254311,1786553446722.770496,0,0,0,1,0,0,1,0
254312,1786553446723.775984,0,0,0,1,0,0,1,0
254313,1786553446724.791172,0,0,0,1,0,0,1,0
254314,1786553446725.791758,0,0,0,1,0,0,1,0
254315,1786553446726.800345,0,0,0,1,0,0,1,0
254316,1786553446727.825731,0,0,0,1,0,0,1,0
254317,1786553446728.832819,0,0,0,1,0,0,1,0
254318,1786553446729.892210,0,0,0,1,0,0,1,0
254319,1786553446730.857894,0,0,0,1,0,0,1,0
254320,1786553446731.865381,0,0,0,1,0,0,1,0
254321,1786553446732.870068,0,0,0,1,0,0,1,0
254322,1786553446733.879255,0,0,0,1,0,0,1,0
254323,1786553446734.893644,0,0,0,1,0,0,1,0
254324,1786553446735.893630,0,0,0,1,0,0,1,0
254325,1786553446736.914819,0,0,0,1,0,0,1,0
254326,1786553446737.916107,0,0,0,1,0,0,1,0
254327,1786553446738.922694,0,0,0,1,0,0,1,0
254328,1786553446739.930380,0,0,0,1,0,0,1,0
254329,1786553446740.941170,0,0,0,1,0,0,1,0
254330,1786553446741.947958,0,0,0,1,0,0,1,0
254331,1786553446742.956248,0,0,0,1,0,0,1,0
254332,1786553446743.962534,0,0,0,1,0,0,1,0
254333,1786553446745.005925,0,0,0,1,0,0,1,0
254334,1786553446745.997112,0,0,0,1,0,0,1,0
254335,1786553446746.998099,0,0,0,1,0,0,1,0
254336,1786553446748.007187,0,0,0,1,0,0,1,0
254337,1786553446749.016574,0,0,0,1,0,0,1,0
254338,1786553446750.027463,0,0,0,1,0,0,1,0
254339,1786553446751.036551,0,0,0,1,0,0,1,0
254340,1786553446752.046338,0,0,0,1,0,0,1,0
254341,1786553446753.058226,0,0,0,1,0,0,1,0
254342,1786553446754.072515,0,0,0,1,0,0,1,0
254343,1786553446755.078601,0,0,0,1,0,0,1,0
254344,1786553446756.084689,0,0,0,1,0,0,1,0
254345,1786553446757.095776,0,0,0,1,0,0,1,0
254346,1786553446758.102463,0,0,0,1,0,0,1,0
254347,1786553446759.114551,0,0,0,1,0,0,1,0
254348,1786553446760.513871,0,0,0,1,0,0,1,0
254349,1786553446761.154026,0,0,0,1,0,0,1,0
254350,1786553446762.143412,0,0,0,1,0,0,1,0
254351,1786553446763.148600,0,0,0,1,0,0,1,0
254352,1786553446764.157589,0,0,0,1,0,0,1,0
254353,1786553446765.166176,0,0,0,1,0,0,1,0
254354,1786553446766.174064,0,0,0,1,0,0,1,0
254355,1786553446767.181851,0,0,0,1,0,0,1,0
254356,1786553446768.192540,0,0,0,1,0,0,1,0
254357,1786553446769.202228,0,0,0,1,0,0,1,0
254358,1786553446770.211216,0,0,0,1,0,0,1,0
254359,1786553446771.219503,0,0,0,1,0,0,1,0
254360,1786553446772.228790,0,0,0,1,0,0,1,0
254361,1786553446773.240179,0,0,0,1,0,0,1,0
254362,1786553446774.246264,0,0,0,1,0,0,1,0
254363,1786553446775.263950,0,0,0,1,0,0,1,0
254364,1786553446776.270136,0,0,0,1,0,0,1,0
254365,1786553446777.274823,0,0,0,1,0,0,1,0
254366,1786553446778.284311,0,0,0,1,0,0,1,0
254367,1786553446779.292997,0,0,0,1,0,0,1,0
254368,1786553446780.312485,0,0,0,1,0,0,1,0
254369,1786553446781.319673,0,0,0,1,0,0,1,0
254370,1786553446782.329560,0,0,0,1,0,0,1,0
254371,1786553446783.337749,0,0,0,1,0,0,1,0
254372,1786553446784.346636,0,0,0,1,0,0,1,0
254373,1786553446785.361724,0,0,0,1,0,0,1,0
254374,1786553446786.371911,0,0,0,1,0,0,1,0
254375,1786553446787.379599,0,0,0,1,0,0,1,0
254376,1786553446788.384487,0,0,0,1,0,0,1,0
254377,1786553446789.394475,0,0,0,1,0,0,1,0
254378,1786553446790.417063,0,0,0,1,0,0,1,0
254379,1786553446791.432652,0,0,0,1,0,0,1,0
254380,1786553446792.426640,0,0,0,1,0,0,1,0
254381,1786553446793.434127,0,0,0,1,0,0,1,0
254382,1786553446794.442814,0,0,0,1,0,0,1,0
254383,1786553446795.449101,0,0,0,1,0,0,1,0
254384,1786553446796.455989,0,0,0,1,0,0,1,0
254385,1786553446797.462275,0,0,0,1,0,0,1,0
254386,1786553446798.469462,0,0,0,1,0,0,1,0
254387,1786553446799.476248,0,0,0,1,0,0,1,0
254388,1786553446800.481035,0,0,0,1,0,0,1,0
254389,1786553446801.489423,0,0,0,1,0,0,1,0
254390,1786553446802.505009,0,0,0,1,0,0,1,0
254391,1786553446803.508295,0,0,0,1,0,0,1,0
254392,1786553446804.515283,0,0,0,1,0,0,1,0
254393,1786553446805.533072,0,0,0,1,0,0,1,0
254394,1786553446806.581663,0,0,0,1,0,0,1,0
254395,1786553446807.548647,0,0,0,1,0,0,1,0
254396,1786553446808.563535,0,0,0,1,0,0,1,0
254397,1786553446809.572923,0,0,0,1,0,0,1,0
254398,1786553446810.580811,0,0,0,1,0,0,1,0
254399,1786553446811.586899,0,0,0,1,0,0,1,0
254400,1786553446812.594286,0,0,0,1,0,0,1,0
254401,1786553446813.601474,0,0,0,1,0,0,1,0
254402,1786553446814.610261,0,0,0,1,0,0,1,0
254403,1786553446815.615949,0,0,0,1,0,0,1,0
254404,1786553446816.620637,0,0,0,1,0,0,1,0
254405,1786553446817.626325,0,0,0,1,0,0,1,0
254406,1786553446818.645614,0,0,0,1,0,0,1,0
254407,1786553446819.645601,0,0,0,1,0,0,1,0
254408,1786553446820.651589,0,0,0,1,0,0,1,0
254409,1786553446821.917100,0,0,0,1,0,0,1,0
254410,1786553446822.910786,0,0,0,1,0,0,1,0
254411,1786553446823.915072,0,0,0,1,0,0,1,0
254412,1786553446824.938061,0,0,0,1,0,0,1,0
254413,1786553446825.940847,0,0,0,1,0,0,1,0
254414,1786553446826.947533,0,0,0,1,0,0,1,0
254415,1786553446827.955419,0,0,0,1,0,0,1,0
254416,1786553446828.964107,0,0,0,1,0,0,1,0
254417,1786553446829.970795,0,0,0,1,0,0,1,0
254418,1786553446830.978883,0,0,0,1,0,0,1,0
254419,1786553446831.986670,0,0,0,1,0,0,1,0
254420,1786553446832.995356,0,0,0,1,0,0,1,0
254421,1786553446834.002443,0,0,0,1,0,0,1,0
254422,1786553446835.015632,0,0,0,1,0,0,1,0
254423,1786553446836.023819,0,0,0,1,0,0,1,0
254424,1786553446837.049308,0,0,0,1,0,0,1,0
254425,1786553446838.051796,0,0,0,1,0,0,1,0
254426,1786553446839.050284,0,0,0,1,0,0,1,0
254427,1786553446840.055968,0,0,0,1,0,0,1,0
254428,1786553446841.063555,0,0,0,1,0,0,1,0
254429,1786553446842.073043,0,0,0,1,0,0,1,0
254430,1786553446843.082931,0,0,0,1,0,0,1,0
254431,1786553446844.087918,0,0,0,1,0,0,1,0
254432,1786553446845.097006,0,0,0,1,0,0,1,0
254433,1786553446846.102994,0,0,0,1,0,0,1,0
254434,1786553446847.109883,0,0,0,1,0,0,1,0
254435,1786553446848.117471,0,0,0,1,0,0,1,0
254436,1786553446849.126560,0,0,0,1,0,0,1,0
254437,1786553446850.135348,0,0,0,1,0,0,1,0
254438,1786553446851.164137,0,0,0,1,0,0,1,0
254439,1786553446852.202129,0,0,0,1,0,0,1,0
254440,1786553446853.178315,0,0,0,1,0,0,1,0
254441,1786553446854.225008,0,0,0,1,0,0,1,0
254442,1786553446855.196891,0,0,0,1,0,0,1,0
254443,1786553446856.195078,0,0,0,1,0,0,1,0
254444,1786553446857.201066,0,0,0,1,0,0,1,0
254445,1786553446858.207453,0,0,0,1,0,0,1,0
254446,1786553446859.215641,0,0,0,1,0,0,1,0
254447,1786553446860.225129,0,0,0,1,0,0,1,0
254448,1786553446861.228917,0,0,0,1,0,0,1,0
254449,1786553446862.239706,0,0,0,1,0,0,1,0
254450,1786553446863.245393,0,0,0,1,0,0,1,0
254451,1786553446864.253483,0,0,0,1,0,0,1,0
254452,1786553446865.260770,0,0,0,1,0,0,1,0
254453,1786553446866.268757,0,0,0,1,0,0,1,0
254454,1786553446867.290747,0,0,0,1,0,0,1,0
254455,1786553446868.296435,0,0,0,1,0,0,1,0
254456,1786553446869.296421,0,0,0,1,0,0,1,0
254457,1786553446870.304609,0,0,0,1,0,0,1,0
254458,1786553446871.313297,0,0,0,1,0,0,1,0
254459,1786553446872.324686,0,0,0,1,0,0,1,0
254460,1786553446873.337274,0,0,0,1,0,0,1,0
254461,1786553446874.343161,0,0,0,1,0,0,1,0
254462,1786553446875.351247,0,0,0,1,0,0,1,0
254463,1786553446876.359534,0,0,0,1,0,0,1,0
254464,1786553446877.367722,0,0,0,1,0,0,1,0
254465,1786553446878.377510,0,0,0,1,0,0,1,0
254466,1786553446879.385298,0,0,0,1,0,0,1,0
254467,1786553446880.394185,0,0,0,1,0,0,1,0
254468,1786553446881.401472,0,0,0,1,0,0,1,0
254469,1786553446882.409961,0,0,0,1,0,0,1,0
254470,1786553446883.438652,0,0,0,1,0,0,1,0
254471,1786553446884.442340,0,0,0,1,0,0,1,0
254472,1786553446885.442726,0,0,0,1,0,0,1,0
254473,1786553446886.474916,0,0,0,1,0,0,1,0
254474,1786553446887.459201,0,0,0,1,0,0,1,0
254475,1786553446888.466587,0,0,0,1,0,0,1,0
254476,1786553446889.473974,0,0,0,1,0,0,1,0
254477,1786553446890.497564,0,0,0,1,0,0,1,0
254478,1786553446891.491050,0,0,0,1,0,0,1,0
254479,1786553446892.499637,0,0,0,1,0,0,1,0
254480,1786553446893.506424,0,0,0,1,0,0,1,0
254481,1786553446894.518312,0,0,0,1,0,0,1,0
254482,1786553446895.525199,0,0,0,1,0,0,1,0
254483,1786553446896.531988,0,0,0,1,0,0,1,0
254484,1786553446897.588879,0,0,0,1,0,0,1,0
254485,1786553446898.564563,0,0,0,1,0,0,1,0
254486,1786553446899.567253,0,0,0,1,0,0,1,0
254487,1786553446900.583141,0,0,0,1,0,0,1,0
254488,1786553446901.588828,0,0,0,1,0,0,1,0
254489,1786553446902.594215,0,0,0,1,0,0,1,0
254490,1786553446903.599702,0,0,0,1,0,0,1,0
254491,1786553446904.608989,0,0,0,1,0,0,1,0
254492,1786553446905.626478,0,0,0,1,0,0,1,0
254493,1786553446906.626264,0,0,0,1,0,0,1,0
254494,1786553446907.637652,0,0,0,1,0,0,1,0
254495,1786553446908.641939,0,0,0,1,0,0,1,0
254496,1786553446909.649728,0,0,0,1,0,0,1,0
254497,1786553446910.659216,0,0,0,1,0,0,1,0
254498,1786553446911.665202,0,0,0,1,0,0,1,0
254499,1786553446912.673390,0,0,0,1,0,0,1,0
254500,1786553446913.712081,0,0,0,1,0,0,1,0
254501,1786553446914.714865,0,0,0,1,0,0,1,0
254502,1786553446915.734055,0,0,0,1,0,0,1,0
254503,1786553446916.725641,0,0,0,1,0,0,1,0
254504,1786553446917.728728,0,0,0,1,0,0,1,0
254505,1786553446918.735516,0,0,0,1,0,0,1,0
254506,1786553446919.743403,0,0,0,1,0,0,1,0
254507,1786553446920.751590,0,0,0,1,0,0,1,0
254508,1786553446921.759877,0,0,0,1,0,0,1,0
254509,1786553446922.772066,0,0,0,1,0,0,1,0
254510,1786553446923.779153,0,0,0,1,0,0,1,0
254511,1786553446924.797142,0,0,0,1,0,0,1,0
254512,1786553446925.795729,0,0,0,1,0,0,1,0
254513,1786553446926.803415,0,0,0,1,0,0,1,0
254514,1786553446927.834905,0,0,0,1,0,0,1,0
254515,1786553446928.838290,0,0,0,1,0,0,1,0
254516,1786553446929.845479,0,0,0,1,0,0,1,0
254517,1786553446930.855467,0,0,0,1,0,0,1,0
254518,1786553446931.860554,0,0,0,1,0,0,1,0
254519,1786553446932.879743,0,0,0,1,0,0,1,0
254520,1786553446933.878830,0,0,0,1,0,0,1,0
254521,1786553446934.903916,0,0,0,1,0,0,1,0
254522,1786553446935.903201,0,0,0,1,0,0,1,0
254523,1786553446936.903888,0,0,0,1,0,0,1,0
254524,1786553446937.913176,0,0,0,1,0,0,1,0
254525,1786553446938.916363,0,0,0,1,0,0,1,0
254526,1786553446939.926350,0,0,0,1,0,0,1,0
254527,1786553446940.933236,0,0,0,1,0,0,1,0
254528,1786553446941.944623,0,0,0,1,0,0,1,0
254529,1786553446943.299341,0,0,0,1,0,0,1,0
254530,1786553446944.008804,0,0,0,1,0,0,1,0
254531,1786553446944.992090,0,0,0,1,0,0,1,0
254532,1786553446945.979976,0,0,0,1,0,0,1,0
254533,1786553446946.987863,0,0,0,1,0,0,1,0
254534,1786553446947.992650,0,0,0,1,0,0,1,0
254535,1786553446949.003638,0,0,0,1,0,0,1,0
254536,1786553446950.005225,0,0,0,1,0,0,1,0
254537,1786553446951.012011,0,0,0,1,0,0,1,0
254538,1786553446952.016699,0,0,0,1,0,0,1,0
254539,1786553446953.027387,0,0,0,1,0,0,1,0
254540,1786553446954.032073,0,0,0,1,0,0,1,0
254541,1786553446955.043261,0,0,0,1,0,0,1,0
254542,1786553446956.050149,0,0,0,1,0,0,1,0
254543,1786553446957.060138,0,0,0,1,0,0,1,0
254544,1786553446958.075127,0,0,0,1,0,0,1,0
254545,1786553446959.080313,0,0,0,1,0,0,1,0
254546,1786553446960.086001,0,0,0,1,0,0,1,0
254547,1786553446961.092488,0,0,0,1,0,0,1,0
254548,1786553446962.097877,0,0,0,1,0,0,1,0
254549,1786553446963.106865,0,0,0,1,0,0,1,0
254550,1786553446964.113952,0,0,0,1,0,0,1,0
254551,1786553446965.127041,0,0,0,1,0,0,1,0
254552,1786553446966.132728,0,0,0,1,0,0,1,0
254553,1786553446967.140315,0,0,0,1,0,0,1,0
254554,1786553446968.147403,0,0,0,1,0,0,1,0
254555,1786553446969.155091,0,0,0,1,0,0,1,0
254556,1786553446970.163479,0,0,0,1,0,0,1,0
254557,1786553446971.171767,0,0,0,1,0,0,1,0
254558,1786553446972.180155,0,0,0,1,0,0,1,0
254559,1786553446973.187944,0,0,0,1,0,0,1,0
254560,1786553446974.237638,0,0,0,1,0,0,1,0
254561,1786553446975.214622,0,0,0,1,0,0,1,0
254562,1786553446976.218309,0,0,0,1,0,0,1,0
254563,1786553446977.225497,0,0,0,1,0,0,1,0
254564,1786553446978.231984,0,0,0,1,0,0,1,0
254565,1786553446979.239572,0,0,0,1,0,0,1,0
254566,1786553446980.248860,0,0,0,1,0,0,1,0
254567,1786553446981.266948,0,0,0,1,0,0,1,0
254568,1786553446982.277534,0,0,0,1,0,0,1,0
254569,1786553446983.284122,0,0,0,1,0,0,1,0
254570,1786553446984.290909,0,0,0,1,0,0,1,0
254571,1786553446985.299797,0,0,0,1,0,0,1,0
254572,1786553446986.309085,0,0,0,1,0,0,1,0
254573,1786553446987.316074,0,0,0,1,0,0,1,0
254574,1786553446988.326962,0,0,0,1,0,0,1,0
254575,1786553446989.331351,0,0,0,1,0,0,1,0
254576,1786553446991.007796,0,0,0,1,0,0,1,0
254577,1786553446991.782863,0,0,0,1,0,0,1,0
254578,1786553446992.781249,0,0,0,1,0,0,1,0
254579,1786553446993.782735,0,0,0,1,0,0,1,0
254580,1786553446994.784122,0,0,0,1,0,0,1,0
254581,1786553446995.780508,0,0,0,1,0,0,1,0
254582,1786553446996.841301,0,0,0,1,0,0,1,0
254583,1786553446997.852489,0,0,0,1,0,0,1,0
254584,1786553446998.846675,0,0,0,1,0,0,1,0
254585,1786553446999.836663,0,0,0,1,0,0,1,0
254586,1786553447000.841850,0,0,0,1,0,0,1,0
254587,1786553447001.850938,0,0,0,1,0,0,1,0
254588,1786553447002.859826,0,0,0,1,0,0,1,0
254589,1786553447003.868112,0,0,0,1,0,0,1,0
254590,1786553447004.894301,0,0,0,1,0,0,1,0
254591,1786553447005.889187,0,0,0,1,0,0,1,0
254592,1786553447006.896375,0,0,0,1,0,0,1,0
254593,1786553447007.905963,0,0,0,1,0,0,1,0
254594,1786553447008.912550,0,0,0,1,0,0,1,0
254595,1786553447009.921737,0,0,0,1,0,0,1,0
254596,1786553447010.930125,0,0,0,1,0,0,1,0
254597,1786553447011.939412,0,0,0,1,0,0,1,0
254598,1786553447012.947099,0,0,0,1,0,0,1,0
254599,1786553447013.961886,0,0,0,1,0,0,1,0
254600,1786553447014.967574,0,0,0,1,0,0,1,0
254601,1786553447015.974362,0,0,0,1,0,0,1,0
254602,1786553447016.982750,0,0,0,1,0,0,1,0
254603,1786553447017.991438,0,0,0,1,0,0,1,0
254604,1786553447019.000125,0,0,0,1,0,0,1,0
254605,1786553447020.008413,0,0,0,1,0,0,1,0
254606,1786553447021.036303,0,0,0,1,0,0,1,0
254607,1786553447022.032190,0,0,0,1,0,0,1,0
254608,1786553447023.039378,0,0,0,1,0,0,1,0
254609,1786553447024.046265,0,0,0,1,0,0,1,0
254610,1786553447025.055853,0,0,0,1,0,0,1,0
254611,1786553447026.069641,0,0,0,1,0,0,1,0
254612,1786553447027.073628,0,0,0,1,0,0,1,0
254613,1786553447028.082316,0,0,0,1,0,0,1,0
254614,1786553447029.089703,0,0,0,1,0,0,1,0
254615,1786553447030.108991,0,0,0,1,0,0,1,0
254616,1786553447031.111379,0,0,0,1,0,0,1,0
254617,1786553447032.117665,0,0,0,1,0,0,1,0
254618,1786553447033.133654,0,0,0,1,0,0,1,0
254619,1786553447034.139941,0,0,0,1,0,0,1,0
254620,1786553447035.157630,0,0,0,1,0,0,1,0
254621,1786553447036.170418,0,0,0,1,0,0,1,0
254622,1786553447037.169706,0,0,0,1,0,0,1,0
254623,1786553447038.176594,0,0,0,1,0,0,1,0
254624,1786553447039.185581,0,0,0,1,0,0,1,0
254625,1786553447040.194270,0,0,0,1,0,0,1,0
254626,1786553447041.203958,0,0,0,1,0,0,1,0
254627,1786553447042.210445,0,0,0,1,0,0,1,0
254628,1786553447043.219732,0,0,0,1,0,0,1,0
254629,1786553447044.226119,0,0,0,1,0,0,1,0
254630,1786553447045.237608,0,0,0,1,0,0,1,0
254631,1786553447046.262396,0,0,0,1,0,0,1,0
254632,1786553447047.265584,0,0,0,1,0,0,1,0
254633,1786553447048.267971,0,0,0,1,0,0,1,0
254634,1786553447049.278259,0,0,0,1,0,0,1,0
254635,1786553447050.283946,0,0,0,1,0,0,1,0
254636,1786553447051.295934,0,0,0,1,0,0,1,0
254637,1786553447052.378627,0,0,0,1,0,0,1,0
254638,1786553447053.346910,0,0,0,1,0,0,1,0
254639,1786553447054.343397,0,0,0,1,0,0,1,0
254640,1786553447055.348683,0,0,0,1,0,0,1,0
254641,1786553447056.356772,0,0,0,1,0,0,1,0
254642,1786553447057.364659,0,0,0,1,0,0,1,0
254643,1786553447058.372145,0,0,0,1,0,0,1,0
254644,1786553447059.379333,0,0,0,1,0,0,1,0
254645,1786553447060.387321,0,0,0,1,0,0,1,0
254646,1786553447061.396409,0,0,0,1,0,0,1,0
254647,1786553447062.412597,0,0,0,1,0,0,1,0
254648,1786553447063.433087,0,0,0,1,0,0,1,0
254649,1786553447064.429873,0,0,0,1,0,0,1,0
254650,1786553447065.437961,0,0,0,1,0,0,1,0
254651,1786553447066.461150,0,0,0,1,0,0,1,0
254652,1786553447067.467036,0,0,0,1,0,0,1,0
254653,1786553447068.475723,0,0,0,1,0,0,1,0
254654,1786553447069.478810,0,0,0,1,0,0,1,0
254655,1786553447070.484297,0,0,0,1,0,0,1,0
254656,1786553447071.493686,0,0,0,1,0,0,1,0
254657,1786553447072.501273,0,0,0,1,0,0,1,0
254658,1786553447073.513061,0,0,0,1,0,0,1,0
254659,1786553447074.517249,0,0,0,1,0,0,1,0
254660,1786553447075.525836,0,0,0,1,0,0,1,0
254661,1786553447076.539223,0,0,0,1,0,0,1,0
254662,1786553447077.544211,0,0,0,1,0,0,1,0
254663,1786553447078.551998,0,0,0,1,0,0,1,0
254664,1786553447079.576387,0,0,0,1,0,0,1,0
254665,1786553447080.579674,0,0,0,1,0,0,1,0
254666,1786553447081.587062,0,0,0,1,0,0,1,0
254667,1786553447082.669056,0,0,0,1,0,0,1,0
254668,1786553447083.676444,0,0,0,1,0,0,1,0
254669,1786553447084.672531,0,0,0,1,0,0,1,0
254670,1786553447085.735624,0,0,0,1,0,0,1,0
254671,1786553447086.763914,0,0,0,1,0,0,1,0
254672,1786553447087.785303,0,0,0,1,0,0,1,0
254673,1786553447088.781590,0,0,0,1,0,0,1,0
254674,1786553447089.757876,0,0,0,1,0,0,1,0
254675,1786553447090.794567,0,0,0,1,0,0,1,0
254676,1786553447091.792752,0,0,0,1,0,0,1,0
254677,1786553447092.867945,0,0,0,1,0,0,1,0
254678,1786553447094.066749,0,0,0,1,0,0,1,0
254679,1786553447094.909923,0,0,0,1,0,0,1,0
254680,1786553447095.934512,0,0,0,1,0,0,1,0
254681,1786553447096.944299,0,0,0,1,0,0,1,0
254682,1786553447098.256613,0,0,0,1,0,0,1,0
254683,1786553447099.291503,0,0,0,1,0,0,1,0
254684,1786553447100.270688,0,0,0,1,0,0,1,0
254685,1786553447101.274274,0,0,0,1,0,0,1,0
254686,1786553447102.310965,0,0,0,1,0,0,1,0
254687,1786553447103.298750,0,0,0,1,0,0,1,0
254688,1786553447104.308137,0,0,0,1,0,0,1,0
254689,1786553447105.318626,0,0,0,1,0,0,1,0
254690,1786553447106.329314,0,0,0,1,0,0,1,0
254691,1786553447107.340502,0,0,0,1,0,0,1,0
254692,1786553447108.344489,0,0,0,1,0,0,1,0
254693,1786553447109.356377,0,0,0,1,0,0,1,0
254694,1786553447110.385468,0,0,0,1,0,0,1,0
254695,1786553447111.399658,0,0,0,1,0,0,1,0
254696,1786553447112.396744,0,0,0,1,0,0,1,0
254697,1786553447113.402731,0,0,0,1,0,0,1,0
254698,1786553447114.419319,0,0,0,1,0,0,1,0
254699,1786553447115.422106,0,0,0,1,0,0,1,0
254700,1786553447116.435995,0,0,0,1,0,0,1,0
254701,1786553447117.441482,0,0,0,1,0,0,1,0
254702,1786553447118.448870,0,0,0,1,0,0,1,0
254703,1786553447119.459958,0,0,0,1,0,0,1,0
254704,1786553447120.469145,0,0,0,1,0,0,1,0
254705,1786553447121.482631,0,0,0,1,0,0,1,0
254706,1786553447122.485518,0,0,0,1,0,0,1,0
254707,1786553447123.493306,0,0,0,1,0,0,1,0
254708,1786553447124.503094,0,0,0,1,0,0,1,0
254709,1786553447125.514681,0,0,0,1,0,0,1,0
254710,1786553447126.528269,0,0,0,1,0,0,1,0
254711,1786553447127.549859,0,0,0,1,0,0,1,0
254712,1786553447128.616753,0,0,0,1,0,0,1,0
254713,1786553447129.628139,0,0,0,1,0,0,1,0
254714,1786553447130.649130,0,0,0,1,0,0,1,0
254715,1786553447131.667320,0,0,0,1,0,0,1,0
254716,1786553447132.645404,0,0,0,1,0,0,1,0
254717,1786553447133.703898,0,0,0,1,0,0,1,0
254718,1786553447134.719086,0,0,0,1,0,0,1,0
254719,1786553447135.734276,0,0,0,1,0,0,1,0
254720,1786553447136.745863,0,0,0,1,0,0,1,0
254721,1786553447137.754854,0,0,0,1,0,0,1,0
254722,1786553447138.742739,0,0,0,1,0,0,1,0
254723,1786553447139.741826,0,0,0,1,0,0,1,0
254724,1786553447140.750115,0,0,0,1,0,0,1,0
254725,1786553447141.770804,0,0,0,1,0,0,1,0
254726,1786553447142.800493,0,0,0,1,0,0,1,0
254727,1786553447143.851684,0,0,0,1,0,0,1,0
254728,1786553447144.866473,0,0,0,1,0,0,1,0
254729,1786553447145.843156,0,0,0,1,0,0,1,0
254730,1786553447146.839743,0,0,0,1,0,0,1,0
254731,1786553447147.845730,0,0,0,1,0,0,1,0
254732,1786553447148.859819,0,0,0,1,0,0,1,0
254733,1786553447149.871808,0,0,0,1,0,0,1,0
254734,1786553447150.876694,0,0,0,1,0,0,1,0
254735,1786553447151.882881,0,0,0,1,0,0,1,0
254736,1786553447152.889668,0,0,0,1,0,0,1,0
254737,1786553447153.947059,0,0,0,1,0,0,1,0
254738,1786553447154.937244,0,0,0,1,0,0,1,0
254739,1786553447155.927128,0,0,0,1,0,0,1,0
254740,1786553447156.940918,0,0,0,1,0,0,1,0
